[2026-03-13T22:56:28.433Z] > command requires scopes: ["email","openid","https://www.googleapis.com/auth/cloudplatformprojects.readonly","https://www.googleapis.com/auth/firebase","https://www.googleapis.com/auth/cloud-platform"]
[2026-03-13T22:56:28.434Z] > authorizing via signed-in user (ccastro.fuxion@gmail.com)
[2026-03-13T22:56:28.435Z] [iam] checking project mitalento-ia for permissions ["datastore.indexes.create","datastore.indexes.delete","datastore.indexes.list","datastore.indexes.update","firebase.projects.get","firebasehosting.sites.update","firebaserules.releases.create","firebaserules.releases.update","firebaserules.rulesets.create"]
[2026-03-13T22:56:28.436Z] Checked if tokens are valid: false, expires at: 1773439333759
[2026-03-13T22:56:28.437Z] Checked if tokens are valid: false, expires at: 1773439333759
[2026-03-13T22:56:28.437Z] > refreshing access token with scopes: []
[2026-03-13T22:56:28.439Z] >>> [apiv2][query] POST https://www.googleapis.com/oauth2/v3/token [none]
[2026-03-13T22:56:28.439Z] >>> [apiv2][body] POST https://www.googleapis.com/oauth2/v3/token [omitted]
[2026-03-13T22:56:28.972Z] <<< [apiv2][status] POST https://www.googleapis.com/oauth2/v3/token 200
[2026-03-13T22:56:28.973Z] <<< [apiv2][body] POST https://www.googleapis.com/oauth2/v3/token [omitted]
[2026-03-13T22:56:28.980Z] >>> [apiv2][query] POST https://cloudresourcemanager.googleapis.com/v1/projects/mitalento-ia:testIamPermissions [none]
[2026-03-13T22:56:28.980Z] >>> [apiv2][(partial)header] POST https://cloudresourcemanager.googleapis.com/v1/projects/mitalento-ia:testIamPermissions  x-goog-user-project=mitalento-ia
[2026-03-13T22:56:28.980Z] >>> [apiv2][body] POST https://cloudresourcemanager.googleapis.com/v1/projects/mitalento-ia:testIamPermissions {"permissions":["datastore.indexes.create","datastore.indexes.delete","datastore.indexes.list","datastore.indexes.update","firebase.projects.get","firebasehosting.sites.update","firebaserules.releases.create","firebaserules.releases.update","firebaserules.rulesets.create"]}
[2026-03-13T22:56:29.676Z] <<< [apiv2][status] POST https://cloudresourcemanager.googleapis.com/v1/projects/mitalento-ia:testIamPermissions 200
[2026-03-13T22:56:29.677Z] <<< [apiv2][body] POST https://cloudresourcemanager.googleapis.com/v1/projects/mitalento-ia:testIamPermissions {"permissions":["datastore.indexes.create","datastore.indexes.delete","datastore.indexes.list","datastore.indexes.update","firebase.projects.get","firebasehosting.sites.update","firebaserules.releases.create","firebaserules.releases.update","firebaserules.rulesets.create"]}
[2026-03-13T22:56:29.678Z] Checked if tokens are valid: true, expires at: 1773446187973
[2026-03-13T22:56:29.678Z] Checked if tokens are valid: true, expires at: 1773446187973
[2026-03-13T22:56:29.678Z] >>> [apiv2][query] GET https://firebase.googleapis.com/v1beta1/projects/mitalento-ia [none]
[2026-03-13T22:56:30.414Z] <<< [apiv2][status] GET https://firebase.googleapis.com/v1beta1/projects/mitalento-ia 200
[2026-03-13T22:56:30.414Z] <<< [apiv2][body] GET https://firebase.googleapis.com/v1beta1/projects/mitalento-ia {"projectId":"mitalento-ia","projectNumber":"836679235433","displayName":"Mi-Talento-Urbanity","name":"projects/mitalento-ia","resources":{"hostingSite":"mitalento-ia"},"state":"ACTIVE","etag":"1_6584d5ad-ff7f-4cf8-a660-f9fc2a75217d"}
[2026-03-13T22:56:33.589Z] defaultcredentials: writing to file C:\Users\cesar\AppData\Roaming\firebase\ccastro_fuxion_gmail.com_application_default_credentials.json
[2026-03-13T22:56:33.590Z] Checked if tokens are valid: true, expires at: 1773446187973
[2026-03-13T22:56:33.590Z] Checked if tokens are valid: true, expires at: 1773446187973
[2026-03-13T22:56:33.591Z] >>> [apiv2][query] GET https://firebasehosting.googleapis.com/v1beta1/projects/mitalento-ia/sites pageToken=&pageSize=10
[2026-03-13T22:56:38.480Z] <<< [apiv2][status] GET https://firebasehosting.googleapis.com/v1beta1/projects/mitalento-ia/sites 200
[2026-03-13T22:56:38.480Z] <<< [apiv2][body] GET https://firebasehosting.googleapis.com/v1beta1/projects/mitalento-ia/sites {"sites":[{"name":"projects/mitalento-ia/sites/mitalento-ia","defaultUrl":"https://mitalento-ia.web.app","appId":"1:836679235433:web:c96b5cf37ca43b4a6beff8","type":"DEFAULT_SITE"}]}
[2026-03-13T22:56:38.481Z] Checked if tokens are valid: true, expires at: 1773446187973
[2026-03-13T22:56:38.481Z] Checked if tokens are valid: true, expires at: 1773446187973
[2026-03-13T22:56:38.481Z] >>> [apiv2][query] GET https://firebase.googleapis.com/v1beta1/projects/-/webApps/1:836679235433:web:c96b5cf37ca43b4a6beff8/config [none]
[2026-03-13T22:56:39.455Z] <<< [apiv2][status] GET https://firebase.googleapis.com/v1beta1/projects/-/webApps/1:836679235433:web:c96b5cf37ca43b4a6beff8/config 200
[2026-03-13T22:56:39.455Z] <<< [apiv2][body] GET https://firebase.googleapis.com/v1beta1/projects/-/webApps/1:836679235433:web:c96b5cf37ca43b4a6beff8/config {"projectId":"mitalento-ia","appId":"1:836679235433:web:c96b5cf37ca43b4a6beff8","storageBucket":"mitalento-ia.firebasestorage.app","apiKey":"AIzaSyC3tQNcQKcx2Yx_KcXlM78tteHuk7B0kAM","authDomain":"mitalento-ia.firebaseapp.com","messagingSenderId":"836679235433","measurementId":"G-TVKZ25XF6P","projectNumber":"836679235433","version":"2"}

   Thank you for trying our early preview of Next.js support on Firebase Hosting.
   During the preview, support is best-effort and breaking changes can be expected. Proceed with caution.
   The integration is known to work with Next.js version 12 - 15.0. You may encounter errors.

   Documentation: https://firebase.google.com/docs/hosting/frameworks/nextjs
   File a bug: https://github.com/firebase/firebase-tools/issues/new?template=bug_report.md
   Submit a feature request: https://github.com/firebase/firebase-tools/issues/new?template=feature_request.md

   We'd love to learn from you. Express your interest in helping us shape the future of Firebase Hosting: https://goo.gle/41enW5X

[2026-03-13T22:56:46.588Z] Checked if tokens are valid: true, expires at: 1773446187973
[2026-03-13T22:56:46.588Z] Checked if tokens are valid: true, expires at: 1773446187973
[2026-03-13T22:56:46.588Z] >>> [apiv2][query] GET https://firebasehosting.googleapis.com/v1beta1/projects/mitalento-ia/sites/mitalento-ia [none]
[2026-03-13T22:56:49.156Z] <<< [apiv2][status] GET https://firebasehosting.googleapis.com/v1beta1/projects/mitalento-ia/sites/mitalento-ia 200
[2026-03-13T22:56:49.157Z] <<< [apiv2][body] GET https://firebasehosting.googleapis.com/v1beta1/projects/mitalento-ia/sites/mitalento-ia {"name":"projects/mitalento-ia/sites/mitalento-ia","defaultUrl":"https://mitalento-ia.web.app","appId":"1:836679235433:web:c96b5cf37ca43b4a6beff8","type":"DEFAULT_SITE"}
▲ Next.js 16.1.6 (Turbopack)

- Environments: .env.local, .env.production, .env


⚠ The "middleware" file convention is deprecated. Please use "proxy" instead. Learn more: https://nextjs.org/docs/messages/middleware-to-proxy

  Creating an optimized production build ...



[0.69ms] [@tailwindcss/postcss] src\app\admin\users\page.module.css
[0.66ms]   ↳ Quick bail check




[0.23ms] [@tailwindcss/postcss] src\app\paths\[pathId]\page.module.css
[0.21ms]   ↳ Quick bail check




[0.47ms] [@tailwindcss/postcss] src\app\modules\[id]\page.module.css
[0.44ms]   ↳ Quick bail check




[0.57ms] [@tailwindcss/postcss] src\app\profile\page.module.css
[0.54ms]   ↳ Quick bail check




[0.07ms] [@tailwindcss/postcss] src\components\StudentNavBar.module.css
[0.06ms]   ↳ Quick bail check




[0.24ms] [@tailwindcss/postcss] src\app\progress\page.module.css
[0.20ms]   ↳ Quick bail check




[0.07ms] [@tailwindcss/postcss] src\app\compromiso\page.module.css
[0.06ms]   ↳ Quick bail check




[0.27ms] [@tailwindcss/postcss] src\app\certificate\page.module.css
[0.23ms]   ↳ Quick bail check



[0.06ms] [@tailwindcss/postcss] src\components\LoadingScreen.module.css

[0.05ms]   ↳ Quick bail check




[0.27ms] [@tailwindcss/postcss] src\app\dashboard\page.module.css
[0.26ms]   ↳ Quick bail check




[0.18ms] [@tailwindcss/postcss] src\app\certificacion\page.module.css
[0.17ms]   ↳ Quick bail check



[0.11ms] [@tailwindcss/postcss] src\app\leaderboard\page.module.css
[0.10ms]   ↳ Quick bail check


[0.07ms] [@tailwindcss/postcss] src\components\Breadcrumbs.module.css
[0.05ms]   ↳ Quick bail check


[0.09ms] [@tailwindcss/postcss] src\app\admin\certifications\page.module.css
[0.08ms]   ↳ Quick bail check


[0.05ms] [@tailwindcss/postcss] src\components\Toast.module.css
[0.04ms]   ↳ Quick bail check


[0.04ms] [@tailwindcss/postcss] src\components\Confetti.module.css
[0.03ms]   ↳ Quick bail check


[0.11ms] [@tailwindcss/postcss] src\app\admin\modules\page.module.css
[0.11ms]   ↳ Quick bail check


[572.08ms] [@tailwindcss/postcss] src\app\globals.css
[  0.01ms]   ↳ Quick bail check
[ 75.06ms]   ↳ Setup compiler
[  2.49ms]     ↳ PostCSS AST -> Tailwind CSS AST
[ 72.34ms]     ↳ Create compiler
[  0.26ms]   ↳ Register full rebuild paths
[ 17.62ms]   ↳ Setup scanner
[129.61ms]   ↳ Scan for candidates
[ 98.72ms]   ↳ Register dependency messages
[149.81ms]   ↳ Build utilities
[ 89.39ms]   ↳ Optimization
[  1.59ms]     ↳ AST -> CSS
[ 61.98ms]     ↳ Lightning CSS
[ 25.79ms]     ↳ CSS -> PostCSS AST
[ 10.72ms]   ↳ Update PostCSS AST




[0.54ms] [@tailwindcss/postcss] src\app\admin\reportes-certificacion\page.module.css
[0.51ms]   ↳ Quick bail check


✓ Compiled successfully in 13.5s

  Running TypeScript ...

  Collecting page data using 11 workers ...

  Generating static pages using 11 workers (0/31) ...

  Generating static pages using 11 workers (7/31) 

  Generating static pages using 11 workers (15/31) 

  Generating static pages using 11 workers (23/31) 

✓ Generating static pages using 11 workers (31/31) in 852.1ms

  Finalizing page optimization ...



Route (app)
┌ ○ /
├ ○ /_not-found
├ ƒ /admin
├ ƒ /admin/certifications
├ ƒ /admin/courses/[courseId]/modules
├ ƒ /admin/migration
├ ƒ /admin/modules
├ ƒ /admin/paths
├ ƒ /admin/paths/[pathId]
├ ƒ /admin/reportes-certificacion
├ ƒ /admin/reports
├ ƒ /admin/sofia
├ ƒ /admin/users
├ ƒ /api/admin/users
├ ƒ /api/admin/users/[id]
├ ƒ /api/auth/me
├ ƒ /api/auth/session
├ ƒ /api/certification-status
├ ƒ /api/chat
├ ƒ /api/generate-certificate
├ ƒ /api/generate-quiz
├ ƒ /api/leaderboard
├ ƒ /api/transcribe
├ ○ /certificacion
├ ○ /certificate
├ ○ /compromiso
├ ƒ /courses/[courseId]
├ ƒ /dashboard
├ ○ /leaderboard
├ ○ /modules
├ ƒ /modules/[id]
├ ƒ /paths/[pathId]
├ ○ /profile
├ ○ /progress
├ ○ /sofia
└ ƒ /verify/[code]


ƒ Proxy (Middleware)


○  (Static)   prerendered as static content
ƒ  (Dynamic)  server-rendered on demand


Building a Cloud Function to run this application. This is needed due to:
 • middleware
 • non-static component /admin/certifications/page
 • non-static component /admin/courses/[courseId]/modules/page
 • non-static component /admin/migration/page
 • non-static component /admin/modules/page
[2026-03-13T22:57:22.246Z]  • non-static component /admin/page
[2026-03-13T22:57:22.246Z]  • non-static component /admin/paths/[pathId]/page
[2026-03-13T22:57:22.246Z]  • non-static component /admin/paths/page
[2026-03-13T22:57:22.246Z]  • non-static component /admin/reportes-certificacion/page
[2026-03-13T22:57:22.246Z]  • non-static component /admin/reports/page
[2026-03-13T22:57:22.246Z]  • non-static component /admin/sofia/page
[2026-03-13T22:57:22.246Z]  • non-static component /admin/users/page
[2026-03-13T22:57:22.246Z]  • non-static component /api/admin/users/[id]/route
[2026-03-13T22:57:22.246Z]  • non-static component /api/admin/users/route
[2026-03-13T22:57:22.246Z]  • non-static component /api/auth/me/route
[2026-03-13T22:57:22.246Z]  • non-static component /api/auth/session/route
[2026-03-13T22:57:22.246Z]  • non-static component /api/certification-status/route
[2026-03-13T22:57:22.246Z]  • non-static component /api/chat/route
[2026-03-13T22:57:22.246Z]  • non-static component /api/generate-certificate/route
[2026-03-13T22:57:22.246Z]  • non-static component /api/generate-quiz/route
[2026-03-13T22:57:22.246Z]  • non-static component /api/leaderboard/route
[2026-03-13T22:57:22.246Z]  • non-static component /api/transcribe/route
[2026-03-13T22:57:22.246Z]  • non-static component /courses/[courseId]/page
[2026-03-13T22:57:22.246Z]  • non-static component /dashboard/page
[2026-03-13T22:57:22.246Z]  • non-static component /modules/[id]/page
[2026-03-13T22:57:22.246Z]  • non-static component /paths/[pathId]/page
[2026-03-13T22:57:22.246Z]  • non-static component /verify/[code]/page

[2026-03-13T22:57:22.458Z] skipping /_global-error due to it matching an unsupported rewrite/redirect/header or middlware
[2026-03-13T22:57:22.458Z] skipping /_not-found due to it matching an unsupported rewrite/redirect/header or middlware
[2026-03-13T22:57:22.458Z] skipping /certificacion due to it matching an unsupported rewrite/redirect/header or middlware
[2026-03-13T22:57:22.458Z] skipping /certificate due to it matching an unsupported rewrite/redirect/header or middlware
[2026-03-13T22:57:22.458Z] skipping /compromiso due to it matching an unsupported rewrite/redirect/header or middlware
[2026-03-13T22:57:22.458Z] skipping /leaderboard due to it matching an unsupported rewrite/redirect/header or middlware
[2026-03-13T22:57:22.458Z] skipping /modules due to it matching an unsupported rewrite/redirect/header or middlware
[2026-03-13T22:57:22.459Z] skipping / due to it matching an unsupported rewrite/redirect/header or middlware
[2026-03-13T22:57:22.459Z] skipping /profile due to it matching an unsupported rewrite/redirect/header or middlware
[2026-03-13T22:57:22.459Z] skipping /progress due to it matching an unsupported rewrite/redirect/header or middlware
[2026-03-13T22:57:22.459Z] skipping /sofia due to it matching an unsupported rewrite/redirect/header or middlware
[2026-03-13T22:57:22.459Z] skipping /404 due to it matching an unsupported rewrite/redirect/header or middlware
[2026-03-13T22:57:22.459Z] skipping /500 due to it matching an unsupported rewrite/redirect/header or middlware
[2026-03-13T22:57:23.394Z] Checked if tokens are valid: true, expires at: 1773446187973
[2026-03-13T22:57:23.395Z] Checked if tokens are valid: true, expires at: 1773446187973
[2026-03-13T22:57:23.395Z] >>> [apiv2][query] GET https://firebasehosting.googleapis.com/v1beta1/projects/mitalento-ia/sites/mitalento-ia [none]
[2026-03-13T22:57:25.077Z] <<< [apiv2][status] GET https://firebasehosting.googleapis.com/v1beta1/projects/mitalento-ia/sites/mitalento-ia 200
[2026-03-13T22:57:25.078Z] <<< [apiv2][body] GET https://firebasehosting.googleapis.com/v1beta1/projects/mitalento-ia/sites/mitalento-ia {"name":"projects/mitalento-ia/sites/mitalento-ia","defaultUrl":"https://mitalento-ia.web.app","appId":"1:836679235433:web:c96b5cf37ca43b4a6beff8","type":"DEFAULT_SITE"}

up to date in 16s

105 packages are looking for funding
  run `npm fund` for details
[2026-03-13T22:57:46.908Z] [web frameworks] effective firebase.json:  {
  "hosting": [
    {
      "source": ".",
      "ignore": [
        "firebase.json",
        "**/.*",
        "**/node_modules/**"
      ],
      "frameworksBackend": {
        "region": "us-central1"
      },
      "site": "mitalento-ia",
      "rewrites": [
        {
          "source": "/**",
          "function": {
            "functionId": "ssrmitalentoia",
            "region": "us-central1",
            "pinTag": true
          }
        }
      ],
      "redirects": [],
      "headers": [
        {
          "source": "/sw.js",
          "headers": [
            {
              "key": "Cache-Control",
              "value": "public, max-age=0, must-revalidate"
            },
            {
              "key": "Service-Worker-Allowed",
              "value": "/"
            }
          ]
        },
        {
          "source": "/(.*)",
          "headers": [
            {
              "key": "X-Content-Type-Options",
              "value": "nosniff"
            },
            {
              "key": "X-Frame-Options",
              "value": "DENY"
            },
            {
              "key": "Referrer-Policy",
              "value": "strict-origin-when-cross-origin"
            },
            {
              "key": "Permissions-Policy",
              "value": "camera=(), microphone=(), geolocation=()"
            },
            {
              "key": "Content-Security-Policy",
              "value": "default-src 'self'; script-src 'self' 'unsafe-inline' 'unsafe-eval'; style-src 'self' 'unsafe-inline'; img-src 'self' https: data: blob:; font-src 'self' data:; connect-src 'self' https://*.googleapis.com https://*.google.com https://*.firebaseio.com wss://*.firebaseio.com https://*.firebasestorage.app https://*.firebaseapp.com; media-src 'self' https: blob:; frame-src https://mitalento-ia.firebaseapp.com; frame-ancestors 'none'; object-src 'none'; base-uri 'self'"
            }
          ]
        },
        {
          "source": "/certificacion",
          "headers": [
            {
              "key": "x-nextjs-stale-time",
              "value": "300"
            },
            {
              "key": "x-nextjs-prerender",
              "value": "1"
            },
            {
              "key": "x-next-cache-tags",
              "value": "_N_T_/layout,_N_T_/certificacion/layout,_N_T_/certificacion/page,_N_T_/certificacion"
            }
          ]
        },
        {
          "source": "/_not-found",
          "headers": [
            {
              "key": "x-nextjs-stale-time",
              "value": "300"
            },
            {
              "key": "x-nextjs-prerender",
              "value": "1"
            },
            {
              "key": "x-next-cache-tags",
              "value": "_N_T_/layout,_N_T_/_not-found/layout,_N_T_/_not-found/page,_N_T_/_not-found"
            }
          ]
        },
        {
          "source": "/compromiso",
          "headers": [
            {
              "key": "x-nextjs-stale-time",
              "value": "300"
            },
            {
              "key": "x-nextjs-prerender",
              "value": "1"
            },
            {
              "key": "x-next-cache-tags",
              "value": "_N_T_/layout,_N_T_/compromiso/layout,_N_T_/compromiso/page,_N_T_/compromiso"
            }
          ]
        },
        {
          "source": "/favicon.ico",
          "headers": [
            {
              "key": "cache-control",
              "value": "public, max-age=0, must-revalidate"
            },
            {
              "key": "content-type",
              "value": "image/x-icon"
            },
            {
              "key": "x-next-cache-tags",
              "value": "_N_T_/layout,_N_T_/favicon.ico/layout,_N_T_/favicon.ico/route,_N_T_/favicon.ico"
            }
          ]
        },
        {
          "source": "/progress",
          "headers": [
            {
              "key": "x-nextjs-stale-time",
              "value": "300"
            },
            {
              "key": "x-nextjs-prerender",
              "value": "1"
            },
            {
              "key": "x-next-cache-tags",
              "value": "_N_T_/layout,_N_T_/progress/layout,_N_T_/progress/page,_N_T_/progress"
            }
          ]
        },
        {
          "source": "/certificate",
          "headers": [
            {
              "key": "x-nextjs-stale-time",
              "value": "300"
            },
            {
              "key": "x-nextjs-prerender",
              "value": "1"
            },
            {
              "key": "x-next-cache-tags",
              "value": "_N_T_/layout,_N_T_/certificate/layout,_N_T_/certificate/page,_N_T_/certificate"
            }
          ]
        },
        {
          "source": "/leaderboard",
          "headers": [
            {
              "key": "x-nextjs-stale-time",
              "value": "300"
            },
            {
              "key": "x-nextjs-prerender",
              "value": "1"
            },
            {
              "key": "x-next-cache-tags",
              "value": "_N_T_/layout,_N_T_/leaderboard/layout,_N_T_/leaderboard/page,_N_T_/leaderboard"
            }
          ]
        },
        {
          "source": "/modules",
          "headers": [
            {
              "key": "x-nextjs-stale-time",
              "value": "300"
            },
            {
              "key": "x-nextjs-prerender",
              "value": "1"
            },
            {
              "key": "x-next-cache-tags",
              "value": "_N_T_/layout,_N_T_/modules/layout,_N_T_/modules/page,_N_T_/modules"
            }
          ]
        },
        {
          "source": "/sofia",
          "headers": [
            {
              "key": "x-nextjs-stale-time",
              "value": "300"
            },
            {
              "key": "x-nextjs-prerender",
              "value": "1"
            },
            {
              "key": "x-next-cache-tags",
              "value": "_N_T_/layout,_N_T_/sofia/layout,_N_T_/sofia/page,_N_T_/sofia"
            }
          ]
        },
        {
          "source": "/_global-error",
          "headers": [
            {
              "key": "x-nextjs-stale-time",
              "value": "300"
            },
            {
              "key": "x-nextjs-prerender",
              "value": "1"
            },
            {
              "key": "x-next-cache-tags",
              "value": "_N_T_/layout,_N_T_/_global-error/layout,_N_T_/_global-error/page,_N_T_/_global-error"
            }
          ]
        },
        {
          "source": "/profile",
          "headers": [
            {
              "key": "x-nextjs-stale-time",
              "value": "300"
            },
            {
              "key": "x-nextjs-prerender",
              "value": "1"
            },
            {
              "key": "x-next-cache-tags",
              "value": "_N_T_/layout,_N_T_/profile/layout,_N_T_/profile/page,_N_T_/profile"
            }
          ]
        },
        {
          "source": "/**/*.[jt]s",
          "headers": [
            {
              "key": "Set-Cookie",
              "value": "__FIREBASE_DEFAULTS__=eyJjb25maWciOnsicHJvamVjdElkIjoibWl0YWxlbnRvLWlhIiwiYXBwSWQiOiIxOjgzNjY3OTIzNTQzMzp3ZWI6Yzk2YjVjZjM3Y2E0M2I0YTZiZWZmOCIsInN0b3JhZ2VCdWNrZXQiOiJtaXRhbGVudG8taWEuZmlyZWJhc2VzdG9yYWdlLmFwcCIsImFwaUtleSI6IkFJemFTeUMzdFFOY1FLY3gyWXhfS2NYbE03OHR0ZUh1azdCMGtBTSIsImF1dGhEb21haW4iOiJtaXRhbGVudG8taWEuZmlyZWJhc2VhcHAuY29tIiwibWVzc2FnaW5nU2VuZGVySWQiOiI4MzY2NzkyMzU0MzMiLCJtZWFzdXJlbWVudElkIjoiRy1UVktaMjVYRjZQIiwicHJvamVjdE51bWJlciI6IjgzNjY3OTIzNTQzMyIsInZlcnNpb24iOiIyIn0sIl9hdXRoVG9rZW5TeW5jVVJMIjoiL19fc2Vzc2lvbiJ9; SameSite=Strict; Expires=2028-02-06T09:37:46.907Z; Path=/;"
            }
          ]
        }
      ],
      "cleanUrls": true,
      "trailingSlash": false,
      "public": ".firebase\\mitalento-ia\\hosting",
      "webFramework": "next_ssr"
    }
  ],
  "functions": [
    {
      "source": ".firebase\\mitalento-ia\\functions",
      "codebase": "firebase-frameworks-mitalento-ia"
    }
  ]
}
[2026-03-13T22:57:46.910Z] > command requires scopes: ["email","openid","https://www.googleapis.com/auth/cloudplatformprojects.readonly","https://www.googleapis.com/auth/firebase","https://www.googleapis.com/auth/cloud-platform"]
[2026-03-13T22:57:46.910Z] > authorizing via signed-in user (ccastro.fuxion@gmail.com)
[2026-03-13T22:57:46.911Z] [iam] checking project mitalento-ia for permissions ["cloudfunctions.functions.create","cloudfunctions.functions.delete","cloudfunctions.functions.get","cloudfunctions.functions.list","cloudfunctions.functions.update","cloudfunctions.operations.get","firebase.projects.get"]
[2026-03-13T22:57:46.912Z] Checked if tokens are valid: true, expires at: 1773446187973
[2026-03-13T22:57:46.912Z] Checked if tokens are valid: true, expires at: 1773446187973
[2026-03-13T22:57:46.912Z] >>> [apiv2][query] POST https://cloudresourcemanager.googleapis.com/v1/projects/mitalento-ia:testIamPermissions [none]
[2026-03-13T22:57:46.912Z] >>> [apiv2][(partial)header] POST https://cloudresourcemanager.googleapis.com/v1/projects/mitalento-ia:testIamPermissions  x-goog-user-project=mitalento-ia
[2026-03-13T22:57:46.913Z] >>> [apiv2][body] POST https://cloudresourcemanager.googleapis.com/v1/projects/mitalento-ia:testIamPermissions {"permissions":["cloudfunctions.functions.create","cloudfunctions.functions.delete","cloudfunctions.functions.get","cloudfunctions.functions.list","cloudfunctions.functions.update","cloudfunctions.operations.get","firebase.projects.get"]}
[2026-03-13T22:57:48.601Z] <<< [apiv2][status] POST https://cloudresourcemanager.googleapis.com/v1/projects/mitalento-ia:testIamPermissions 200
[2026-03-13T22:57:48.601Z] <<< [apiv2][body] POST https://cloudresourcemanager.googleapis.com/v1/projects/mitalento-ia:testIamPermissions {"permissions":["cloudfunctions.functions.create","cloudfunctions.functions.delete","cloudfunctions.functions.get","cloudfunctions.functions.list","cloudfunctions.functions.update","cloudfunctions.operations.get","firebase.projects.get"]}

=== Deploying to 'mitalento-ia'...

i  deploying functions, storage, firestore, hosting 
[2026-03-13T22:57:48.604Z] Checked if tokens are valid: true, expires at: 1773446187973
[2026-03-13T22:57:48.604Z] Checked if tokens are valid: true, expires at: 1773446187973
[2026-03-13T22:57:48.605Z] >>> [apiv2][query] GET https://cloudresourcemanager.googleapis.com/v1/projects/mitalento-ia [none]
[2026-03-13T22:57:48.969Z] <<< [apiv2][status] GET https://cloudresourcemanager.googleapis.com/v1/projects/mitalento-ia 200
[2026-03-13T22:57:48.969Z] <<< [apiv2][body] GET https://cloudresourcemanager.googleapis.com/v1/projects/mitalento-ia {"projectNumber":"836679235433","projectId":"mitalento-ia","lifecycleState":"ACTIVE","name":"Mi-Talento-Urbanity","labels":{"firebase":"enabled","firebase-core":"disabled"},"createTime":"2026-02-07T05:55:35.959404Z"}
i  functions: preparing codebase firebase-frameworks-mitalento-ia for deployment 
i  functions: ensuring required API cloudfunctions.googleapis.com is enabled... 
i  functions: ensuring required API cloudbuild.googleapis.com is enabled... 
i  artifactregistry: ensuring required API artifactregistry.googleapis.com is enabled... 
[2026-03-13T22:57:48.971Z] Checked if tokens are valid: true, expires at: 1773446187973
[2026-03-13T22:57:48.971Z] Checked if tokens are valid: true, expires at: 1773446187973
[2026-03-13T22:57:48.971Z] >>> [apiv2][query] GET https://firebase.googleapis.com/v1beta1/projects/mitalento-ia/adminSdkConfig [none]
[2026-03-13T22:57:51.228Z] <<< [apiv2][status] GET https://firebase.googleapis.com/v1beta1/projects/mitalento-ia/adminSdkConfig 200
[2026-03-13T22:57:51.229Z] <<< [apiv2][body] GET https://firebase.googleapis.com/v1beta1/projects/mitalento-ia/adminSdkConfig {"projectId":"mitalento-ia","storageBucket":"mitalento-ia.firebasestorage.app"}
[2026-03-13T22:57:51.229Z] Checked if tokens are valid: true, expires at: 1773446187973
[2026-03-13T22:57:51.229Z] Checked if tokens are valid: true, expires at: 1773446187973
[2026-03-13T22:57:51.229Z] >>> [apiv2][query] GET https://runtimeconfig.googleapis.com/v1beta1/projects/mitalento-ia/configs [none]
[2026-03-13T22:57:52.861Z] <<< [apiv2][status] GET https://runtimeconfig.googleapis.com/v1beta1/projects/mitalento-ia/configs 200
[2026-03-13T22:57:52.861Z] <<< [apiv2][body] GET https://runtimeconfig.googleapis.com/v1beta1/projects/mitalento-ia/configs {}
[2026-03-13T22:57:52.864Z] Validating nodejs source
!  functions: package.json indicates an outdated version of firebase-functions. Please upgrade using npm install --save firebase-functions@latest in your functions directory. 
!  functions: Please note that there will be breaking changes when you upgrade. 
[2026-03-13T22:57:55.917Z] > [functions] package.json contents: {
  "name": "mi-talento-ia",
  "version": "0.1.0",
  "private": true,
  "dependencies": {
    "@google/generative-ai": "^0.24.1",
    "@types/qrcode": "^1.5.6",
    "@upstash/ratelimit": "^2.0.8",
    "@upstash/redis": "^1.36.3",
    "dotenv": "^17.3.1",
    "firebase": "^12.9.0",
    "firebase-admin": "^13.6.1",
    "lucide-react": "^0.563.0",
    "next": "16.1.6",
    "qrcode": "^1.5.4",
    "react": "19.2.3",
    "react-dom": "19.2.3",
    "react-markdown": "^10.1.0",
    "firebase-frameworks": "^0.11.0",
    "firebase-functions": "^6.0.1"
  },
  "main": "server.js",
  "engines": {
    "node": "22"
  }
}
[2026-03-13T22:57:55.918Z] Building nodejs source
i  functions: Loading and analyzing source code for codebase firebase-frameworks-mitalento-ia to determine what to deploy 
[2026-03-13T22:57:55.919Z] Could not find functions.yaml. Must use http discovery
[2026-03-13T22:57:55.929Z] Found firebase-functions binary at 'C:\Users\cesar\mitalento-ia\.firebase\mitalento-ia\functions\node_modules\.bin\firebase-functions'
Serving at port 8391

[2026-03-13T22:57:56.754Z] Got response from /__/functions.yaml {"endpoints":{"ssrmitalentoia":{"availableMemoryMb":null,"timeoutSeconds":null,"minInstances":null,"maxInstances":null,"ingressSettings":null,"concurrency":null,"serviceAccountEmail":null,"vpc":null,"platform":"gcfv2","region":["us-central1"],"labels":{},"httpsTrigger":{},"entryPoint":"ssrmitalentoia"}},"specVersion":"v1alpha1","requiredAPIs":[],"extensions":{}}
i  extensions: ensuring required API firebaseextensions.googleapis.com is enabled... 
[2026-03-13T22:58:00.799Z] > command requires scopes: ["email","openid","https://www.googleapis.com/auth/cloudplatformprojects.readonly","https://www.googleapis.com/auth/firebase","https://www.googleapis.com/auth/cloud-platform"]
[2026-03-13T22:58:00.800Z] > authorizing via signed-in user (ccastro.fuxion@gmail.com)
[2026-03-13T22:58:00.800Z] [iam] checking project mitalento-ia for permissions ["firebase.projects.get","firebaseextensions.instances.list"]
[2026-03-13T22:58:00.800Z] Checked if tokens are valid: true, expires at: 1773446187973
[2026-03-13T22:58:00.800Z] Checked if tokens are valid: true, expires at: 1773446187973
[2026-03-13T22:58:00.800Z] >>> [apiv2][query] POST https://cloudresourcemanager.googleapis.com/v1/projects/mitalento-ia:testIamPermissions [none]
[2026-03-13T22:58:00.800Z] >>> [apiv2][(partial)header] POST https://cloudresourcemanager.googleapis.com/v1/projects/mitalento-ia:testIamPermissions  x-goog-user-project=mitalento-ia
[2026-03-13T22:58:00.800Z] >>> [apiv2][body] POST https://cloudresourcemanager.googleapis.com/v1/projects/mitalento-ia:testIamPermissions {"permissions":["firebase.projects.get","firebaseextensions.instances.list"]}
[2026-03-13T22:58:04.285Z] <<< [apiv2][status] POST https://cloudresourcemanager.googleapis.com/v1/projects/mitalento-ia:testIamPermissions 200
[2026-03-13T22:58:04.285Z] <<< [apiv2][body] POST https://cloudresourcemanager.googleapis.com/v1/projects/mitalento-ia:testIamPermissions {"permissions":["firebase.projects.get","firebaseextensions.instances.list"]}
[2026-03-13T22:58:04.286Z] Checked if tokens are valid: true, expires at: 1773446187973
[2026-03-13T22:58:04.286Z] Checked if tokens are valid: true, expires at: 1773446187973
[2026-03-13T22:58:04.287Z] >>> [apiv2][query] GET https://firebaseextensions.googleapis.com/v1beta/projects/mitalento-ia/instances pageSize=100&pageToken=
[2026-03-13T22:58:06.277Z] <<< [apiv2][status] GET https://firebaseextensions.googleapis.com/v1beta/projects/mitalento-ia/instances 200
[2026-03-13T22:58:06.278Z] <<< [apiv2][body] GET https://firebaseextensions.googleapis.com/v1beta/projects/mitalento-ia/instances {}
i  functions: Loaded environment variables from .env. 
i  functions: preparing .firebase\mitalento-ia\functions directory for uploading... 
i  functions: packaged C:\Users\cesar\mitalento-ia\.firebase\mitalento-ia\functions (507.79 MB) for uploading 
[2026-03-13T22:58:42.260Z] Checked if tokens are valid: true, expires at: 1773446187973
[2026-03-13T22:58:42.261Z] Checked if tokens are valid: true, expires at: 1773446187973
[2026-03-13T22:58:42.261Z] >>> [apiv2][query] GET https://cloudfunctions.googleapis.com/v1/projects/mitalento-ia/locations/-/functions [none]
[2026-03-13T22:58:44.364Z] <<< [apiv2][status] GET https://cloudfunctions.googleapis.com/v1/projects/mitalento-ia/locations/-/functions 200
[2026-03-13T22:58:44.364Z] <<< [apiv2][body] GET https://cloudfunctions.googleapis.com/v1/projects/mitalento-ia/locations/-/functions {}
[2026-03-13T22:58:44.364Z] Checked if tokens are valid: true, expires at: 1773446187973
[2026-03-13T22:58:44.364Z] Checked if tokens are valid: true, expires at: 1773446187973
[2026-03-13T22:58:44.365Z] >>> [apiv2][query] GET https://cloudfunctions.googleapis.com/v2/projects/mitalento-ia/locations/-/functions filter=environment%3D%22GEN_2%22
[2026-03-13T22:58:45.263Z] <<< [apiv2][status] GET https://cloudfunctions.googleapis.com/v2/projects/mitalento-ia/locations/-/functions 200
[2026-03-13T22:58:45.263Z] <<< [apiv2][body] GET https://cloudfunctions.googleapis.com/v2/projects/mitalento-ia/locations/-/functions {"functions":[{"name":"projects/mitalento-ia/locations/us-central1/functions/ssrmitalentoia","buildConfig":{"build":"projects/836679235433/locations/us-central1/builds/1275387e-4529-492f-a870-9720ca0b345e","runtime":"nodejs20","entryPoint":"ssrmitalentoia","source":{"storageSource":{"bucket":"gcf-v2-sources-836679235433-us-central1","object":"ssrmitalentoia/function-source.zip","generation":"1773251901577266"}},"environmentVariables":{"GOOGLE_NODE_RUN_SCRIPTS":""},"dockerRepository":"projects/mitalento-ia/locations/us-central1/repositories/gcf-artifacts","sourceProvenance":{"resolvedStorageSource":{"bucket":"gcf-v2-sources-836679235433-us-central1","object":"ssrmitalentoia/function-source.zip","generation":"1773251901577266"}},"dockerRegistry":"ARTIFACT_REGISTRY","serviceAccount":"projects/mitalento-ia/serviceAccounts/836679235433-compute@developer.gserviceaccount.com","automaticUpdatePolicy":{}},"serviceConfig":{"service":"projects/mitalento-ia/locations/us-central1/services/ssrmitalentoia","timeoutSeconds":60,"environmentVariables":{"NEXT_PUBLIC_FIREBASE_API_KEY":"AIzaSyC3tQNcQKcx2Yx_KcXlM78tteHuk7B0kAM","NEXT_PUBLIC_FIREBASE_AUTH_DOMAIN":"mitalento-ia.web.app","NEXT_PUBLIC_FIREBASE_PROJECT_ID":"mitalento-ia","NEXT_PUBLIC_FIREBASE_STORAGE_BUCKET":"mitalento-ia.firebasestorage.app","NEXT_PUBLIC_FIREBASE_MESSAGING_SENDER_ID":"836679235433","NEXT_PUBLIC_FIREBASE_APP_ID":"1:836679235433:web:c96b5cf37ca43b4a6beff8","NEXT_PUBLIC_FIREBASE_MEASUREMENT_ID":"G-TVKZ25XF6P","GEMINI_API_KEY":"AIzaSyAs66KRjVfJ12ciHnSmBS6Y8Xrarq26He8","ADMIN_CLIENT_EMAIL":"firebase-adminsdk-fbsvc@mitalento-ia.iam.gserviceaccount.com","ADMIN_PRIVATE_KEY":"-----BEGIN PRIVATE KEY-----\nMIIEvAIBADANBgkqhkiG9w0BAQEFAASCBKYwggSiAgEAAoIBAQCseVmNK9kRIG9P\naVQn+36c2H8ApV8K56ppo2QHOTIcpDOqM2igzT9Kg305t955MkWvJUJdIziEP0ur\nZNj9TVa3goW4CyQUZ4B1DFWOj8e+cPk97EINBvHNkaHOGANlaVqxa7JJPZkhaQN5\nFoiLoVvPGlIipqO8WeaenJKBKqxGjuJyDFCW67DGWvgoqUT5h+6QJTupz/AekGBA\nf65vhNCauWjts1hKGeVbduCWN39hX+JTQnrW8hiFaCHMJFKxQR+y8pwDUJSq+/+R\nmQCC0o9niOc3RMh2Bxuq1favfAvri75Hh9HjtHGk4h5pCgIqFdk2T2JkHQZOD8+d\nqVmCGzmTAgMBAAECggEACo2aRyMJsxyS8v704UVoJ9yvWLDFsfse2DvhIPgE8u+x\nIZbnrf8hAkQtY1y2xh+nV+Ilv2EqUh01WhVfmZAj4DKiT/KOkJkMqRzKF2EAzcxH\n09wi5n0oSnXAusWJX6kknXqDfCvCtOKiDcStMi37Wh64K9qaZinyDH50EGc2B1MZ\nCb8mNW6CUb/2JUqL1o08+GpCPMwvdK0+12mLTkCLJAauWqzRnt3VAHOxZeosff+q\nvTkIkjmrCdyDO5cFQDRb+dEaeSWxEfIy4OQV0mSty1IQHEJui2fsxtJzO0P8WG1w\nV2xIXAass7MKv9qVwJa1LWdfArJjVvhgSXHTPT9DgQKBgQDi243ati30Z88jprBp\nycE/p3QMGlnUzKaP8/0iIVPq48odjxW8fLDdzERvFIB0NE9f8coefd3Z9yObx8p+\nT5eUqSxOj4HD6BkMGE0eTVQ6bBP3XfMhq/nRrCzws+5S6NEdesRYWbssipcIqHRX\nMnhnv9sjGK/7SiGehxGLlJEoYQKBgQDCoVW7rqT7TKcpFIFnDf/qLMuS9NAbAnN7\n/NABJXhv9N8N/wkY0my9nTKUpNrEr2qa1rIV6l1TJHLt8U9vDWr3z5xnnGZb1CuM\nfleVspa0/407iwQZEu18ICl3gk6LqFhDyxBaPMnal9HjIizd9vJ+WfI94sQedrvO\nJab0a0XWcwKBgBUlfCKgCsaWiqN7HUSvLtldJZ8fMbJ5ZSlUCAuPacAifauls9P/\nF4mFSffExHiQi7mY00tmVjDELciOphyCFNIhtuSX0fPOBc+v0Dh74tcTTgUn98ry\nufXGg+XoD9Ygp6WE1RqbOqxbOtruwPGD3d9l7epmmbjl3x5k3sjRD3rhAoGANNpl\nEruBd/C/8CruXRLzLR+PBNBQdxU6UTA9OCJ5y0VfEUjxqnjyKKe4pZ8C/ah5NaUZ\n5VOoljxurWj7XjfxlWwemBBjx4odbWCd3jwKKwq+yq2cpkZ6kVuWhyqus8Q6e+Z4\nAVlCo4bY62pLbtdx0JgSbXXYNkGeDIQzC2raIzsCgYBG+Bqx6Ixu42csZvtaboSE\ndM0YVGcvpomeJlRtqI/XB9Aw7XKCI+mZa3KY3yenDrW3H/TFKCwqAwIjlwEmC31/\nodrgZE5UAaW8oAP6LAEFdPGl6htLlmoRQsoLGzgffeM6eF2B+714ZX9hHc6HiROi\nq3vBLwrOZr59XEdujngGkg==\n-----END PRIVATE KEY-----\n","VERCEL_URL":"mitalento-ia.web.app","__FIREBASE_FRAMEWORKS_ENTRY__":"next.js","__FIREBASE_DEFAULTS__":"{\"config\":{\"projectId\":\"mitalento-ia\",\"appId\":\"1:836679235433:web:c96b5cf37ca43b4a6beff8\",\"storageBucket\":\"mitalento-ia.firebasestorage.app\",\"apiKey\":\"AIzaSyC3tQNcQKcx2Yx_KcXlM78tteHuk7B0kAM\",\"authDomain\":\"mitalento-ia.firebaseapp.com\",\"messagingSenderId\":\"836679235433\",\"measurementId\":\"G-TVKZ25XF6P\",\"projectNumber\":\"836679235433\",\"version\":\"2\"},\"_authTokenSyncURL\":\"/__session\"}","FIREBASE_CONFIG":"{\"projectId\":\"mitalento-ia\",\"storageBucket\":\"mitalento-ia.firebasestorage.app\"}","GCLOUD_PROJECT":"mitalento-ia","EVENTARC_CLOUD_EVENT_SOURCE":"projects/mitalento-ia/locations/us-central1/services/ssrmitalentoia","FUNCTION_TARGET":"ssrmitalentoia","LOG_EXECUTION_ID":"true"},"maxInstanceCount":20,"ingressSettings":"ALLOW_ALL","uri":"https://ssrmitalentoia-awexrf4v2q-uc.a.run.app","serviceAccountEmail":"836679235433-compute@developer.gserviceaccount.com","availableMemory":"256Mi","allTrafficOnLatestRevision":true,"revision":"ssrmitalentoia-00125-yah","maxInstanceRequestConcurrency":80,"availableCpu":"1"},"state":"ACTIVE","updateTime":"2026-03-11T18:02:26.806407707Z","labels":{"firebase-functions-codebase":"firebase-frameworks-mitalento-ia","firebase-functions-hash":"8d6a3285916576a1995dc460d9c371bc07d23c8f","deployment-tool":"cli-firebase"},"environment":"GEN_2","url":"https://us-central1-mitalento-ia.cloudfunctions.net/ssrmitalentoia","createTime":"2026-03-02T20:30:05.171808651Z","satisfiesPzi":true}]}
i  functions: ensuring required API run.googleapis.com is enabled... 
i  functions: ensuring required API eventarc.googleapis.com is enabled... 
i  functions: ensuring required API pubsub.googleapis.com is enabled... 
i  functions: ensuring required API storage.googleapis.com is enabled... 
i  functions: generating the service identity for pubsub.googleapis.com... 
[2026-03-13T22:58:45.268Z] Checked if tokens are valid: true, expires at: 1773446187973
[2026-03-13T22:58:45.268Z] Checked if tokens are valid: true, expires at: 1773446187973
i  functions: generating the service identity for eventarc.googleapis.com... 
[2026-03-13T22:58:45.268Z] Checked if tokens are valid: true, expires at: 1773446187973
[2026-03-13T22:58:45.268Z] Checked if tokens are valid: true, expires at: 1773446187973
[2026-03-13T22:58:45.268Z] >>> [apiv2][query] POST https://serviceusage.googleapis.com/v1beta1/projects/836679235433/services/pubsub.googleapis.com:generateServiceIdentity [none]
[2026-03-13T22:58:45.268Z] >>> [apiv2][(partial)header] POST https://serviceusage.googleapis.com/v1beta1/projects/836679235433/services/pubsub.googleapis.com:generateServiceIdentity  x-goog-user-project=836679235433
[2026-03-13T22:58:45.268Z] >>> [apiv2][body] POST https://serviceusage.googleapis.com/v1beta1/projects/836679235433/services/pubsub.googleapis.com:generateServiceIdentity {}
[2026-03-13T22:58:45.269Z] >>> [apiv2][query] POST https://serviceusage.googleapis.com/v1beta1/projects/836679235433/services/eventarc.googleapis.com:generateServiceIdentity [none]
[2026-03-13T22:58:45.269Z] >>> [apiv2][(partial)header] POST https://serviceusage.googleapis.com/v1beta1/projects/836679235433/services/eventarc.googleapis.com:generateServiceIdentity  x-goog-user-project=836679235433
[2026-03-13T22:58:45.269Z] >>> [apiv2][body] POST https://serviceusage.googleapis.com/v1beta1/projects/836679235433/services/eventarc.googleapis.com:generateServiceIdentity {}
[2026-03-13T22:58:46.817Z] <<< [apiv2][status] POST https://serviceusage.googleapis.com/v1beta1/projects/836679235433/services/eventarc.googleapis.com:generateServiceIdentity 200
[2026-03-13T22:58:46.817Z] <<< [apiv2][body] POST https://serviceusage.googleapis.com/v1beta1/projects/836679235433/services/eventarc.googleapis.com:generateServiceIdentity {"name":"operations/finished.DONE_OPERATION","done":true,"response":{"@type":"type.googleapis.com/google.api.serviceusage.v1beta1.ServiceIdentity","email":"service-836679235433@gcp-sa-eventarc.iam.gserviceaccount.com","uniqueId":"101218934395531099020"}}
[2026-03-13T22:58:46.822Z] <<< [apiv2][status] POST https://serviceusage.googleapis.com/v1beta1/projects/836679235433/services/pubsub.googleapis.com:generateServiceIdentity 200
[2026-03-13T22:58:46.823Z] <<< [apiv2][body] POST https://serviceusage.googleapis.com/v1beta1/projects/836679235433/services/pubsub.googleapis.com:generateServiceIdentity {"name":"operations/finished.DONE_OPERATION","done":true,"response":{"@type":"type.googleapis.com/google.api.serviceusage.v1beta1.ServiceIdentity","email":"service-836679235433@gcp-sa-pubsub.iam.gserviceaccount.com","uniqueId":"105285986261529751305"}}
[2026-03-13T22:58:46.824Z] Checked if tokens are valid: true, expires at: 1773446187973
[2026-03-13T22:58:46.824Z] Checked if tokens are valid: true, expires at: 1773446187973
[2026-03-13T22:58:46.825Z] >>> [apiv2][query] GET https://cloudresourcemanager.googleapis.com/v1/projects/mitalento-ia [none]
[2026-03-13T22:58:52.451Z] <<< [apiv2][status] GET https://cloudresourcemanager.googleapis.com/v1/projects/mitalento-ia 200
[2026-03-13T22:58:52.452Z] <<< [apiv2][body] GET https://cloudresourcemanager.googleapis.com/v1/projects/mitalento-ia {"projectNumber":"836679235433","projectId":"mitalento-ia","lifecycleState":"ACTIVE","name":"Mi-Talento-Urbanity","labels":{"firebase":"enabled","firebase-core":"disabled"},"createTime":"2026-02-07T05:55:35.959404Z"}
[2026-03-13T22:58:52.452Z] Checked if tokens are valid: true, expires at: 1773446187973
[2026-03-13T22:58:52.452Z] Checked if tokens are valid: true, expires at: 1773446187973
[2026-03-13T22:58:52.452Z] >>> [apiv2][query] GET https://compute.googleapis.com/compute/v1/projects/836679235433 [none]
[2026-03-13T22:58:54.656Z] <<< [apiv2][status] GET https://compute.googleapis.com/compute/v1/projects/836679235433 403
[2026-03-13T22:58:54.656Z] <<< [apiv2][body] GET https://compute.googleapis.com/compute/v1/projects/836679235433 {"error":{"code":403,"message":"Compute Engine API has not been used in project 836679235433 before or it is disabled. Enable it by visiting https://console.developers.google.com/apis/api/compute.googleapis.com/overview?project=836679235433 then retry. If you enabled this API recently, wait a few minutes for the action to propagate to our systems and retry.","errors":[{"message":"Compute Engine API has not been used in project 836679235433 before or it is disabled. Enable it by visiting https://console.developers.google.com/apis/api/compute.googleapis.com/overview?project=836679235433 then retry. If you enabled this API recently, wait a few minutes for the action to propagate to our systems and retry.","domain":"usageLimits","reason":"accessNotConfigured","extendedHelp":"https://console.developers.google.com"}],"status":"PERMISSION_DENIED","details":[{"@type":"type.googleapis.com/google.rpc.ErrorInfo","reason":"SERVICE_DISABLED","domain":"googleapis.com","metadata":{"consumer":"projects/836679235433","containerInfo":"836679235433","activationUrl":"https://console.developers.google.com/apis/api/compute.googleapis.com/overview?project=836679235433","serviceTitle":"Compute Engine API","service":"compute.googleapis.com"}},{"@type":"type.googleapis.com/google.rpc.LocalizedMessage","locale":"en-US","message":"Compute Engine API has not been used in project 836679235433 before or it is disabled. Enable it by visiting https://console.developers.google.com/apis/api/compute.googleapis.com/overview?project=836679235433 then retry. If you enabled this API recently, wait a few minutes for the action to propagate to our systems and retry."},{"@type":"type.googleapis.com/google.rpc.Help","links":[{"description":"Google developers console API activation","url":"https://console.developers.google.com/apis/api/compute.googleapis.com/overview?project=836679235433"}]}]}}
[2026-03-13T22:58:54.657Z] unable to look up default compute service account. Falling back to 836679235433-compute@developer.gserviceaccount.com. Error: {"name":"FirebaseError","children":[],"context":{"body":{"error":{"code":403,"message":"Compute Engine API has not been used in project 836679235433 before or it is disabled. Enable it by visiting https://console.developers.google.com/apis/api/compute.googleapis.com/overview?project=836679235433 then retry. If you enabled this API recently, wait a few minutes for the action to propagate to our systems and retry.","errors":[{"message":"Compute Engine API has not been used in project 836679235433 before or it is disabled. Enable it by visiting https://console.developers.google.com/apis/api/compute.googleapis.com/overview?project=836679235433 then retry. If you enabled this API recently, wait a few minutes for the action to propagate to our systems and retry.","domain":"usageLimits","reason":"accessNotConfigured","extendedHelp":"https://console.developers.google.com"}],"status":"PERMISSION_DENIED","details":[{"@type":"type.googleapis.com/google.rpc.ErrorInfo","reason":"SERVICE_DISABLED","domain":"googleapis.com","metadata":{"consumer":"projects/836679235433","containerInfo":"836679235433","activationUrl":"https://console.developers.google.com/apis/api/compute.googleapis.com/overview?project=836679235433","serviceTitle":"Compute Engine API","service":"compute.googleapis.com"}},{"@type":"type.googleapis.com/google.rpc.LocalizedMessage","locale":"en-US","message":"Compute Engine API has not been used in project 836679235433 before or it is disabled. Enable it by visiting https://console.developers.google.com/apis/api/compute.googleapis.com/overview?project=836679235433 then retry. If you enabled this API recently, wait a few minutes for the action to propagate to our systems and retry."},{"@type":"type.googleapis.com/google.rpc.Help","links":[{"description":"Google developers console API activation","url":"https://console.developers.google.com/apis/api/compute.googleapis.com/overview?project=836679235433"}]}]}},"response":{"statusCode":403}},"exit":1,"message":"Request to https://compute.googleapis.com/compute/v1/projects/836679235433 had HTTP Error: 403, Compute Engine API has not been used in project 836679235433 before or it is disabled. Enable it by visiting https://console.developers.google.com/apis/api/compute.googleapis.com/overview?project=836679235433 then retry. If you enabled this API recently, wait a few minutes for the action to propagate to our systems and retry.","status":403}
i  storage: ensuring required API firebasestorage.googleapis.com is enabled... 
[2026-03-13T22:58:54.659Z] Checked if tokens are valid: true, expires at: 1773446187973
[2026-03-13T22:58:54.659Z] Checked if tokens are valid: true, expires at: 1773446187973
[2026-03-13T22:58:54.659Z] >>> [apiv2][query] GET https://firebasestorage.googleapis.com/v1alpha/projects/mitalento-ia/defaultBucket [none]
[2026-03-13T22:58:57.454Z] <<< [apiv2][status] GET https://firebasestorage.googleapis.com/v1alpha/projects/mitalento-ia/defaultBucket 200
[2026-03-13T22:58:57.455Z] <<< [apiv2][body] GET https://firebasestorage.googleapis.com/v1alpha/projects/mitalento-ia/defaultBucket {"name":"projects/mitalento-ia/defaultBucket","location":"US-CENTRAL1","bucket":{"name":"projects/mitalento-ia/buckets/mitalento-ia.firebasestorage.app"},"storageClass":"REGIONAL"}
i  firebase.storage: checking storage.rules for compilation errors... 
[2026-03-13T22:58:57.456Z] Checked if tokens are valid: true, expires at: 1773446187973
[2026-03-13T22:58:57.456Z] Checked if tokens are valid: true, expires at: 1773446187973
[2026-03-13T22:58:57.456Z] >>> [apiv2][query] POST https://firebaserules.googleapis.com/v1/projects/mitalento-ia:test [none]
[2026-03-13T22:58:57.456Z] >>> [apiv2][body] POST https://firebaserules.googleapis.com/v1/projects/mitalento-ia:test [omitted]
[2026-03-13T22:59:00.135Z] <<< [apiv2][status] POST https://firebaserules.googleapis.com/v1/projects/mitalento-ia:test 200
[2026-03-13T22:59:00.136Z] <<< [apiv2][body] POST https://firebaserules.googleapis.com/v1/projects/mitalento-ia:test {}
+  firebase.storage: rules file storage.rules compiled successfully 
i  firestore: ensuring required API firestore.googleapis.com is enabled... 
i  firestore: ensuring required API firestore.googleapis.com is enabled... 
[2026-03-13T22:59:00.140Z] Checked if tokens are valid: true, expires at: 1773446187973
[2026-03-13T22:59:00.140Z] Checked if tokens are valid: true, expires at: 1773446187973
[2026-03-13T22:59:00.140Z] >>> [apiv2][query] GET https://firestore.googleapis.com/v1/projects/mitalento-ia/databases/(default) [none]
[2026-03-13T22:59:02.055Z] <<< [apiv2][status] GET https://firestore.googleapis.com/v1/projects/mitalento-ia/databases/(default) 200
[2026-03-13T22:59:02.055Z] <<< [apiv2][body] GET https://firestore.googleapis.com/v1/projects/mitalento-ia/databases/(default) {"name":"projects/mitalento-ia/databases/(default)","uid":"ffef660b-0b4f-460b-9470-e3b09f4b6ebe","createTime":"2026-02-07T15:43:45.583517Z","updateTime":"2026-02-07T15:43:45.583517Z","locationId":"nam5","type":"FIRESTORE_NATIVE","concurrencyMode":"PESSIMISTIC","versionRetentionPeriod":"3600s","earliestVersionTime":"2026-03-13T21:59:02.150575Z","appEngineIntegrationMode":"DISABLED","keyPrefix":"s","pointInTimeRecoveryEnablement":"POINT_IN_TIME_RECOVERY_DISABLED","deleteProtectionState":"DELETE_PROTECTION_DISABLED","databaseEdition":"STANDARD","freeTier":true,"realtimeUpdatesMode":"REALTIME_UPDATES_MODE_ENABLED","etag":"IOvHs4X9nZMDMJSpytPng5MD"}
i  firestore: reading indexes from firestore.indexes.json... 
i  cloud.firestore: checking firestore.rules for compilation errors... 
[2026-03-13T22:59:02.057Z] Checked if tokens are valid: true, expires at: 1773446187973
[2026-03-13T22:59:02.057Z] Checked if tokens are valid: true, expires at: 1773446187973
[2026-03-13T22:59:02.058Z] >>> [apiv2][query] POST https://firebaserules.googleapis.com/v1/projects/mitalento-ia:test [none]
[2026-03-13T22:59:02.058Z] >>> [apiv2][body] POST https://firebaserules.googleapis.com/v1/projects/mitalento-ia:test [omitted]
[2026-03-13T22:59:02.472Z] <<< [apiv2][status] POST https://firebaserules.googleapis.com/v1/projects/mitalento-ia:test 200
[2026-03-13T22:59:02.472Z] <<< [apiv2][body] POST https://firebaserules.googleapis.com/v1/projects/mitalento-ia:test {}
+  cloud.firestore: rules file firestore.rules compiled successfully 
[2026-03-13T22:59:02.475Z] Checked if tokens are valid: true, expires at: 1773446187973
[2026-03-13T22:59:02.475Z] Checked if tokens are valid: true, expires at: 1773446187973
[2026-03-13T22:59:02.475Z] >>> [apiv2][query] POST https://firebasehosting.googleapis.com/v1beta1/projects/-/sites/mitalento-ia/versions [none]
[2026-03-13T22:59:02.475Z] >>> [apiv2][body] POST https://firebasehosting.googleapis.com/v1beta1/projects/-/sites/mitalento-ia/versions {"status":"CREATED","labels":{"deployment-tool":"cli-firebase","firebase-web-framework":"next_ssr"}}
[2026-03-13T22:59:06.787Z] <<< [apiv2][status] POST https://firebasehosting.googleapis.com/v1beta1/projects/-/sites/mitalento-ia/versions 200
[2026-03-13T22:59:06.787Z] <<< [apiv2][body] POST https://firebasehosting.googleapis.com/v1beta1/projects/-/sites/mitalento-ia/versions {"name":"projects/836679235433/sites/mitalento-ia/versions/1ea379f9d622feb4","status":"CREATED","config":{},"labels":{"firebase-web-framework":"next_ssr","deployment-tool":"cli-firebase"}}
[2026-03-13T22:59:06.788Z] Checked if tokens are valid: true, expires at: 1773446187973
[2026-03-13T22:59:06.788Z] Checked if tokens are valid: true, expires at: 1773446187973
[2026-03-13T22:59:06.788Z] >>> [apiv2][query] GET https://cloudbilling.googleapis.com/v1/projects/mitalento-ia/billingInfo [none]
[2026-03-13T22:59:08.696Z] <<< [apiv2][status] GET https://cloudbilling.googleapis.com/v1/projects/mitalento-ia/billingInfo 200
[2026-03-13T22:59:08.696Z] <<< [apiv2][body] GET https://cloudbilling.googleapis.com/v1/projects/mitalento-ia/billingInfo {"name":"projects/mitalento-ia/billingInfo","projectId":"mitalento-ia","billingAccountName":"billingAccounts/01C008-76EEFD-B9C682","billingEnabled":true}
[2026-03-13T22:59:08.698Z] Checked if tokens are valid: true, expires at: 1773446187973
[2026-03-13T22:59:08.698Z] Checked if tokens are valid: true, expires at: 1773446187973
[2026-03-13T22:59:08.698Z] >>> [apiv2][query] POST https://cloudfunctions.googleapis.com/v2/projects/mitalento-ia/locations/us-central1/functions:generateUploadUrl [none]
[2026-03-13T22:59:13.121Z] <<< [apiv2][status] POST https://cloudfunctions.googleapis.com/v2/projects/mitalento-ia/locations/us-central1/functions:generateUploadUrl 200
[2026-03-13T22:59:13.121Z] <<< [apiv2][body] POST https://cloudfunctions.googleapis.com/v2/projects/mitalento-ia/locations/us-central1/functions:generateUploadUrl {"uploadUrl":"https://storage.googleapis.com/gcf-v2-uploads-836679235433.us-central1.cloudfunctions.appspot.com/642e6fe4-f85b-480d-a60c-a24017909adc.zip?GoogleAccessId=service-836679235433@gcf-admin-robot.iam.gserviceaccount.com&Expires=1773444553&Signature=kfmFzh%2BtWeZTiuAy5Cbz9ezQK0PTzYTm4P%2FwU5Wz3%2BF78%2FLls8lO5KSBxq0S6M7d67frtY43KbghSviqs68mY%2BQoE6FPFn3ciWv%2Fi%2FMLeOqMT1%2FINGHDBXMlXBBXr%2BGCRJjE9nLlj3vvhpCACdirQEMh317nLpwXC2s4Lnxc5h%2FEvyriaW2EP5OD%2F%2F%2Fu8Bw%2BbcDQeE%2Fz7XHZ0LNm8%2B%2BThONU1CNmWNJ530NLWT2SP5lZToi9Ln5TxoQ1vJbBnlMVFheWn7bqySs1ztKgachRZn2XBFJlE2CrPMqspAzOFMXbLQDY%2FVsBoHT%2BvGuJXqXmoiGS9rCGthPMalSmc33yKQ%3D%3D","storageSource":{"bucket":"gcf-v2-uploads-836679235433.us-central1.cloudfunctions.appspot.com","object":"642e6fe4-f85b-480d-a60c-a24017909adc.zip"}}
[2026-03-13T22:59:13.122Z] >>> [apiv2][query] PUT https://storage.googleapis.com/gcf-v2-uploads-836679235433.us-central1.cloudfunctions.appspot.com/642e6fe4-f85b-480d-a60c-a24017909adc.zip GoogleAccessId=service-836679235433%40gcf-admin-robot.iam.gserviceaccount.com&Expires=1773444553&Signature=kfmFzh%2BtWeZTiuAy5Cbz9ezQK0PTzYTm4P%2FwU5Wz3%2BF78%2FLls8lO5KSBxq0S6M7d67frtY43KbghSviqs68mY%2BQoE6FPFn3ciWv%2Fi%2FMLeOqMT1%2FINGHDBXMlXBBXr%2BGCRJjE9nLlj3vvhpCACdirQEMh317nLpwXC2s4Lnxc5h%2FEvyriaW2EP5OD%2F%2F%2Fu8Bw%2BbcDQeE%2Fz7XHZ0LNm8%2B%2BThONU1CNmWNJ530NLWT2SP5lZToi9Ln5TxoQ1vJbBnlMVFheWn7bqySs1ztKgachRZn2XBFJlE2CrPMqspAzOFMXbLQDY%2FVsBoHT%2BvGuJXqXmoiGS9rCGthPMalSmc33yKQ%3D%3D
[2026-03-13T22:59:13.122Z] >>> [apiv2][body] PUT https://storage.googleapis.com/gcf-v2-uploads-836679235433.us-central1.cloudfunctions.appspot.com/642e6fe4-f85b-480d-a60c-a24017909adc.zip [stream]
[2026-03-13T23:01:46.926Z] <<< [apiv2][status] PUT https://storage.googleapis.com/gcf-v2-uploads-836679235433.us-central1.cloudfunctions.appspot.com/642e6fe4-f85b-480d-a60c-a24017909adc.zip 200
[2026-03-13T23:01:46.927Z] <<< [apiv2][body] PUT https://storage.googleapis.com/gcf-v2-uploads-836679235433.us-central1.cloudfunctions.appspot.com/642e6fe4-f85b-480d-a60c-a24017909adc.zip [omitted]
+  functions: .firebase\mitalento-ia\functions source uploaded successfully 
[2026-03-13T23:01:46.929Z] Checked if tokens are valid: true, expires at: 1773446187973
[2026-03-13T23:01:46.929Z] Checked if tokens are valid: true, expires at: 1773446187973
[2026-03-13T23:01:46.929Z] >>> [apiv2][query] GET https://firebaserules.googleapis.com/v1/projects/mitalento-ia/releases pageSize=10&pageToken=
[2026-03-13T23:01:50.306Z] <<< [apiv2][status] GET https://firebaserules.googleapis.com/v1/projects/mitalento-ia/releases 200
[2026-03-13T23:01:50.306Z] <<< [apiv2][body] GET https://firebaserules.googleapis.com/v1/projects/mitalento-ia/releases {"releases":[{"name":"projects/mitalento-ia/releases/cloud.firestore","rulesetName":"projects/mitalento-ia/rulesets/aa538b7e-17f8-487a-b6ef-db7abf0c7126","createTime":"2026-02-07T15:43:52.444390Z","updateTime":"2026-03-11T18:02:37.949939Z"},{"name":"projects/mitalento-ia/releases/firebase.storage/mitalento-ia.firebasestorage.app","rulesetName":"projects/mitalento-ia/rulesets/7c930c02-9a9f-4451-800a-e0cbc81c672d","createTime":"2026-02-07T15:45:26.165536Z","updateTime":"2026-03-11T18:02:37.533428Z"}]}
[2026-03-13T23:01:50.323Z] Checked if tokens are valid: true, expires at: 1773446187973
[2026-03-13T23:01:50.323Z] Checked if tokens are valid: true, expires at: 1773446187973
[2026-03-13T23:01:50.323Z] >>> [apiv2][query] GET https://firebaserules.googleapis.com/v1/projects/mitalento-ia/rulesets/7c930c02-9a9f-4451-800a-e0cbc81c672d [none]
[2026-03-13T23:01:51.024Z] <<< [apiv2][status] GET https://firebaserules.googleapis.com/v1/projects/mitalento-ia/rulesets/7c930c02-9a9f-4451-800a-e0cbc81c672d 200
[2026-03-13T23:01:51.024Z] <<< [apiv2][body] GET https://firebaserules.googleapis.com/v1/projects/mitalento-ia/rulesets/7c930c02-9a9f-4451-800a-e0cbc81c672d [omitted]
i  storage: latest version of storage.rules already up to date, skipping upload... 
[2026-03-13T23:01:51.025Z] Checked if tokens are valid: true, expires at: 1773446187973
[2026-03-13T23:01:51.025Z] Checked if tokens are valid: true, expires at: 1773446187973
[2026-03-13T23:01:51.026Z] >>> [apiv2][query] GET https://firebaserules.googleapis.com/v1/projects/mitalento-ia/releases pageSize=10&pageToken=
[2026-03-13T23:01:51.432Z] <<< [apiv2][status] GET https://firebaserules.googleapis.com/v1/projects/mitalento-ia/releases 200
[2026-03-13T23:01:51.433Z] <<< [apiv2][body] GET https://firebaserules.googleapis.com/v1/projects/mitalento-ia/releases {"releases":[{"name":"projects/mitalento-ia/releases/cloud.firestore","rulesetName":"projects/mitalento-ia/rulesets/aa538b7e-17f8-487a-b6ef-db7abf0c7126","createTime":"2026-02-07T15:43:52.444390Z","updateTime":"2026-03-11T18:02:37.949939Z"},{"name":"projects/mitalento-ia/releases/firebase.storage/mitalento-ia.firebasestorage.app","rulesetName":"projects/mitalento-ia/rulesets/7c930c02-9a9f-4451-800a-e0cbc81c672d","createTime":"2026-02-07T15:45:26.165536Z","updateTime":"2026-03-11T18:02:37.533428Z"}]}
[2026-03-13T23:01:51.433Z] Checked if tokens are valid: true, expires at: 1773446187973
[2026-03-13T23:01:51.433Z] Checked if tokens are valid: true, expires at: 1773446187973
[2026-03-13T23:01:51.433Z] >>> [apiv2][query] GET https://firebaserules.googleapis.com/v1/projects/mitalento-ia/rulesets/aa538b7e-17f8-487a-b6ef-db7abf0c7126 [none]
[2026-03-13T23:01:52.051Z] <<< [apiv2][status] GET https://firebaserules.googleapis.com/v1/projects/mitalento-ia/rulesets/aa538b7e-17f8-487a-b6ef-db7abf0c7126 200
[2026-03-13T23:01:52.051Z] <<< [apiv2][body] GET https://firebaserules.googleapis.com/v1/projects/mitalento-ia/rulesets/aa538b7e-17f8-487a-b6ef-db7abf0c7126 [omitted]
i  firestore: latest version of firestore.rules already up to date, skipping upload... 
i  firestore: deploying indexes... 
[2026-03-13T23:01:52.053Z] Checked if tokens are valid: true, expires at: 1773446187973
[2026-03-13T23:01:52.053Z] Checked if tokens are valid: true, expires at: 1773446187973
[2026-03-13T23:01:52.054Z] >>> [apiv2][query] GET https://firestore.googleapis.com/v1/projects/mitalento-ia/databases/(default)/collectionGroups/-/indexes [none]
[2026-03-13T23:01:53.487Z] <<< [apiv2][status] GET https://firestore.googleapis.com/v1/projects/mitalento-ia/databases/(default)/collectionGroups/-/indexes 200
[2026-03-13T23:01:53.488Z] <<< [apiv2][body] GET https://firestore.googleapis.com/v1/projects/mitalento-ia/databases/(default)/collectionGroups/-/indexes {"indexes":[{"name":"projects/mitalento-ia/databases/(default)/collectionGroups/learning_paths/indexes/CICAgJim14AK","queryScope":"COLLECTION","fields":[{"fieldPath":"isActive","order":"ASCENDING"},{"fieldPath":"order","order":"ASCENDING"},{"fieldPath":"__name__","order":"ASCENDING"}],"state":"READY","density":"SPARSE_ALL"},{"name":"projects/mitalento-ia/databases/(default)/collectionGroups/courses/indexes/CICAgOjXh4EK","queryScope":"COLLECTION","fields":[{"fieldPath":"pathId","order":"ASCENDING"},{"fieldPath":"order","order":"ASCENDING"},{"fieldPath":"__name__","order":"ASCENDING"}],"state":"READY","density":"SPARSE_ALL"},{"name":"projects/mitalento-ia/databases/(default)/collectionGroups/modules/indexes/CICAgJj7z4EK","queryScope":"COLLECTION","fields":[{"fieldPath":"isActive","order":"ASCENDING"},{"fieldPath":"order","order":"ASCENDING"},{"fieldPath":"__name__","order":"ASCENDING"}],"state":"READY","density":"SPARSE_ALL"},{"name":"projects/mitalento-ia/databases/(default)/collectionGroups/courses/indexes/CICAgJjF9oIK","queryScope":"COLLECTION","fields":[{"fieldPath":"pathId","order":"ASCENDING"},{"fieldPath":"isActive","order":"ASCENDING"},{"fieldPath":"order","order":"ASCENDING"},{"fieldPath":"__name__","order":"ASCENDING"}],"state":"READY","density":"SPARSE_ALL"},{"name":"projects/mitalento-ia/databases/(default)/collectionGroups/modules/indexes/CICAgJiUpoMK","queryScope":"COLLECTION","fields":[{"fieldPath":"courseId","order":"ASCENDING"},{"fieldPath":"order","order":"ASCENDING"},{"fieldPath":"__name__","order":"ASCENDING"}],"state":"READY","density":"SPARSE_ALL"},{"name":"projects/mitalento-ia/databases/(default)/collectionGroups/quiz_sessions/indexes/CICAgNi47oMK","queryScope":"COLLECTION","fields":[{"fieldPath":"userId","order":"ASCENDING"},{"fieldPath":"moduleId","order":"ASCENDING"},{"fieldPath":"passed","order":"ASCENDING"},{"fieldPath":"__name__","order":"ASCENDING"}],"state":"READY","density":"SPARSE_ALL"},{"name":"projects/mitalento-ia/databases/(default)/collectionGroups/certificates/indexes/CICAgJjm4YQK","queryScope":"COLLECTION","fields":[{"fieldPath":"userId","order":"ASCENDING"},{"fieldPath":"isActive","order":"ASCENDING"},{"fieldPath":"__name__","order":"ASCENDING"}],"state":"READY","density":"SPARSE_ALL"},{"name":"projects/mitalento-ia/databases/(default)/collectionGroups/modules/indexes/CICAgJjmnIgK","queryScope":"COLLECTION","fields":[{"fieldPath":"courseId","order":"ASCENDING"},{"fieldPath":"isActive","order":"ASCENDING"},{"fieldPath":"order","order":"ASCENDING"},{"fieldPath":"__name__","order":"ASCENDING"}],"state":"READY","density":"SPARSE_ALL"},{"name":"projects/mitalento-ia/databases/(default)/collectionGroups/courses/indexes/CICAgJjmiJEK","queryScope":"COLLECTION","fields":[{"fieldPath":"isActive","order":"ASCENDING"},{"fieldPath":"pathId","order":"ASCENDING"},{"fieldPath":"order","order":"ASCENDING"},{"fieldPath":"__name__","order":"ASCENDING"}],"state":"READY","density":"SPARSE_ALL"},{"name":"projects/mitalento-ia/databases/(default)/collectionGroups/quiz_sessions/indexes/CICAgJiUsZIK","queryScope":"COLLECTION","fields":[{"fieldPath":"userId","order":"ASCENDING"},{"fieldPath":"completedAt","order":"DESCENDING"},{"fieldPath":"__name__","order":"DESCENDING"}],"state":"READY","density":"SPARSE_ALL"},{"name":"projects/mitalento-ia/databases/(default)/collectionGroups/certificates/indexes/CICAgJjmtZUK","queryScope":"COLLECTION","fields":[{"fieldPath":"userId","order":"ASCENDING"},{"fieldPath":"isActive","order":"ASCENDING"},{"fieldPath":"pathId","order":"ASCENDING"},{"fieldPath":"__name__","order":"ASCENDING"}],"state":"READY","density":"SPARSE_ALL"},{"name":"projects/mitalento-ia/databases/(default)/collectionGroups/quiz_sessions/indexes/CICAgJjm-pkK","queryScope":"COLLECTION","fields":[{"fieldPath":"userId","order":"ASCENDING"},{"fieldPath":"passed","order":"ASCENDING"},{"fieldPath":"__name__","order":"ASCENDING"}],"state":"READY","density":"SPARSE_ALL"}]}
[2026-03-13T23:01:53.488Z] Checked if tokens are valid: true, expires at: 1773446187973
[2026-03-13T23:01:53.488Z] Checked if tokens are valid: true, expires at: 1773446187973
[2026-03-13T23:01:53.488Z] >>> [apiv2][query] GET https://firestore.googleapis.com/v1/projects/mitalento-ia/databases/(default)/collectionGroups/-/fields?filter=indexConfig.usesAncestorConfig=false OR ttlConfig:* [none]
[2026-03-13T23:01:54.402Z] <<< [apiv2][status] GET https://firestore.googleapis.com/v1/projects/mitalento-ia/databases/(default)/collectionGroups/-/fields?filter=indexConfig.usesAncestorConfig=false OR ttlConfig:* 200
[2026-03-13T23:01:54.403Z] <<< [apiv2][body] GET https://firestore.googleapis.com/v1/projects/mitalento-ia/databases/(default)/collectionGroups/-/fields?filter=indexConfig.usesAncestorConfig=false OR ttlConfig:* {"fields":[{"name":"projects/mitalento-ia/databases/(default)/collectionGroups/__default__/fields/*","indexConfig":{"indexes":[{"queryScope":"COLLECTION","fields":[{"fieldPath":"*","order":"ASCENDING"}],"state":"READY"},{"queryScope":"COLLECTION","fields":[{"fieldPath":"*","order":"DESCENDING"}],"state":"READY"},{"queryScope":"COLLECTION","fields":[{"fieldPath":"*","arrayConfig":"CONTAINS"}],"state":"READY"}]}}]}
[2026-03-13T23:01:54.403Z] Checked if tokens are valid: true, expires at: 1773446187973
[2026-03-13T23:01:54.403Z] Checked if tokens are valid: true, expires at: 1773446187973
[2026-03-13T23:01:54.403Z] >>> [apiv2][query] GET https://firestore.googleapis.com/v1/projects/mitalento-ia/databases/(default) [none]
[2026-03-13T23:01:54.811Z] <<< [apiv2][status] GET https://firestore.googleapis.com/v1/projects/mitalento-ia/databases/(default) 200
[2026-03-13T23:01:54.811Z] <<< [apiv2][body] GET https://firestore.googleapis.com/v1/projects/mitalento-ia/databases/(default) {"name":"projects/mitalento-ia/databases/(default)","uid":"ffef660b-0b4f-460b-9470-e3b09f4b6ebe","createTime":"2026-02-07T15:43:45.583517Z","updateTime":"2026-02-07T15:43:45.583517Z","locationId":"nam5","type":"FIRESTORE_NATIVE","concurrencyMode":"PESSIMISTIC","versionRetentionPeriod":"3600s","earliestVersionTime":"2026-03-13T22:01:54.977338Z","appEngineIntegrationMode":"DISABLED","keyPrefix":"s","pointInTimeRecoveryEnablement":"POINT_IN_TIME_RECOVERY_DISABLED","deleteProtectionState":"DELETE_PROTECTION_DISABLED","databaseEdition":"STANDARD","freeTier":true,"realtimeUpdatesMode":"REALTIME_UPDATES_MODE_ENABLED","etag":"INSI6Nf9nZMDMJSpytPng5MD"}
[2026-03-13T23:01:54.812Z] Skipping existing index: {"collectionGroup":"courses","queryScope":"COLLECTION","fields":[{"fieldPath":"isActive","order":"ASCENDING"},{"fieldPath":"pathId","order":"ASCENDING"},{"fieldPath":"order","order":"ASCENDING"},{"fieldPath":"__name__","order":"ASCENDING"}]}
[2026-03-13T23:01:54.812Z] Skipping existing index: {"collectionGroup":"courses","queryScope":"COLLECTION","fields":[{"fieldPath":"pathId","order":"ASCENDING"},{"fieldPath":"isActive","order":"ASCENDING"},{"fieldPath":"order","order":"ASCENDING"},{"fieldPath":"__name__","order":"ASCENDING"}]}
[2026-03-13T23:01:54.812Z] Skipping existing index: {"collectionGroup":"courses","queryScope":"COLLECTION","fields":[{"fieldPath":"pathId","order":"ASCENDING"},{"fieldPath":"order","order":"ASCENDING"},{"fieldPath":"__name__","order":"ASCENDING"}]}
[2026-03-13T23:01:54.812Z] Skipping existing index: {"collectionGroup":"learning_paths","queryScope":"COLLECTION","fields":[{"fieldPath":"isActive","order":"ASCENDING"},{"fieldPath":"order","order":"ASCENDING"},{"fieldPath":"__name__","order":"ASCENDING"}]}
[2026-03-13T23:01:54.812Z] Skipping existing index: {"collectionGroup":"modules","queryScope":"COLLECTION","fields":[{"fieldPath":"isActive","order":"ASCENDING"},{"fieldPath":"order","order":"ASCENDING"},{"fieldPath":"__name__","order":"ASCENDING"}]}
[2026-03-13T23:01:54.812Z] Skipping existing index: {"collectionGroup":"modules","queryScope":"COLLECTION","fields":[{"fieldPath":"courseId","order":"ASCENDING"},{"fieldPath":"isActive","order":"ASCENDING"},{"fieldPath":"order","order":"ASCENDING"},{"fieldPath":"__name__","order":"ASCENDING"}]}
[2026-03-13T23:01:54.813Z] Skipping existing index: {"collectionGroup":"modules","queryScope":"COLLECTION","fields":[{"fieldPath":"courseId","order":"ASCENDING"},{"fieldPath":"order","order":"ASCENDING"},{"fieldPath":"__name__","order":"ASCENDING"}]}
[2026-03-13T23:01:54.813Z] Skipping existing index: {"collectionGroup":"quiz_sessions","queryScope":"COLLECTION","fields":[{"fieldPath":"userId","order":"ASCENDING"},{"fieldPath":"passed","order":"ASCENDING"},{"fieldPath":"__name__","order":"ASCENDING"}]}
[2026-03-13T23:01:54.813Z] Skipping existing index: {"collectionGroup":"quiz_sessions","queryScope":"COLLECTION","fields":[{"fieldPath":"userId","order":"ASCENDING"},{"fieldPath":"moduleId","order":"ASCENDING"},{"fieldPath":"passed","order":"ASCENDING"},{"fieldPath":"__name__","order":"ASCENDING"}]}
[2026-03-13T23:01:54.813Z] Skipping existing index: {"collectionGroup":"quiz_sessions","queryScope":"COLLECTION","fields":[{"fieldPath":"userId","order":"ASCENDING"},{"fieldPath":"completedAt","order":"DESCENDING"},{"fieldPath":"__name__","order":"DESCENDING"}]}
[2026-03-13T23:01:54.813Z] Skipping existing index: {"collectionGroup":"certificates","queryScope":"COLLECTION","fields":[{"fieldPath":"userId","order":"ASCENDING"},{"fieldPath":"isActive","order":"ASCENDING"},{"fieldPath":"__name__","order":"ASCENDING"}]}
[2026-03-13T23:01:54.813Z] Skipping existing index: {"collectionGroup":"certificates","queryScope":"COLLECTION","fields":[{"fieldPath":"userId","order":"ASCENDING"},{"fieldPath":"isActive","order":"ASCENDING"},{"fieldPath":"pathId","order":"ASCENDING"},{"fieldPath":"__name__","order":"ASCENDING"}]}
+  firestore: deployed indexes in firestore.indexes.json successfully for (default) database 
i  hosting[mitalento-ia]: beginning deploy... 
i  hosting[mitalento-ia]: found 98 files in .firebase\mitalento-ia\hosting 
[2026-03-13T23:01:54.837Z] [hosting] uploading with 200 concurrency
[2026-03-13T23:01:54.909Z] Checked if tokens are valid: true, expires at: 1773446187973
[2026-03-13T23:01:54.910Z] Checked if tokens are valid: true, expires at: 1773446187973
[2026-03-13T23:01:54.911Z] [hosting] hash cache [LmZpcmViYXNlXG1pdGFsZW50by1pYVxob3N0aW5n] stored for 98 files
[2026-03-13T23:01:54.911Z] [hosting][hash queue][FINAL] {"max":45,"min":0,"avg":16.234693877551017,"active":0,"complete":98,"success":98,"errored":0,"retried":0,"total":98,"elapsed":66}
[2026-03-13T23:01:54.911Z] >>> [apiv2][query] POST https://firebasehosting.googleapis.com/v1beta1/projects/836679235433/sites/mitalento-ia/versions/1ea379f9d622feb4:populateFiles [none]
[2026-03-13T23:01:54.911Z] >>> [apiv2][body] POST https://firebasehosting.googleapis.com/v1beta1/projects/836679235433/sites/mitalento-ia/versions/1ea379f9d622feb4:populateFiles {"files":{"/window.svg":"6bd2003bd35bb32c1c0d99ab3aeac0cc1edaefd79f27df1d954bc87184048d74","/vercel.svg":"529a1a21b4a82475a82db26173c28d7b27e2dc9d4b900eaf1c5329d96eea4ddd","/sw.js":"adca2098038f552367f859ca4c91b2564fe626c08a37a52d7d38afd6f6dca120","/offline.html":"6dff6679aede38e1a2ac358d8bc20d18720177263f75ff56f8957a41b0120cd1","/next.svg":"0665b9ab4493aa9d7e988b57024e28772ae543e804b8cf6b0a3633854b7c3c7f","/manifest.json":"a05470a274e83bb3da7dc394acaff4094c11c60bb175b09969464e42fbdf5954","/logo.png.jpeg":"2f74f408ddeb58d10a2f9f45a03b5400c437ab8a9931cf622decdafb8b742dc3","/globe.svg":"6502a3e6120bf2d6e8417e7c40bb57fb8a6954de9c86d3f43076a75b60cd23a2","/file.svg":"5a09df6187e21aa9a7d05094389385876ac93c818e1dcbb77a26a8fe408bf79c","/_next/static/RSubyJRqnhT74z4LEFCB-/_clientMiddlewareManifest.json":"2a8e3c27f25f4b4aada72bb0bc65f6e091ea778e106ec1a257346ce269371280","/_next/static/RSubyJRqnhT74z4LEFCB-/_buildManifest.js":"dcbe1c9b9159ca21caea98e1bad364012ae284e9551375ca62b83d2811efac91","/_next/static/RSubyJRqnhT74z4LEFCB-/_ssgManifest.js":"dc28a4dc92fe352ed5d2201bd3972ce47691bc8e89e0400a68d1541d0567c6d5","/_next/static/media/ad66f9afd8947f86-s.7a40eb73.woff2":"21b0ae0980798b857a8228d5c0a8a31372bd0b5db034530c056f3b36b037e482","/_next/static/media/2bbe8d2671613f1f-s.76dcb0b2.woff2":"5ef466d8ca6f4a51fa3751faea59ad2f63b15dbf9782ae4246bcadacc57f6b8f","/favicon.ico":"36eaaa9259cda5765c4061fa8b7bf61c74dbda3a2a721a0811c73f5dae61a2e9","/_next/static/chunks/ff1a16fafef87110.js":"1c5ce9de9f2087594a99c79ed2344979288c2efaeb57adf3aecb7d6c8dfa5bcf","/_next/static/chunks/fe278594e47442f5.js":"0effdb98692e4759e6c9a94d42a04851a26b0f2bb20aa8a308687624d792042c","/_next/static/chunks/turbopack-7c906bcb9e719f83.js":"bdaddec8205e0ac235c93d27630fe77febd0366d7481ae5fc96095fa19e7d9e8","/_next/static/chunks/ffd901a4b9451019.js":"7a61c3e0936c660f072df5418bedcb518814016f02a87481bd590536c34058fc","/_next/static/chunks/fc25d6d920df504c.js":"b73567d79bd048729469253486bf7d8aab47247df54ad2e514add28eed215a75","/_next/static/chunks/fa2d81c907fbc4ff.js":"1a2dd0a1c4e71f83cf78a3e6c994fea03443efb249dd19548b33d189ee3ff64d","/_next/static/chunks/f1b4d49aa9e249c5.js":"5b84bcb2f9f9ef47dec1d9b70d2d70f4a1d1d3825f139dcbe88a602a61df8481","/_next/static/chunks/e2080acf668cb86c.js":"d4d9bd53a1142aa8602386a3b082959d1c60e285ad401eda0ef09c9eb379536b","/_next/static/media/favicon.0b3bf435.ico":"36eaaa9259cda5765c4061fa8b7bf61c74dbda3a2a721a0811c73f5dae61a2e9","/_next/static/chunks/f511876d5c1bb607.js":"eed8a2af939d94e70011278ad66cc21f16e9115e27e0d0a7a48913370078eedc","/_next/static/chunks/e145faced2a44a53.js":"ab89f3302464679b3fd2cf15f55f6d89c2030fb243f8d4275ca174d9275f6d20","/_next/static/chunks/edf61958dbb20ba6.js":"927ea5d30c47f38cf800dc2b55c799d557fca74eefa8eb8c4dc77919919c8fe6","/_next/static/chunks/f091501564eb2ea3.js":"6f3b0c8b8ddd599c7f117848b5b8ce3b7eebc1beea111a55bff9f509041f33fb","/_next/static/chunks/e0c4a74c03b84e86.js":"58208dccf6d0c0c5dea7d84c932732cc28887c4a312f64b68d0b41a1ee1698ea","/_next/static/chunks/db66d27566d06665.css":"aa70421c0ef87f56c3adcda65a36bdc644be2383c245700d40f01da5c25ebd96","/_next/static/chunks/f3ff8e1e2a6ccdd6.js":"3bfb1be01ea95f587d8919a01e2d73014e91f86f96725165eeef6afc2f08a46e","/_next/static/chunks/dbd21bd1f28b463d.js":"ea8abb9b7648daedbd9b53963c11b464207fa9cee36565fbbb7d3c9909d442c0","/_next/static/chunks/e671796aaa3eac7a.js":"017ebedc0278f6780d2ea3c77d1e66a14971abc9a14dd18ce265b5f3bf48a0d7","/_next/static/chunks/d2be314c3ece3fbe.js":"57e59eea60280d8b4821797483ce89dddb4eb8fbf27f60dd186ec8f7d8d055fd","/_next/static/chunks/df42af0ece85d1a7.js":"d5b24c5e2ab1cd3b5962a70be125808f53ada3523803378f5bc4efcd87a89841","/_next/static/chunks/c20a0fdbded19634.js":"603a72dbe03af5dd792b3c875e1bed9b42027ec294e329d53975194041a5eccb","/_next/static/chunks/cba238eea2d6d98e.js":"cf17bc1751510ee0449801501bbf8c16490c1c7a2391c3df374130abb37fb687","/_next/static/chunks/cd954ea96be93bdd.css":"cb74522209e05758630aa17cc99dfd3adcf4f6fa1d35d96048c73cf07053c211","/icons/icon-maskable-512x512.png":"7b2221dcfa383d0c6c4d4fe942b48f1a777684763c5e26756be63d1602b69788","/icons/icon-maskable-192x192.png":"cb048d7824c8290e9af7bc910c12196f18a392e62025f1142820a235546c99f7","/icons/icon-96x96.png":"d5b29a51d7c05898c814c6147b4feccb8a529a5466855390196db1f5a568d9c6","/icons/icon-72x72.png":"f81206df16ad0d26a7e0938a8393d0cc845c097af448aa4a208a15970f653444","/icons/icon-512x512.png":"e6444c3d6fe482ab7ea5e0c599fd2670bd0b54edbd8b172d1b1cbe0f32dbd871","/icons/icon-384x384.png":"3e98b40a6a5f1860bb12d5514d4c8bc752e1731d8a4523c06e1b72547ab6a7e0","/icons/icon-192x192.png":"7965092fb2c068c3152f4336f6a9397080e739579f98c0d8a1557d730ae5513c","/icons/icon-152x152.png":"e919b56ab65a5ac687a6c19032dc84d281fad580562c226fb584118eb4d9d3bf","/icons/icon-144x144.png":"ee95b01a983215744fba5ae714499a1b518b3f7008ae6cf102528e2522a898d7","/icons/icon-128x128.png":"1ed1874f8bf637a83f6bc63525d090a5caa5fb5afa6c14738a490d7756b9e594","/icons/apple-touch-icon.png":"1c40c0396df38c1fccb50e739d0f9256e71cbe0c9f53b42c6bd6583657f16892","/_next/static/chunks/b78a84890c426c14.js":"e0afb6b41e8b4b5fcc578f835684964e577d67a8b011fa15994d7c94108c74ee","/_next/static/chunks/b9fd79ce107b0666.css":"9487c6e2c781e7165faefd2555109e6a30110ec3e163f1de153007fb3860d034","/_next/static/chunks/c804673e11c060fe.css":"6fc3e2f26a31e8964a6c7f2dd82caa5fad3409765116d5c2b87c1f7d2f5d1d9f","/_next/static/chunks/c179ff6ed7c5a6f8.js":"02fca3261ed76a765738e7864324afe8b7bb7c0987e88f537ffbdaa2e75ba1a8","/_next/static/chunks/b71e48d5cfb32318.css":"1667c31940fd8853fabe77c13993564274c89b234f9b6632c8f93d012ff48181","/_next/static/chunks/a7d020e238b86f37.js":"1b8a2c7de0c32b179499853ac4d8bdd5b692418d08a775b7f8cccbfbc831b381","/_next/static/chunks/df0813d0c4905d33.js":"df3e0db8771b1f40879f1973fa0c8124a18dcb424cc0aeba2a679a2136593f1f","/_next/static/chunks/89152e848d57b57e.js":"f381de7d9f498d7585b67bbeedf779b3b31ca022dc5dcac26a65c05e90ceae20","/_next/static/chunks/b05722c2624aa037.css":"7f31d059cec568d0467240ec462b3be7824665bccdd477abcbe16c5ce9632af0","/_next/static/chunks/942fb4bef1f20b55.js":"25b880a165308cd11c033d8ec495cc81124d697bbd6b8f7b9b07d1f1f4f1a7f6","/_next/static/chunks/aa381e3a9032b80d.js":"20e95398186979c3ccd3a0dd53fd091a13f042b6929b14897805616050b4983b","/_next/static/chunks/999efefb89452efc.css":"d5467e7d74bcadf2c3b9daeb237ec80ba902d70f5272983393f94301411def89","/_next/static/chunks/9872f96822f36f82.css":"894dd1b351816b86edeed03665205f8d9740096887bf876047444417cdf05dd1","/_next/static/chunks/97ab1b8ccde57324.js":"0de64a3085c451e0eb776aac111214a39af3aa9f280b601facf9ce8f6467c294","/_next/static/media/9c72aa0f40e4eef8-s.18a48cbc.woff2":"aeb03c5c1522d2fe6f6384711817dbd6cdbbb3dfa99276adf7325e9eacdae1ee","/_next/static/media/5476f68d60460930-s.c995e352.woff2":"c4de9995b3bb8a73da02308cb75721515f897229c3c422e51304e8afc4bdeccd","/_next/static/media/2c55a0e60120577a-s.2a48534a.woff2":"4ca02247386c89e13dde6791dd0632e3f22aaf94e91bc35ece0edf79ff3e0e77","/_next/static/media/83afe278b6a6bb3c-s.p.3a6ba036.woff2":"86835ac53a0e1de04820388d01b501389d5e9311509282b5e3bfbfc752754083","/_next/static/chunks/71080af540cafb1b.js":"9e216c9d27643b9ff8136f67e60f62d84a9fd378c72e35e8735a2d5522065192","/_next/static/chunks/88f4fb7185fd6b19.js":"5cd5c98c3f7442901bd0a2df064347883a1fe3931db710a275272a192f27daed","/_next/static/chunks/59013f5fda23f9f4.js":"fed3ce2bfd929c8475b1948e1dd73d966c46fbe47d0e6eb98055dd07ba0535a6","/_next/static/chunks/55564b9d037adbcd.css":"6131917837c3e65e2b0b9f69cf48bdf6e609193ced6d6bdf07bff1786d5229e9","/_next/static/chunks/4f1f35d2cb130f89.js":"6845bd160ce1dfae2cd6fa12c42e7c93143e5b0d0b6fe4124878fcdd71ffe834","/_next/static/chunks/419f0b4563c8848f.js":"b2819a298554d06e34e2326a968a8b799e7f837c69a645f216c5a9a383245381","/_next/static/chunks/4d355a7512db6cb3.css":"35516cebab4e685ac70d688663a963f2e6b99924ccd93108415e3046eca56aec","/_next/static/chunks/456a998c7eaeace0.css":"e7f8e7abbcd45ce342092cdd6bbb5aa6a4c7f503d2228a3dbc761b71fe4b3a85","/_next/static/chunks/42eb2289495160e8.css":"29e2d67f239fd82080264330fd9cfa027df4f2c96c987b94c81352aed8613046","/_next/static/chunks/44a8cc563ef3ce41.js":"711deb97c3145ebf7cf729b8b8726c4eeeac2aafa2ccac2260b104a75e7f3088","/_next/static/chunks/3bc27d075667dbbd.js":"154c37b5e3516d4bd7d98191dc339ee301cb8bbac316f0154bff8abe9ab5fb30","/_next/static/chunks/3b8240fd4dd469e3.js":"b13c80e549821e15147f1ffffca63d0b8d9fbb5fdd064dbe02f3b59a07614e0b","/_next/static/chunks/261ffabe3da186d9.js":"659d787ea912fb98a32f40e7c2ba305a4affcbdb8b3afcb36c4050e87e2e5466","/_next/static/chunks/1c22c659564fd3d0.js":"2d339912463d695c0bb8a001b53f558c1fee4afdc03b74039937e91286497e21","/_next/static/chunks/1f717736c9db305c.js":"dde734bc62292daecc3b9035799492168c3aaa89ec2cb23fedee27662d8625e8","/_next/static/chunks/383fed94671371b7.js":"c26a377f79e124413b42fe480b8e97d3ca711ad3d67843fa9b15b4daa8e43e4c","/_next/static/chunks/1adbcfff481a8b6f.js":"4308682cad3a2fccdcff2c53a404a667571b9352c02f48f4c114484265d0f8aa","/_next/static/chunks/0d49fc1445ec9787.css":"5bd94fda3edd36621d98b9934fdaccda8f75f3ad7e901369c9c8b455adef895f","/_next/static/chunks/3115b58f11355293.js":"6983ae677342e348a5eaa92fd51a74a5bec0b51e7eb40a05fd2098e757af517c","/_next/static/chunks/09d6b3989902f1bc.js":"e1a262ae8ec9102cc5d256331ca15a5591f255f670260195abae00e9c684435f","/_next/static/chunks/03c77c7880896f33.css":"d29d2b80e48dfdbaf1473df8232cd80d99e7d92cad2ce68b196406f2e83db8da","/_next/static/chunks/15999c5c147a11eb.js":"0cef70e228e21b99c919318a7641d1f4fb52b844cc1a08513d410ecf5bec72e6","/_next/static/chunks/003487cba9976cc5.js":"9aaca03e8bf7a41eda17472c0c714033bb86eaf6f83137584822dbadb7adc8b3","/_next/static/chunks/a6dad97d9634a72d.js.map":"25ae05f2ece4bc46d2351a2660b3f4347f1adc4181c38f3f596f60ccd615db6f","/_next/static/chunks/a6dad97d9634a72d.js":"18e28d3214eda45048d80d3925ea7627b809e69ad2e95f7f98459e9146a61c3d","/_next/static/chunks/7d6514a90169e63d.js":"2210ce203d1dfcb5e898148a8253e1813f06bf4f46be1b657b03ac224db5ae31","/_next/static/media/1bffadaabf893a1e-s.7cd81963.woff2":"cd2992a875e4939d47289a3cc44c8b8a0e63817f4cc9fbd8b3bdf93b5f66fbb3","/_next/static/chunks/5cb6407b61f79919.css":"68a66cccd6872b09001afda66c10e521c74a13be16c058a838e7dbb447c1f47b","/_next/static/chunks/0333906429d0dec0.js":"5a5f7416922ad882c808a470a56fc4227e654fffc46102cf479cfe57f5e2ecef","/_next/static/chunks/5f6838a6abf34268.js":"a1cffb7bb200c6271568173912c8fce50bea8b43a498a7d80f078e2fd5854524","/_next/static/chunks/254975004d5bd802.js":"720cdff4c06e97b4a2dbe0e59937815ed3dbda8413727214d19041b6df05ccbc"}}
i  hosting: adding files to version [0/98] (0%) 
i  hosting: adding files to version [0/98] (0%) 
[2026-03-13T23:02:00.346Z] <<< [apiv2][status] POST https://firebasehosting.googleapis.com/v1beta1/projects/836679235433/sites/mitalento-ia/versions/1ea379f9d622feb4:populateFiles 200
[2026-03-13T23:02:00.347Z] <<< [apiv2][body] POST https://firebasehosting.googleapis.com/v1beta1/projects/836679235433/sites/mitalento-ia/versions/1ea379f9d622feb4:populateFiles {"uploadUrl":"https://upload-firebasehosting.googleapis.com/upload/sites/mitalento-ia/versions/1ea379f9d622feb4/files"}
[2026-03-13T23:02:00.347Z] [hosting][populate queue][FINAL] {"max":5438,"min":5438,"avg":5438,"active":0,"complete":1,"success":1,"errored":0,"retried":0,"total":1,"elapsed":5438}
[2026-03-13T23:02:00.348Z] [hosting] uploads queued: 0
[2026-03-13T23:02:00.348Z] [hosting][upload queue][FINAL] {"max":0,"min":9999999999,"avg":0,"active":0,"complete":0,"success":0,"errored":0,"retried":0,"total":0,"elapsed":1773442920348}
i  hosting: upload complete 
+  hosting[mitalento-ia]: file upload complete 
[2026-03-13T23:02:00.349Z] [hosting] deploy completed after 5534ms
i  functions: updating Node.js 22 (2nd Gen) function firebase-frameworks-mitalento-ia:ssrmitalentoia(us-central1)... 
[2026-03-13T23:02:00.361Z] Checked if tokens are valid: true, expires at: 1773446187973
[2026-03-13T23:02:00.361Z] Checked if tokens are valid: true, expires at: 1773446187973
[2026-03-13T23:02:00.362Z] >>> [apiv2][query] PATCH https://cloudfunctions.googleapis.com/v2/projects/mitalento-ia/locations/us-central1/functions/ssrmitalentoia updateMask=name%2CbuildConfig.runtime%2CbuildConfig.entryPoint%2CbuildConfig.source.storageSource.bucket%2CbuildConfig.source.storageSource.object%2CbuildConfig.environmentVariables%2CbuildConfig.sourceToken%2CserviceConfig.environmentVariables%2CserviceConfig.ingressSettings%2CserviceConfig.timeoutSeconds%2CserviceConfig.serviceAccountEmail%2CserviceConfig.availableMemory%2CserviceConfig.minInstanceCount%2CserviceConfig.maxInstanceCount%2CserviceConfig.maxInstanceRequestConcurrency%2CserviceConfig.availableCpu%2CserviceConfig.vpcConnector%2CserviceConfig.vpcConnectorEgressSettings%2Clabels
[2026-03-13T23:02:00.362Z] >>> [apiv2][body] PATCH https://cloudfunctions.googleapis.com/v2/projects/mitalento-ia/locations/us-central1/functions/ssrmitalentoia {"name":"projects/mitalento-ia/locations/us-central1/functions/ssrmitalentoia","buildConfig":{"runtime":"nodejs22","entryPoint":"ssrmitalentoia","source":{"storageSource":{"bucket":"gcf-v2-uploads-836679235433.us-central1.cloudfunctions.appspot.com","object":"642e6fe4-f85b-480d-a60c-a24017909adc.zip"}},"environmentVariables":{"GOOGLE_NODE_RUN_SCRIPTS":""}},"serviceConfig":{"environmentVariables":{"NEXT_PUBLIC_FIREBASE_API_KEY":"AIzaSyC3tQNcQKcx2Yx_KcXlM78tteHuk7B0kAM","NEXT_PUBLIC_FIREBASE_AUTH_DOMAIN":"mitalento-ia.web.app","NEXT_PUBLIC_FIREBASE_PROJECT_ID":"mitalento-ia","NEXT_PUBLIC_FIREBASE_STORAGE_BUCKET":"mitalento-ia.firebasestorage.app","NEXT_PUBLIC_FIREBASE_MESSAGING_SENDER_ID":"836679235433","NEXT_PUBLIC_FIREBASE_APP_ID":"1:836679235433:web:c96b5cf37ca43b4a6beff8","NEXT_PUBLIC_FIREBASE_MEASUREMENT_ID":"G-TVKZ25XF6P","GEMINI_API_KEY":"AIzaSyAs66KRjVfJ12ciHnSmBS6Y8Xrarq26He8","ADMIN_CLIENT_EMAIL":"firebase-adminsdk-fbsvc@mitalento-ia.iam.gserviceaccount.com","ADMIN_PRIVATE_KEY":"-----BEGIN PRIVATE KEY-----\nMIIEvAIBADANBgkqhkiG9w0BAQEFAASCBKYwggSiAgEAAoIBAQCseVmNK9kRIG9P\naVQn+36c2H8ApV8K56ppo2QHOTIcpDOqM2igzT9Kg305t955MkWvJUJdIziEP0ur\nZNj9TVa3goW4CyQUZ4B1DFWOj8e+cPk97EINBvHNkaHOGANlaVqxa7JJPZkhaQN5\nFoiLoVvPGlIipqO8WeaenJKBKqxGjuJyDFCW67DGWvgoqUT5h+6QJTupz/AekGBA\nf65vhNCauWjts1hKGeVbduCWN39hX+JTQnrW8hiFaCHMJFKxQR+y8pwDUJSq+/+R\nmQCC0o9niOc3RMh2Bxuq1favfAvri75Hh9HjtHGk4h5pCgIqFdk2T2JkHQZOD8+d\nqVmCGzmTAgMBAAECggEACo2aRyMJsxyS8v704UVoJ9yvWLDFsfse2DvhIPgE8u+x\nIZbnrf8hAkQtY1y2xh+nV+Ilv2EqUh01WhVfmZAj4DKiT/KOkJkMqRzKF2EAzcxH\n09wi5n0oSnXAusWJX6kknXqDfCvCtOKiDcStMi37Wh64K9qaZinyDH50EGc2B1MZ\nCb8mNW6CUb/2JUqL1o08+GpCPMwvdK0+12mLTkCLJAauWqzRnt3VAHOxZeosff+q\nvTkIkjmrCdyDO5cFQDRb+dEaeSWxEfIy4OQV0mSty1IQHEJui2fsxtJzO0P8WG1w\nV2xIXAass7MKv9qVwJa1LWdfArJjVvhgSXHTPT9DgQKBgQDi243ati30Z88jprBp\nycE/p3QMGlnUzKaP8/0iIVPq48odjxW8fLDdzERvFIB0NE9f8coefd3Z9yObx8p+\nT5eUqSxOj4HD6BkMGE0eTVQ6bBP3XfMhq/nRrCzws+5S6NEdesRYWbssipcIqHRX\nMnhnv9sjGK/7SiGehxGLlJEoYQKBgQDCoVW7rqT7TKcpFIFnDf/qLMuS9NAbAnN7\n/NABJXhv9N8N/wkY0my9nTKUpNrEr2qa1rIV6l1TJHLt8U9vDWr3z5xnnGZb1CuM\nfleVspa0/407iwQZEu18ICl3gk6LqFhDyxBaPMnal9HjIizd9vJ+WfI94sQedrvO\nJab0a0XWcwKBgBUlfCKgCsaWiqN7HUSvLtldJZ8fMbJ5ZSlUCAuPacAifauls9P/\nF4mFSffExHiQi7mY00tmVjDELciOphyCFNIhtuSX0fPOBc+v0Dh74tcTTgUn98ry\nufXGg+XoD9Ygp6WE1RqbOqxbOtruwPGD3d9l7epmmbjl3x5k3sjRD3rhAoGANNpl\nEruBd/C/8CruXRLzLR+PBNBQdxU6UTA9OCJ5y0VfEUjxqnjyKKe4pZ8C/ah5NaUZ\n5VOoljxurWj7XjfxlWwemBBjx4odbWCd3jwKKwq+yq2cpkZ6kVuWhyqus8Q6e+Z4\nAVlCo4bY62pLbtdx0JgSbXXYNkGeDIQzC2raIzsCgYBG+Bqx6Ixu42csZvtaboSE\ndM0YVGcvpomeJlRtqI/XB9Aw7XKCI+mZa3KY3yenDrW3H/TFKCwqAwIjlwEmC31/\nodrgZE5UAaW8oAP6LAEFdPGl6htLlmoRQsoLGzgffeM6eF2B+714ZX9hHc6HiROi\nq3vBLwrOZr59XEdujngGkg==\n-----END PRIVATE KEY-----\n","VERCEL_URL":"mitalento-ia.web.app","__FIREBASE_FRAMEWORKS_ENTRY__":"next.js","__FIREBASE_DEFAULTS__":"{\"config\":{\"projectId\":\"mitalento-ia\",\"appId\":\"1:836679235433:web:c96b5cf37ca43b4a6beff8\",\"storageBucket\":\"mitalento-ia.firebasestorage.app\",\"apiKey\":\"AIzaSyC3tQNcQKcx2Yx_KcXlM78tteHuk7B0kAM\",\"authDomain\":\"mitalento-ia.firebaseapp.com\",\"messagingSenderId\":\"836679235433\",\"measurementId\":\"G-TVKZ25XF6P\",\"projectNumber\":\"836679235433\",\"version\":\"2\"},\"_authTokenSyncURL\":\"/__session\"}","FIREBASE_CONFIG":"{\"projectId\":\"mitalento-ia\",\"storageBucket\":\"mitalento-ia.firebasestorage.app\"}","GCLOUD_PROJECT":"mitalento-ia","EVENTARC_CLOUD_EVENT_SOURCE":"projects/mitalento-ia/locations/us-central1/services/ssrmitalentoia","FUNCTION_TARGET":"ssrmitalentoia","LOG_EXECUTION_ID":"true"},"ingressSettings":null,"timeoutSeconds":null,"serviceAccountEmail":null,"availableMemory":"256Mi","minInstanceCount":null,"maxInstanceCount":null,"maxInstanceRequestConcurrency":80,"availableCpu":"1","vpcConnector":null,"vpcConnectorEgressSettings":null},"labels":{"deployment-tool":"cli-firebase","firebase-functions-codebase":"firebase-frameworks-mitalento-ia","firebase-functions-hash":"0f53685feb3474a313e94f3c7b39967d5e9218a4"}}
[2026-03-13T23:02:03.546Z] <<< [apiv2][status] PATCH https://cloudfunctions.googleapis.com/v2/projects/mitalento-ia/locations/us-central1/functions/ssrmitalentoia 200
[2026-03-13T23:02:03.546Z] <<< [apiv2][body] PATCH https://cloudfunctions.googleapis.com/v2/projects/mitalento-ia/locations/us-central1/functions/ssrmitalentoia {"name":"projects/mitalento-ia/locations/us-central1/operations/operation-1773442922445-64cefdb6bfb48-d060cf31-40789916","metadata":{"@type":"type.googleapis.com/google.cloud.functions.v2.OperationMetadata","createTime":"2026-03-13T23:02:03.691565423Z","target":"projects/mitalento-ia/locations/us-central1/functions/ssrmitalentoia","verb":"update","cancelRequested":false,"apiVersion":"v2"},"done":false}
[2026-03-13T23:02:03.548Z] Checked if tokens are valid: true, expires at: 1773446187973
[2026-03-13T23:02:03.548Z] Checked if tokens are valid: true, expires at: 1773446187973
[2026-03-13T23:02:03.548Z] >>> [apiv2][query] GET https://cloudfunctions.googleapis.com/v2/projects/mitalento-ia/locations/us-central1/operations/operation-1773442922445-64cefdb6bfb48-d060cf31-40789916 [none]
[2026-03-13T23:02:04.159Z] <<< [apiv2][status] GET https://cloudfunctions.googleapis.com/v2/projects/mitalento-ia/locations/us-central1/operations/operation-1773442922445-64cefdb6bfb48-d060cf31-40789916 200
[2026-03-13T23:02:04.159Z] <<< [apiv2][body] GET https://cloudfunctions.googleapis.com/v2/projects/mitalento-ia/locations/us-central1/operations/operation-1773442922445-64cefdb6bfb48-d060cf31-40789916 {"name":"projects/mitalento-ia/locations/us-central1/operations/operation-1773442922445-64cefdb6bfb48-d060cf31-40789916","metadata":{"@type":"type.googleapis.com/google.cloud.functions.v2.OperationMetadata","createTime":"2026-03-13T23:02:03.691565423Z","target":"projects/mitalento-ia/locations/us-central1/functions/ssrmitalentoia","verb":"update","cancelRequested":false,"apiVersion":"v2","requestResource":{"@type":"type.googleapis.com/google.cloud.functions.v2.Function","name":"projects/mitalento-ia/locations/us-central1/functions/ssrmitalentoia","buildConfig":{"runtime":"nodejs22","entryPoint":"ssrmitalentoia","source":{"storageSource":{"bucket":"gcf-v2-sources-836679235433-us-central1","object":"ssrmitalentoia/function-source.zip","generation":"1773442923599855"}},"environmentVariables":{"GOOGLE_NODE_RUN_SCRIPTS":""},"dockerRepository":"projects/mitalento-ia/locations/us-central1/repositories/gcf-artifacts","sourceProvenance":{"resolvedStorageSource":{"bucket":"gcf-v2-sources-836679235433-us-central1","object":"ssrmitalentoia/function-source.zip","generation":"1773251901577266"}},"dockerRegistry":"ARTIFACT_REGISTRY","serviceAccount":"projects/mitalento-ia/serviceAccounts/836679235433-compute@developer.gserviceaccount.com","automaticUpdatePolicy":{}},"serviceConfig":{"service":"projects/mitalento-ia/locations/us-central1/services/ssrmitalentoia","timeoutSeconds":60,"environmentVariables":{"NEXT_PUBLIC_FIREBASE_API_KEY":"AIzaSyC3tQNcQKcx2Yx_KcXlM78tteHuk7B0kAM","NEXT_PUBLIC_FIREBASE_AUTH_DOMAIN":"mitalento-ia.web.app","NEXT_PUBLIC_FIREBASE_PROJECT_ID":"mitalento-ia","NEXT_PUBLIC_FIREBASE_STORAGE_BUCKET":"mitalento-ia.firebasestorage.app","NEXT_PUBLIC_FIREBASE_MESSAGING_SENDER_ID":"836679235433","NEXT_PUBLIC_FIREBASE_APP_ID":"1:836679235433:web:c96b5cf37ca43b4a6beff8","NEXT_PUBLIC_FIREBASE_MEASUREMENT_ID":"G-TVKZ25XF6P","GEMINI_API_KEY":"AIzaSyAs66KRjVfJ12ciHnSmBS6Y8Xrarq26He8","ADMIN_CLIENT_EMAIL":"firebase-adminsdk-fbsvc@mitalento-ia.iam.gserviceaccount.com","ADMIN_PRIVATE_KEY":"-----BEGIN PRIVATE KEY-----\nMIIEvAIBADANBgkqhkiG9w0BAQEFAASCBKYwggSiAgEAAoIBAQCseVmNK9kRIG9P\naVQn+36c2H8ApV8K56ppo2QHOTIcpDOqM2igzT9Kg305t955MkWvJUJdIziEP0ur\nZNj9TVa3goW4CyQUZ4B1DFWOj8e+cPk97EINBvHNkaHOGANlaVqxa7JJPZkhaQN5\nFoiLoVvPGlIipqO8WeaenJKBKqxGjuJyDFCW67DGWvgoqUT5h+6QJTupz/AekGBA\nf65vhNCauWjts1hKGeVbduCWN39hX+JTQnrW8hiFaCHMJFKxQR+y8pwDUJSq+/+R\nmQCC0o9niOc3RMh2Bxuq1favfAvri75Hh9HjtHGk4h5pCgIqFdk2T2JkHQZOD8+d\nqVmCGzmTAgMBAAECggEACo2aRyMJsxyS8v704UVoJ9yvWLDFsfse2DvhIPgE8u+x\nIZbnrf8hAkQtY1y2xh+nV+Ilv2EqUh01WhVfmZAj4DKiT/KOkJkMqRzKF2EAzcxH\n09wi5n0oSnXAusWJX6kknXqDfCvCtOKiDcStMi37Wh64K9qaZinyDH50EGc2B1MZ\nCb8mNW6CUb/2JUqL1o08+GpCPMwvdK0+12mLTkCLJAauWqzRnt3VAHOxZeosff+q\nvTkIkjmrCdyDO5cFQDRb+dEaeSWxEfIy4OQV0mSty1IQHEJui2fsxtJzO0P8WG1w\nV2xIXAass7MKv9qVwJa1LWdfArJjVvhgSXHTPT9DgQKBgQDi243ati30Z88jprBp\nycE/p3QMGlnUzKaP8/0iIVPq48odjxW8fLDdzERvFIB0NE9f8coefd3Z9yObx8p+\nT5eUqSxOj4HD6BkMGE0eTVQ6bBP3XfMhq/nRrCzws+5S6NEdesRYWbssipcIqHRX\nMnhnv9sjGK/7SiGehxGLlJEoYQKBgQDCoVW7rqT7TKcpFIFnDf/qLMuS9NAbAnN7\n/NABJXhv9N8N/wkY0my9nTKUpNrEr2qa1rIV6l1TJHLt8U9vDWr3z5xnnGZb1CuM\nfleVspa0/407iwQZEu18ICl3gk6LqFhDyxBaPMnal9HjIizd9vJ+WfI94sQedrvO\nJab0a0XWcwKBgBUlfCKgCsaWiqN7HUSvLtldJZ8fMbJ5ZSlUCAuPacAifauls9P/\nF4mFSffExHiQi7mY00tmVjDELciOphyCFNIhtuSX0fPOBc+v0Dh74tcTTgUn98ry\nufXGg+XoD9Ygp6WE1RqbOqxbOtruwPGD3d9l7epmmbjl3x5k3sjRD3rhAoGANNpl\nEruBd/C/8CruXRLzLR+PBNBQdxU6UTA9OCJ5y0VfEUjxqnjyKKe4pZ8C/ah5NaUZ\n5VOoljxurWj7XjfxlWwemBBjx4odbWCd3jwKKwq+yq2cpkZ6kVuWhyqus8Q6e+Z4\nAVlCo4bY62pLbtdx0JgSbXXYNkGeDIQzC2raIzsCgYBG+Bqx6Ixu42csZvtaboSE\ndM0YVGcvpomeJlRtqI/XB9Aw7XKCI+mZa3KY3yenDrW3H/TFKCwqAwIjlwEmC31/\nodrgZE5UAaW8oAP6LAEFdPGl6htLlmoRQsoLGzgffeM6eF2B+714ZX9hHc6HiROi\nq3vBLwrOZr59XEdujngGkg==\n-----END PRIVATE KEY-----\n","VERCEL_URL":"mitalento-ia.web.app","__FIREBASE_FRAMEWORKS_ENTRY__":"next.js","__FIREBASE_DEFAULTS__":"{\"config\":{\"projectId\":\"mitalento-ia\",\"appId\":\"1:836679235433:web:c96b5cf37ca43b4a6beff8\",\"storageBucket\":\"mitalento-ia.firebasestorage.app\",\"apiKey\":\"AIzaSyC3tQNcQKcx2Yx_KcXlM78tteHuk7B0kAM\",\"authDomain\":\"mitalento-ia.firebaseapp.com\",\"messagingSenderId\":\"836679235433\",\"measurementId\":\"G-TVKZ25XF6P\",\"projectNumber\":\"836679235433\",\"version\":\"2\"},\"_authTokenSyncURL\":\"/__session\"}","FIREBASE_CONFIG":"{\"projectId\":\"mitalento-ia\",\"storageBucket\":\"mitalento-ia.firebasestorage.app\"}","GCLOUD_PROJECT":"mitalento-ia","EVENTARC_CLOUD_EVENT_SOURCE":"projects/mitalento-ia/locations/us-central1/services/ssrmitalentoia","FUNCTION_TARGET":"ssrmitalentoia","LOG_EXECUTION_ID":"true"},"ingressSettings":"ALLOW_ALL","uri":"https://ssrmitalentoia-awexrf4v2q-uc.a.run.app","serviceAccountEmail":"836679235433-compute@developer.gserviceaccount.com","availableMemory":"256Mi","allTrafficOnLatestRevision":true,"revision":"ssrmitalentoia-00125-yah","maxInstanceRequestConcurrency":80,"availableCpu":"1"},"state":"ACTIVE","labels":{"deployment-tool":"gcloud","firebase-functions-codebase":"firebase-frameworks-mitalento-ia","firebase-functions-hash":"0f53685feb3474a313e94f3c7b39967d5e9218a4"},"environment":"GEN_2","url":"https://us-central1-mitalento-ia.cloudfunctions.net/ssrmitalentoia","satisfiesPzi":true},"stages":[{"name":"BUILD","state":"NOT_STARTED"},{"name":"SERVICE","state":"NOT_STARTED"}],"operationType":"UPDATE_FUNCTION"},"done":false}
[2026-03-13T23:02:04.663Z] [update-firebase-frameworks-mitalento-ia-us-central1-ssrmitalentoia] Retrying task index 0
[2026-03-13T23:02:04.664Z] Checked if tokens are valid: true, expires at: 1773446187973
[2026-03-13T23:02:04.664Z] Checked if tokens are valid: true, expires at: 1773446187973
[2026-03-13T23:02:04.664Z] >>> [apiv2][query] GET https://cloudfunctions.googleapis.com/v2/projects/mitalento-ia/locations/us-central1/operations/operation-1773442922445-64cefdb6bfb48-d060cf31-40789916 [none]
[2026-03-13T23:02:05.273Z] <<< [apiv2][status] GET https://cloudfunctions.googleapis.com/v2/projects/mitalento-ia/locations/us-central1/operations/operation-1773442922445-64cefdb6bfb48-d060cf31-40789916 200
[2026-03-13T23:02:05.273Z] <<< [apiv2][body] GET https://cloudfunctions.googleapis.com/v2/projects/mitalento-ia/locations/us-central1/operations/operation-1773442922445-64cefdb6bfb48-d060cf31-40789916 {"name":"projects/mitalento-ia/locations/us-central1/operations/operation-1773442922445-64cefdb6bfb48-d060cf31-40789916","metadata":{"@type":"type.googleapis.com/google.cloud.functions.v2.OperationMetadata","createTime":"2026-03-13T23:02:03.691565423Z","target":"projects/mitalento-ia/locations/us-central1/functions/ssrmitalentoia","verb":"update","cancelRequested":false,"apiVersion":"v2","requestResource":{"@type":"type.googleapis.com/google.cloud.functions.v2.Function","name":"projects/mitalento-ia/locations/us-central1/functions/ssrmitalentoia","buildConfig":{"runtime":"nodejs22","entryPoint":"ssrmitalentoia","source":{"storageSource":{"bucket":"gcf-v2-sources-836679235433-us-central1","object":"ssrmitalentoia/function-source.zip","generation":"1773442923599855"}},"environmentVariables":{"GOOGLE_NODE_RUN_SCRIPTS":""},"dockerRepository":"projects/mitalento-ia/locations/us-central1/repositories/gcf-artifacts","sourceProvenance":{"resolvedStorageSource":{"bucket":"gcf-v2-sources-836679235433-us-central1","object":"ssrmitalentoia/function-source.zip","generation":"1773251901577266"}},"dockerRegistry":"ARTIFACT_REGISTRY","serviceAccount":"projects/mitalento-ia/serviceAccounts/836679235433-compute@developer.gserviceaccount.com","automaticUpdatePolicy":{}},"serviceConfig":{"service":"projects/mitalento-ia/locations/us-central1/services/ssrmitalentoia","timeoutSeconds":60,"environmentVariables":{"NEXT_PUBLIC_FIREBASE_API_KEY":"AIzaSyC3tQNcQKcx2Yx_KcXlM78tteHuk7B0kAM","NEXT_PUBLIC_FIREBASE_AUTH_DOMAIN":"mitalento-ia.web.app","NEXT_PUBLIC_FIREBASE_PROJECT_ID":"mitalento-ia","NEXT_PUBLIC_FIREBASE_STORAGE_BUCKET":"mitalento-ia.firebasestorage.app","NEXT_PUBLIC_FIREBASE_MESSAGING_SENDER_ID":"836679235433","NEXT_PUBLIC_FIREBASE_APP_ID":"1:836679235433:web:c96b5cf37ca43b4a6beff8","NEXT_PUBLIC_FIREBASE_MEASUREMENT_ID":"G-TVKZ25XF6P","GEMINI_API_KEY":"AIzaSyAs66KRjVfJ12ciHnSmBS6Y8Xrarq26He8","ADMIN_CLIENT_EMAIL":"firebase-adminsdk-fbsvc@mitalento-ia.iam.gserviceaccount.com","ADMIN_PRIVATE_KEY":"-----BEGIN PRIVATE KEY-----\nMIIEvAIBADANBgkqhkiG9w0BAQEFAASCBKYwggSiAgEAAoIBAQCseVmNK9kRIG9P\naVQn+36c2H8ApV8K56ppo2QHOTIcpDOqM2igzT9Kg305t955MkWvJUJdIziEP0ur\nZNj9TVa3goW4CyQUZ4B1DFWOj8e+cPk97EINBvHNkaHOGANlaVqxa7JJPZkhaQN5\nFoiLoVvPGlIipqO8WeaenJKBKqxGjuJyDFCW67DGWvgoqUT5h+6QJTupz/AekGBA\nf65vhNCauWjts1hKGeVbduCWN39hX+JTQnrW8hiFaCHMJFKxQR+y8pwDUJSq+/+R\nmQCC0o9niOc3RMh2Bxuq1favfAvri75Hh9HjtHGk4h5pCgIqFdk2T2JkHQZOD8+d\nqVmCGzmTAgMBAAECggEACo2aRyMJsxyS8v704UVoJ9yvWLDFsfse2DvhIPgE8u+x\nIZbnrf8hAkQtY1y2xh+nV+Ilv2EqUh01WhVfmZAj4DKiT/KOkJkMqRzKF2EAzcxH\n09wi5n0oSnXAusWJX6kknXqDfCvCtOKiDcStMi37Wh64K9qaZinyDH50EGc2B1MZ\nCb8mNW6CUb/2JUqL1o08+GpCPMwvdK0+12mLTkCLJAauWqzRnt3VAHOxZeosff+q\nvTkIkjmrCdyDO5cFQDRb+dEaeSWxEfIy4OQV0mSty1IQHEJui2fsxtJzO0P8WG1w\nV2xIXAass7MKv9qVwJa1LWdfArJjVvhgSXHTPT9DgQKBgQDi243ati30Z88jprBp\nycE/p3QMGlnUzKaP8/0iIVPq48odjxW8fLDdzERvFIB0NE9f8coefd3Z9yObx8p+\nT5eUqSxOj4HD6BkMGE0eTVQ6bBP3XfMhq/nRrCzws+5S6NEdesRYWbssipcIqHRX\nMnhnv9sjGK/7SiGehxGLlJEoYQKBgQDCoVW7rqT7TKcpFIFnDf/qLMuS9NAbAnN7\n/NABJXhv9N8N/wkY0my9nTKUpNrEr2qa1rIV6l1TJHLt8U9vDWr3z5xnnGZb1CuM\nfleVspa0/407iwQZEu18ICl3gk6LqFhDyxBaPMnal9HjIizd9vJ+WfI94sQedrvO\nJab0a0XWcwKBgBUlfCKgCsaWiqN7HUSvLtldJZ8fMbJ5ZSlUCAuPacAifauls9P/\nF4mFSffExHiQi7mY00tmVjDELciOphyCFNIhtuSX0fPOBc+v0Dh74tcTTgUn98ry\nufXGg+XoD9Ygp6WE1RqbOqxbOtruwPGD3d9l7epmmbjl3x5k3sjRD3rhAoGANNpl\nEruBd/C/8CruXRLzLR+PBNBQdxU6UTA9OCJ5y0VfEUjxqnjyKKe4pZ8C/ah5NaUZ\n5VOoljxurWj7XjfxlWwemBBjx4odbWCd3jwKKwq+yq2cpkZ6kVuWhyqus8Q6e+Z4\nAVlCo4bY62pLbtdx0JgSbXXYNkGeDIQzC2raIzsCgYBG+Bqx6Ixu42csZvtaboSE\ndM0YVGcvpomeJlRtqI/XB9Aw7XKCI+mZa3KY3yenDrW3H/TFKCwqAwIjlwEmC31/\nodrgZE5UAaW8oAP6LAEFdPGl6htLlmoRQsoLGzgffeM6eF2B+714ZX9hHc6HiROi\nq3vBLwrOZr59XEdujngGkg==\n-----END PRIVATE KEY-----\n","VERCEL_URL":"mitalento-ia.web.app","__FIREBASE_FRAMEWORKS_ENTRY__":"next.js","__FIREBASE_DEFAULTS__":"{\"config\":{\"projectId\":\"mitalento-ia\",\"appId\":\"1:836679235433:web:c96b5cf37ca43b4a6beff8\",\"storageBucket\":\"mitalento-ia.firebasestorage.app\",\"apiKey\":\"AIzaSyC3tQNcQKcx2Yx_KcXlM78tteHuk7B0kAM\",\"authDomain\":\"mitalento-ia.firebaseapp.com\",\"messagingSenderId\":\"836679235433\",\"measurementId\":\"G-TVKZ25XF6P\",\"projectNumber\":\"836679235433\",\"version\":\"2\"},\"_authTokenSyncURL\":\"/__session\"}","FIREBASE_CONFIG":"{\"projectId\":\"mitalento-ia\",\"storageBucket\":\"mitalento-ia.firebasestorage.app\"}","GCLOUD_PROJECT":"mitalento-ia","EVENTARC_CLOUD_EVENT_SOURCE":"projects/mitalento-ia/locations/us-central1/services/ssrmitalentoia","FUNCTION_TARGET":"ssrmitalentoia","LOG_EXECUTION_ID":"true"},"ingressSettings":"ALLOW_ALL","uri":"https://ssrmitalentoia-awexrf4v2q-uc.a.run.app","serviceAccountEmail":"836679235433-compute@developer.gserviceaccount.com","availableMemory":"256Mi","allTrafficOnLatestRevision":true,"revision":"ssrmitalentoia-00125-yah","maxInstanceRequestConcurrency":80,"availableCpu":"1"},"state":"ACTIVE","labels":{"deployment-tool":"gcloud","firebase-functions-codebase":"firebase-frameworks-mitalento-ia","firebase-functions-hash":"0f53685feb3474a313e94f3c7b39967d5e9218a4"},"environment":"GEN_2","url":"https://us-central1-mitalento-ia.cloudfunctions.net/ssrmitalentoia","satisfiesPzi":true},"stages":[{"name":"BUILD","message":"Build in progress","state":"IN_PROGRESS","resource":"projects/836679235433/locations/us-central1/builds/0ada40f8-f728-469e-b824-14ed1ef473b1","resourceUri":"https://console.cloud.google.com/cloud-build/builds;region=us-central1/0ada40f8-f728-469e-b824-14ed1ef473b1?project=836679235433"},{"name":"SERVICE","state":"NOT_STARTED"}],"operationType":"UPDATE_FUNCTION","buildName":"projects/836679235433/locations/us-central1/builds/0ada40f8-f728-469e-b824-14ed1ef473b1"},"done":false}
[2026-03-13T23:02:06.280Z] [update-firebase-frameworks-mitalento-ia-us-central1-ssrmitalentoia] Retrying task index 0
[2026-03-13T23:02:06.281Z] Checked if tokens are valid: true, expires at: 1773446187973
[2026-03-13T23:02:06.281Z] Checked if tokens are valid: true, expires at: 1773446187973
[2026-03-13T23:02:06.281Z] >>> [apiv2][query] GET https://cloudfunctions.googleapis.com/v2/projects/mitalento-ia/locations/us-central1/operations/operation-1773442922445-64cefdb6bfb48-d060cf31-40789916 [none]
[2026-03-13T23:02:06.781Z] <<< [apiv2][status] GET https://cloudfunctions.googleapis.com/v2/projects/mitalento-ia/locations/us-central1/operations/operation-1773442922445-64cefdb6bfb48-d060cf31-40789916 200
[2026-03-13T23:02:06.781Z] <<< [apiv2][body] GET https://cloudfunctions.googleapis.com/v2/projects/mitalento-ia/locations/us-central1/operations/operation-1773442922445-64cefdb6bfb48-d060cf31-40789916 {"name":"projects/mitalento-ia/locations/us-central1/operations/operation-1773442922445-64cefdb6bfb48-d060cf31-40789916","metadata":{"@type":"type.googleapis.com/google.cloud.functions.v2.OperationMetadata","createTime":"2026-03-13T23:02:03.691565423Z","target":"projects/mitalento-ia/locations/us-central1/functions/ssrmitalentoia","verb":"update","cancelRequested":false,"apiVersion":"v2","requestResource":{"@type":"type.googleapis.com/google.cloud.functions.v2.Function","name":"projects/mitalento-ia/locations/us-central1/functions/ssrmitalentoia","buildConfig":{"runtime":"nodejs22","entryPoint":"ssrmitalentoia","source":{"storageSource":{"bucket":"gcf-v2-sources-836679235433-us-central1","object":"ssrmitalentoia/function-source.zip","generation":"1773442923599855"}},"environmentVariables":{"GOOGLE_NODE_RUN_SCRIPTS":""},"dockerRepository":"projects/mitalento-ia/locations/us-central1/repositories/gcf-artifacts","sourceProvenance":{"resolvedStorageSource":{"bucket":"gcf-v2-sources-836679235433-us-central1","object":"ssrmitalentoia/function-source.zip","generation":"1773251901577266"}},"dockerRegistry":"ARTIFACT_REGISTRY","serviceAccount":"projects/mitalento-ia/serviceAccounts/836679235433-compute@developer.gserviceaccount.com","automaticUpdatePolicy":{}},"serviceConfig":{"service":"projects/mitalento-ia/locations/us-central1/services/ssrmitalentoia","timeoutSeconds":60,"environmentVariables":{"NEXT_PUBLIC_FIREBASE_API_KEY":"AIzaSyC3tQNcQKcx2Yx_KcXlM78tteHuk7B0kAM","NEXT_PUBLIC_FIREBASE_AUTH_DOMAIN":"mitalento-ia.web.app","NEXT_PUBLIC_FIREBASE_PROJECT_ID":"mitalento-ia","NEXT_PUBLIC_FIREBASE_STORAGE_BUCKET":"mitalento-ia.firebasestorage.app","NEXT_PUBLIC_FIREBASE_MESSAGING_SENDER_ID":"836679235433","NEXT_PUBLIC_FIREBASE_APP_ID":"1:836679235433:web:c96b5cf37ca43b4a6beff8","NEXT_PUBLIC_FIREBASE_MEASUREMENT_ID":"G-TVKZ25XF6P","GEMINI_API_KEY":"AIzaSyAs66KRjVfJ12ciHnSmBS6Y8Xrarq26He8","ADMIN_CLIENT_EMAIL":"firebase-adminsdk-fbsvc@mitalento-ia.iam.gserviceaccount.com","ADMIN_PRIVATE_KEY":"-----BEGIN PRIVATE KEY-----\nMIIEvAIBADANBgkqhkiG9w0BAQEFAASCBKYwggSiAgEAAoIBAQCseVmNK9kRIG9P\naVQn+36c2H8ApV8K56ppo2QHOTIcpDOqM2igzT9Kg305t955MkWvJUJdIziEP0ur\nZNj9TVa3goW4CyQUZ4B1DFWOj8e+cPk97EINBvHNkaHOGANlaVqxa7JJPZkhaQN5\nFoiLoVvPGlIipqO8WeaenJKBKqxGjuJyDFCW67DGWvgoqUT5h+6QJTupz/AekGBA\nf65vhNCauWjts1hKGeVbduCWN39hX+JTQnrW8hiFaCHMJFKxQR+y8pwDUJSq+/+R\nmQCC0o9niOc3RMh2Bxuq1favfAvri75Hh9HjtHGk4h5pCgIqFdk2T2JkHQZOD8+d\nqVmCGzmTAgMBAAECggEACo2aRyMJsxyS8v704UVoJ9yvWLDFsfse2DvhIPgE8u+x\nIZbnrf8hAkQtY1y2xh+nV+Ilv2EqUh01WhVfmZAj4DKiT/KOkJkMqRzKF2EAzcxH\n09wi5n0oSnXAusWJX6kknXqDfCvCtOKiDcStMi37Wh64K9qaZinyDH50EGc2B1MZ\nCb8mNW6CUb/2JUqL1o08+GpCPMwvdK0+12mLTkCLJAauWqzRnt3VAHOxZeosff+q\nvTkIkjmrCdyDO5cFQDRb+dEaeSWxEfIy4OQV0mSty1IQHEJui2fsxtJzO0P8WG1w\nV2xIXAass7MKv9qVwJa1LWdfArJjVvhgSXHTPT9DgQKBgQDi243ati30Z88jprBp\nycE/p3QMGlnUzKaP8/0iIVPq48odjxW8fLDdzERvFIB0NE9f8coefd3Z9yObx8p+\nT5eUqSxOj4HD6BkMGE0eTVQ6bBP3XfMhq/nRrCzws+5S6NEdesRYWbssipcIqHRX\nMnhnv9sjGK/7SiGehxGLlJEoYQKBgQDCoVW7rqT7TKcpFIFnDf/qLMuS9NAbAnN7\n/NABJXhv9N8N/wkY0my9nTKUpNrEr2qa1rIV6l1TJHLt8U9vDWr3z5xnnGZb1CuM\nfleVspa0/407iwQZEu18ICl3gk6LqFhDyxBaPMnal9HjIizd9vJ+WfI94sQedrvO\nJab0a0XWcwKBgBUlfCKgCsaWiqN7HUSvLtldJZ8fMbJ5ZSlUCAuPacAifauls9P/\nF4mFSffExHiQi7mY00tmVjDELciOphyCFNIhtuSX0fPOBc+v0Dh74tcTTgUn98ry\nufXGg+XoD9Ygp6WE1RqbOqxbOtruwPGD3d9l7epmmbjl3x5k3sjRD3rhAoGANNpl\nEruBd/C/8CruXRLzLR+PBNBQdxU6UTA9OCJ5y0VfEUjxqnjyKKe4pZ8C/ah5NaUZ\n5VOoljxurWj7XjfxlWwemBBjx4odbWCd3jwKKwq+yq2cpkZ6kVuWhyqus8Q6e+Z4\nAVlCo4bY62pLbtdx0JgSbXXYNkGeDIQzC2raIzsCgYBG+Bqx6Ixu42csZvtaboSE\ndM0YVGcvpomeJlRtqI/XB9Aw7XKCI+mZa3KY3yenDrW3H/TFKCwqAwIjlwEmC31/\nodrgZE5UAaW8oAP6LAEFdPGl6htLlmoRQsoLGzgffeM6eF2B+714ZX9hHc6HiROi\nq3vBLwrOZr59XEdujngGkg==\n-----END PRIVATE KEY-----\n","VERCEL_URL":"mitalento-ia.web.app","__FIREBASE_FRAMEWORKS_ENTRY__":"next.js","__FIREBASE_DEFAULTS__":"{\"config\":{\"projectId\":\"mitalento-ia\",\"appId\":\"1:836679235433:web:c96b5cf37ca43b4a6beff8\",\"storageBucket\":\"mitalento-ia.firebasestorage.app\",\"apiKey\":\"AIzaSyC3tQNcQKcx2Yx_KcXlM78tteHuk7B0kAM\",\"authDomain\":\"mitalento-ia.firebaseapp.com\",\"messagingSenderId\":\"836679235433\",\"measurementId\":\"G-TVKZ25XF6P\",\"projectNumber\":\"836679235433\",\"version\":\"2\"},\"_authTokenSyncURL\":\"/__session\"}","FIREBASE_CONFIG":"{\"projectId\":\"mitalento-ia\",\"storageBucket\":\"mitalento-ia.firebasestorage.app\"}","GCLOUD_PROJECT":"mitalento-ia","EVENTARC_CLOUD_EVENT_SOURCE":"projects/mitalento-ia/locations/us-central1/services/ssrmitalentoia","FUNCTION_TARGET":"ssrmitalentoia","LOG_EXECUTION_ID":"true"},"ingressSettings":"ALLOW_ALL","uri":"https://ssrmitalentoia-awexrf4v2q-uc.a.run.app","serviceAccountEmail":"836679235433-compute@developer.gserviceaccount.com","availableMemory":"256Mi","allTrafficOnLatestRevision":true,"revision":"ssrmitalentoia-00125-yah","maxInstanceRequestConcurrency":80,"availableCpu":"1"},"state":"ACTIVE","labels":{"deployment-tool":"gcloud","firebase-functions-codebase":"firebase-frameworks-mitalento-ia","firebase-functions-hash":"0f53685feb3474a313e94f3c7b39967d5e9218a4"},"environment":"GEN_2","url":"https://us-central1-mitalento-ia.cloudfunctions.net/ssrmitalentoia","satisfiesPzi":true},"stages":[{"name":"BUILD","message":"Build in progress","state":"IN_PROGRESS","resource":"projects/836679235433/locations/us-central1/builds/0ada40f8-f728-469e-b824-14ed1ef473b1","resourceUri":"https://console.cloud.google.com/cloud-build/builds;region=us-central1/0ada40f8-f728-469e-b824-14ed1ef473b1?project=836679235433"},{"name":"SERVICE","state":"NOT_STARTED"}],"operationType":"UPDATE_FUNCTION","buildName":"projects/836679235433/locations/us-central1/builds/0ada40f8-f728-469e-b824-14ed1ef473b1"},"done":false}
[2026-03-13T23:02:08.795Z] [update-firebase-frameworks-mitalento-ia-us-central1-ssrmitalentoia] Retrying task index 0
[2026-03-13T23:02:08.797Z] Checked if tokens are valid: true, expires at: 1773446187973
[2026-03-13T23:02:08.797Z] Checked if tokens are valid: true, expires at: 1773446187973
[2026-03-13T23:04:44.922Z] >>> [apiv2][query] GET https://cloudfunctions.googleapis.com/v2/projects/mitalento-ia/locations/us-central1/operations/operation-1773442922445-64cefdb6bfb48-d060cf31-40789916 [none]
[2026-03-13T23:04:44.928Z] *** [apiv2] error from fetch(https://cloudfunctions.googleapis.com/v2/projects/mitalento-ia/locations/us-central1/operations/operation-1773442922445-64cefdb6bfb48-d060cf31-40789916, {"headers":{},"method":"GET"}): FetchError: request to https://cloudfunctions.googleapis.com/v2/projects/mitalento-ia/locations/us-central1/operations/operation-1773442922445-64cefdb6bfb48-d060cf31-40789916 failed, reason: write ECONNRESET
[2026-03-13T23:04:48.946Z] [update-firebase-frameworks-mitalento-ia-us-central1-ssrmitalentoia] Retrying task index 0
[2026-03-13T23:04:48.947Z] Checked if tokens are valid: true, expires at: 1773446187973
[2026-03-13T23:04:48.947Z] Checked if tokens are valid: true, expires at: 1773446187973
[2026-03-13T23:04:48.948Z] >>> [apiv2][query] GET https://cloudfunctions.googleapis.com/v2/projects/mitalento-ia/locations/us-central1/operations/operation-1773442922445-64cefdb6bfb48-d060cf31-40789916 [none]
[2026-03-13T23:04:54.297Z] <<< [apiv2][status] GET https://cloudfunctions.googleapis.com/v2/projects/mitalento-ia/locations/us-central1/operations/operation-1773442922445-64cefdb6bfb48-d060cf31-40789916 200
[2026-03-13T23:04:54.297Z] <<< [apiv2][body] GET https://cloudfunctions.googleapis.com/v2/projects/mitalento-ia/locations/us-central1/operations/operation-1773442922445-64cefdb6bfb48-d060cf31-40789916 {"name":"projects/mitalento-ia/locations/us-central1/operations/operation-1773442922445-64cefdb6bfb48-d060cf31-40789916","metadata":{"@type":"type.googleapis.com/google.cloud.functions.v2.OperationMetadata","createTime":"2026-03-13T23:02:03.691565423Z","target":"projects/mitalento-ia/locations/us-central1/functions/ssrmitalentoia","verb":"update","cancelRequested":false,"apiVersion":"v2","requestResource":{"@type":"type.googleapis.com/google.cloud.functions.v2.Function","name":"projects/mitalento-ia/locations/us-central1/functions/ssrmitalentoia","buildConfig":{"runtime":"nodejs22","entryPoint":"ssrmitalentoia","source":{"storageSource":{"bucket":"gcf-v2-sources-836679235433-us-central1","object":"ssrmitalentoia/function-source.zip","generation":"1773442923599855"}},"environmentVariables":{"GOOGLE_NODE_RUN_SCRIPTS":""},"dockerRepository":"projects/mitalento-ia/locations/us-central1/repositories/gcf-artifacts","sourceProvenance":{"resolvedStorageSource":{"bucket":"gcf-v2-sources-836679235433-us-central1","object":"ssrmitalentoia/function-source.zip","generation":"1773251901577266"}},"dockerRegistry":"ARTIFACT_REGISTRY","serviceAccount":"projects/mitalento-ia/serviceAccounts/836679235433-compute@developer.gserviceaccount.com","automaticUpdatePolicy":{}},"serviceConfig":{"service":"projects/mitalento-ia/locations/us-central1/services/ssrmitalentoia","timeoutSeconds":60,"environmentVariables":{"NEXT_PUBLIC_FIREBASE_API_KEY":"AIzaSyC3tQNcQKcx2Yx_KcXlM78tteHuk7B0kAM","NEXT_PUBLIC_FIREBASE_AUTH_DOMAIN":"mitalento-ia.web.app","NEXT_PUBLIC_FIREBASE_PROJECT_ID":"mitalento-ia","NEXT_PUBLIC_FIREBASE_STORAGE_BUCKET":"mitalento-ia.firebasestorage.app","NEXT_PUBLIC_FIREBASE_MESSAGING_SENDER_ID":"836679235433","NEXT_PUBLIC_FIREBASE_APP_ID":"1:836679235433:web:c96b5cf37ca43b4a6beff8","NEXT_PUBLIC_FIREBASE_MEASUREMENT_ID":"G-TVKZ25XF6P","GEMINI_API_KEY":"AIzaSyAs66KRjVfJ12ciHnSmBS6Y8Xrarq26He8","ADMIN_CLIENT_EMAIL":"firebase-adminsdk-fbsvc@mitalento-ia.iam.gserviceaccount.com","ADMIN_PRIVATE_KEY":"-----BEGIN PRIVATE KEY-----\nMIIEvAIBADANBgkqhkiG9w0BAQEFAASCBKYwggSiAgEAAoIBAQCseVmNK9kRIG9P\naVQn+36c2H8ApV8K56ppo2QHOTIcpDOqM2igzT9Kg305t955MkWvJUJdIziEP0ur\nZNj9TVa3goW4CyQUZ4B1DFWOj8e+cPk97EINBvHNkaHOGANlaVqxa7JJPZkhaQN5\nFoiLoVvPGlIipqO8WeaenJKBKqxGjuJyDFCW67DGWvgoqUT5h+6QJTupz/AekGBA\nf65vhNCauWjts1hKGeVbduCWN39hX+JTQnrW8hiFaCHMJFKxQR+y8pwDUJSq+/+R\nmQCC0o9niOc3RMh2Bxuq1favfAvri75Hh9HjtHGk4h5pCgIqFdk2T2JkHQZOD8+d\nqVmCGzmTAgMBAAECggEACo2aRyMJsxyS8v704UVoJ9yvWLDFsfse2DvhIPgE8u+x\nIZbnrf8hAkQtY1y2xh+nV+Ilv2EqUh01WhVfmZAj4DKiT/KOkJkMqRzKF2EAzcxH\n09wi5n0oSnXAusWJX6kknXqDfCvCtOKiDcStMi37Wh64K9qaZinyDH50EGc2B1MZ\nCb8mNW6CUb/2JUqL1o08+GpCPMwvdK0+12mLTkCLJAauWqzRnt3VAHOxZeosff+q\nvTkIkjmrCdyDO5cFQDRb+dEaeSWxEfIy4OQV0mSty1IQHEJui2fsxtJzO0P8WG1w\nV2xIXAass7MKv9qVwJa1LWdfArJjVvhgSXHTPT9DgQKBgQDi243ati30Z88jprBp\nycE/p3QMGlnUzKaP8/0iIVPq48odjxW8fLDdzERvFIB0NE9f8coefd3Z9yObx8p+\nT5eUqSxOj4HD6BkMGE0eTVQ6bBP3XfMhq/nRrCzws+5S6NEdesRYWbssipcIqHRX\nMnhnv9sjGK/7SiGehxGLlJEoYQKBgQDCoVW7rqT7TKcpFIFnDf/qLMuS9NAbAnN7\n/NABJXhv9N8N/wkY0my9nTKUpNrEr2qa1rIV6l1TJHLt8U9vDWr3z5xnnGZb1CuM\nfleVspa0/407iwQZEu18ICl3gk6LqFhDyxBaPMnal9HjIizd9vJ+WfI94sQedrvO\nJab0a0XWcwKBgBUlfCKgCsaWiqN7HUSvLtldJZ8fMbJ5ZSlUCAuPacAifauls9P/\nF4mFSffExHiQi7mY00tmVjDELciOphyCFNIhtuSX0fPOBc+v0Dh74tcTTgUn98ry\nufXGg+XoD9Ygp6WE1RqbOqxbOtruwPGD3d9l7epmmbjl3x5k3sjRD3rhAoGANNpl\nEruBd/C/8CruXRLzLR+PBNBQdxU6UTA9OCJ5y0VfEUjxqnjyKKe4pZ8C/ah5NaUZ\n5VOoljxurWj7XjfxlWwemBBjx4odbWCd3jwKKwq+yq2cpkZ6kVuWhyqus8Q6e+Z4\nAVlCo4bY62pLbtdx0JgSbXXYNkGeDIQzC2raIzsCgYBG+Bqx6Ixu42csZvtaboSE\ndM0YVGcvpomeJlRtqI/XB9Aw7XKCI+mZa3KY3yenDrW3H/TFKCwqAwIjlwEmC31/\nodrgZE5UAaW8oAP6LAEFdPGl6htLlmoRQsoLGzgffeM6eF2B+714ZX9hHc6HiROi\nq3vBLwrOZr59XEdujngGkg==\n-----END PRIVATE KEY-----\n","VERCEL_URL":"mitalento-ia.web.app","__FIREBASE_FRAMEWORKS_ENTRY__":"next.js","__FIREBASE_DEFAULTS__":"{\"config\":{\"projectId\":\"mitalento-ia\",\"appId\":\"1:836679235433:web:c96b5cf37ca43b4a6beff8\",\"storageBucket\":\"mitalento-ia.firebasestorage.app\",\"apiKey\":\"AIzaSyC3tQNcQKcx2Yx_KcXlM78tteHuk7B0kAM\",\"authDomain\":\"mitalento-ia.firebaseapp.com\",\"messagingSenderId\":\"836679235433\",\"measurementId\":\"G-TVKZ25XF6P\",\"projectNumber\":\"836679235433\",\"version\":\"2\"},\"_authTokenSyncURL\":\"/__session\"}","FIREBASE_CONFIG":"{\"projectId\":\"mitalento-ia\",\"storageBucket\":\"mitalento-ia.firebasestorage.app\"}","GCLOUD_PROJECT":"mitalento-ia","EVENTARC_CLOUD_EVENT_SOURCE":"projects/mitalento-ia/locations/us-central1/services/ssrmitalentoia","FUNCTION_TARGET":"ssrmitalentoia","LOG_EXECUTION_ID":"true"},"ingressSettings":"ALLOW_ALL","uri":"https://ssrmitalentoia-awexrf4v2q-uc.a.run.app","serviceAccountEmail":"836679235433-compute@developer.gserviceaccount.com","availableMemory":"256Mi","allTrafficOnLatestRevision":true,"revision":"ssrmitalentoia-00125-yah","maxInstanceRequestConcurrency":80,"availableCpu":"1"},"state":"ACTIVE","labels":{"deployment-tool":"gcloud","firebase-functions-codebase":"firebase-frameworks-mitalento-ia","firebase-functions-hash":"0f53685feb3474a313e94f3c7b39967d5e9218a4"},"environment":"GEN_2","url":"https://us-central1-mitalento-ia.cloudfunctions.net/ssrmitalentoia","satisfiesPzi":true},"stages":[{"name":"BUILD","message":"Build in progress","state":"IN_PROGRESS","resource":"projects/836679235433/locations/us-central1/builds/0ada40f8-f728-469e-b824-14ed1ef473b1","resourceUri":"https://console.cloud.google.com/cloud-build/builds;region=us-central1/0ada40f8-f728-469e-b824-14ed1ef473b1?project=836679235433"},{"name":"SERVICE","state":"NOT_STARTED"}],"operationType":"UPDATE_FUNCTION","buildName":"projects/836679235433/locations/us-central1/builds/0ada40f8-f728-469e-b824-14ed1ef473b1"},"done":false}
[2026-03-13T23:05:02.298Z] [update-firebase-frameworks-mitalento-ia-us-central1-ssrmitalentoia] Retrying task index 0
[2026-03-13T23:05:02.298Z] Checked if tokens are valid: true, expires at: 1773446187973
[2026-03-13T23:05:02.299Z] Checked if tokens are valid: true, expires at: 1773446187973
[2026-03-13T23:05:02.299Z] >>> [apiv2][query] GET https://cloudfunctions.googleapis.com/v2/projects/mitalento-ia/locations/us-central1/operations/operation-1773442922445-64cefdb6bfb48-d060cf31-40789916 [none]
[2026-03-13T23:05:03.621Z] <<< [apiv2][status] GET https://cloudfunctions.googleapis.com/v2/projects/mitalento-ia/locations/us-central1/operations/operation-1773442922445-64cefdb6bfb48-d060cf31-40789916 200
[2026-03-13T23:05:03.621Z] <<< [apiv2][body] GET https://cloudfunctions.googleapis.com/v2/projects/mitalento-ia/locations/us-central1/operations/operation-1773442922445-64cefdb6bfb48-d060cf31-40789916 {"name":"projects/mitalento-ia/locations/us-central1/operations/operation-1773442922445-64cefdb6bfb48-d060cf31-40789916","metadata":{"@type":"type.googleapis.com/google.cloud.functions.v2.OperationMetadata","createTime":"2026-03-13T23:02:03.691565423Z","target":"projects/mitalento-ia/locations/us-central1/functions/ssrmitalentoia","verb":"update","cancelRequested":false,"apiVersion":"v2","requestResource":{"@type":"type.googleapis.com/google.cloud.functions.v2.Function","name":"projects/mitalento-ia/locations/us-central1/functions/ssrmitalentoia","buildConfig":{"runtime":"nodejs22","entryPoint":"ssrmitalentoia","source":{"storageSource":{"bucket":"gcf-v2-sources-836679235433-us-central1","object":"ssrmitalentoia/function-source.zip","generation":"1773442923599855"}},"environmentVariables":{"GOOGLE_NODE_RUN_SCRIPTS":""},"dockerRepository":"projects/mitalento-ia/locations/us-central1/repositories/gcf-artifacts","sourceProvenance":{"resolvedStorageSource":{"bucket":"gcf-v2-sources-836679235433-us-central1","object":"ssrmitalentoia/function-source.zip","generation":"1773251901577266"}},"dockerRegistry":"ARTIFACT_REGISTRY","serviceAccount":"projects/mitalento-ia/serviceAccounts/836679235433-compute@developer.gserviceaccount.com","automaticUpdatePolicy":{}},"serviceConfig":{"service":"projects/mitalento-ia/locations/us-central1/services/ssrmitalentoia","timeoutSeconds":60,"environmentVariables":{"NEXT_PUBLIC_FIREBASE_API_KEY":"AIzaSyC3tQNcQKcx2Yx_KcXlM78tteHuk7B0kAM","NEXT_PUBLIC_FIREBASE_AUTH_DOMAIN":"mitalento-ia.web.app","NEXT_PUBLIC_FIREBASE_PROJECT_ID":"mitalento-ia","NEXT_PUBLIC_FIREBASE_STORAGE_BUCKET":"mitalento-ia.firebasestorage.app","NEXT_PUBLIC_FIREBASE_MESSAGING_SENDER_ID":"836679235433","NEXT_PUBLIC_FIREBASE_APP_ID":"1:836679235433:web:c96b5cf37ca43b4a6beff8","NEXT_PUBLIC_FIREBASE_MEASUREMENT_ID":"G-TVKZ25XF6P","GEMINI_API_KEY":"AIzaSyAs66KRjVfJ12ciHnSmBS6Y8Xrarq26He8","ADMIN_CLIENT_EMAIL":"firebase-adminsdk-fbsvc@mitalento-ia.iam.gserviceaccount.com","ADMIN_PRIVATE_KEY":"-----BEGIN PRIVATE KEY-----\nMIIEvAIBADANBgkqhkiG9w0BAQEFAASCBKYwggSiAgEAAoIBAQCseVmNK9kRIG9P\naVQn+36c2H8ApV8K56ppo2QHOTIcpDOqM2igzT9Kg305t955MkWvJUJdIziEP0ur\nZNj9TVa3goW4CyQUZ4B1DFWOj8e+cPk97EINBvHNkaHOGANlaVqxa7JJPZkhaQN5\nFoiLoVvPGlIipqO8WeaenJKBKqxGjuJyDFCW67DGWvgoqUT5h+6QJTupz/AekGBA\nf65vhNCauWjts1hKGeVbduCWN39hX+JTQnrW8hiFaCHMJFKxQR+y8pwDUJSq+/+R\nmQCC0o9niOc3RMh2Bxuq1favfAvri75Hh9HjtHGk4h5pCgIqFdk2T2JkHQZOD8+d\nqVmCGzmTAgMBAAECggEACo2aRyMJsxyS8v704UVoJ9yvWLDFsfse2DvhIPgE8u+x\nIZbnrf8hAkQtY1y2xh+nV+Ilv2EqUh01WhVfmZAj4DKiT/KOkJkMqRzKF2EAzcxH\n09wi5n0oSnXAusWJX6kknXqDfCvCtOKiDcStMi37Wh64K9qaZinyDH50EGc2B1MZ\nCb8mNW6CUb/2JUqL1o08+GpCPMwvdK0+12mLTkCLJAauWqzRnt3VAHOxZeosff+q\nvTkIkjmrCdyDO5cFQDRb+dEaeSWxEfIy4OQV0mSty1IQHEJui2fsxtJzO0P8WG1w\nV2xIXAass7MKv9qVwJa1LWdfArJjVvhgSXHTPT9DgQKBgQDi243ati30Z88jprBp\nycE/p3QMGlnUzKaP8/0iIVPq48odjxW8fLDdzERvFIB0NE9f8coefd3Z9yObx8p+\nT5eUqSxOj4HD6BkMGE0eTVQ6bBP3XfMhq/nRrCzws+5S6NEdesRYWbssipcIqHRX\nMnhnv9sjGK/7SiGehxGLlJEoYQKBgQDCoVW7rqT7TKcpFIFnDf/qLMuS9NAbAnN7\n/NABJXhv9N8N/wkY0my9nTKUpNrEr2qa1rIV6l1TJHLt8U9vDWr3z5xnnGZb1CuM\nfleVspa0/407iwQZEu18ICl3gk6LqFhDyxBaPMnal9HjIizd9vJ+WfI94sQedrvO\nJab0a0XWcwKBgBUlfCKgCsaWiqN7HUSvLtldJZ8fMbJ5ZSlUCAuPacAifauls9P/\nF4mFSffExHiQi7mY00tmVjDELciOphyCFNIhtuSX0fPOBc+v0Dh74tcTTgUn98ry\nufXGg+XoD9Ygp6WE1RqbOqxbOtruwPGD3d9l7epmmbjl3x5k3sjRD3rhAoGANNpl\nEruBd/C/8CruXRLzLR+PBNBQdxU6UTA9OCJ5y0VfEUjxqnjyKKe4pZ8C/ah5NaUZ\n5VOoljxurWj7XjfxlWwemBBjx4odbWCd3jwKKwq+yq2cpkZ6kVuWhyqus8Q6e+Z4\nAVlCo4bY62pLbtdx0JgSbXXYNkGeDIQzC2raIzsCgYBG+Bqx6Ixu42csZvtaboSE\ndM0YVGcvpomeJlRtqI/XB9Aw7XKCI+mZa3KY3yenDrW3H/TFKCwqAwIjlwEmC31/\nodrgZE5UAaW8oAP6LAEFdPGl6htLlmoRQsoLGzgffeM6eF2B+714ZX9hHc6HiROi\nq3vBLwrOZr59XEdujngGkg==\n-----END PRIVATE KEY-----\n","VERCEL_URL":"mitalento-ia.web.app","__FIREBASE_FRAMEWORKS_ENTRY__":"next.js","__FIREBASE_DEFAULTS__":"{\"config\":{\"projectId\":\"mitalento-ia\",\"appId\":\"1:836679235433:web:c96b5cf37ca43b4a6beff8\",\"storageBucket\":\"mitalento-ia.firebasestorage.app\",\"apiKey\":\"AIzaSyC3tQNcQKcx2Yx_KcXlM78tteHuk7B0kAM\",\"authDomain\":\"mitalento-ia.firebaseapp.com\",\"messagingSenderId\":\"836679235433\",\"measurementId\":\"G-TVKZ25XF6P\",\"projectNumber\":\"836679235433\",\"version\":\"2\"},\"_authTokenSyncURL\":\"/__session\"}","FIREBASE_CONFIG":"{\"projectId\":\"mitalento-ia\",\"storageBucket\":\"mitalento-ia.firebasestorage.app\"}","GCLOUD_PROJECT":"mitalento-ia","EVENTARC_CLOUD_EVENT_SOURCE":"projects/mitalento-ia/locations/us-central1/services/ssrmitalentoia","FUNCTION_TARGET":"ssrmitalentoia","LOG_EXECUTION_ID":"true"},"ingressSettings":"ALLOW_ALL","uri":"https://ssrmitalentoia-awexrf4v2q-uc.a.run.app","serviceAccountEmail":"836679235433-compute@developer.gserviceaccount.com","availableMemory":"256Mi","allTrafficOnLatestRevision":true,"revision":"ssrmitalentoia-00125-yah","maxInstanceRequestConcurrency":80,"availableCpu":"1"},"state":"ACTIVE","labels":{"deployment-tool":"gcloud","firebase-functions-codebase":"firebase-frameworks-mitalento-ia","firebase-functions-hash":"0f53685feb3474a313e94f3c7b39967d5e9218a4"},"environment":"GEN_2","url":"https://us-central1-mitalento-ia.cloudfunctions.net/ssrmitalentoia","satisfiesPzi":true},"stages":[{"name":"BUILD","message":"Build finished","state":"COMPLETE","resource":"projects/836679235433/locations/us-central1/builds/0ada40f8-f728-469e-b824-14ed1ef473b1","resourceUri":"https://console.cloud.google.com/cloud-build/builds;region=us-central1/0ada40f8-f728-469e-b824-14ed1ef473b1?project=836679235433"},{"name":"SERVICE","message":"Updating Cloud Run service","state":"IN_PROGRESS","resource":"projects/mitalento-ia/locations/us-central1/services/ssrmitalentoia","resourceUri":"https://console.cloud.google.com/run/detail/us-central1/ssrmitalentoia?project=mitalento-ia","stateMessages":[{"severity":"INFO","type":"CloudRunServiceNewRevisionTrafficInfo","message":"A new revision will be deployed serving with 100% traffic."}]}],"sourceToken":"Cldwcm9qZWN0cy84MzY2NzkyMzU0MzMvbG9jYXRpb25zL3VzLWNlbnRyYWwxL2J1aWxkcy8wYWRhNDBmOC1mNzI4LTQ2OWUtYjgyNC0xNGVkMWVmNDczYjESa3VzLWNlbnRyYWwxLWRvY2tlci5wa2cuZGV2L21pdGFsZW50by1pYS9nY2YtYXJ0aWZhY3RzL21pdGFsZW50by0taWFfX3VzLS1jZW50cmFsMV9fc3NybWl0YWxlbnRvaWE6dmVyc2lvbl8xGOnu3++sGCJEcHJvamVjdHMvbWl0YWxlbnRvLWlhL2xvY2F0aW9ucy91cy1jZW50cmFsMS9mdW5jdGlvbnMvc3NybWl0YWxlbnRvaWEqDAidsNLNBhCQq/+WAzIIbm9kZWpzMjI6dgojZ2NyLmlvL2dhZS1ydW50aW1lcy9ub2RlanMyMjpzdGFibGUST3VzLWNlbnRyYWwxLWRvY2tlci5wa2cuZGV2L3NlcnZlcmxlc3MtcnVudGltZXMvZ29vZ2xlLTIyLWZ1bGwvcnVudGltZXMvbm9kZWpzMjJAAQ==","operationType":"UPDATE_FUNCTION","buildName":"projects/836679235433/locations/us-central1/builds/0ada40f8-f728-469e-b824-14ed1ef473b1"},"done":false}
[2026-03-13T23:05:03.622Z] Got source token Cldwcm9qZWN0cy84MzY2NzkyMzU0MzMvbG9jYXRpb25zL3VzLWNlbnRyYWwxL2J1aWxkcy8wYWRhNDBmOC1mNzI4LTQ2OWUtYjgyNC0xNGVkMWVmNDczYjESa3VzLWNlbnRyYWwxLWRvY2tlci5wa2cuZGV2L21pdGFsZW50by1pYS9nY2YtYXJ0aWZhY3RzL21pdGFsZW50by0taWFfX3VzLS1jZW50cmFsMV9fc3NybWl0YWxlbnRvaWE6dmVyc2lvbl8xGOnu3++sGCJEcHJvamVjdHMvbWl0YWxlbnRvLWlhL2xvY2F0aW9ucy91cy1jZW50cmFsMS9mdW5jdGlvbnMvc3NybWl0YWxlbnRvaWEqDAidsNLNBhCQq/+WAzIIbm9kZWpzMjI6dgojZ2NyLmlvL2dhZS1ydW50aW1lcy9ub2RlanMyMjpzdGFibGUST3VzLWNlbnRyYWwxLWRvY2tlci5wa2cuZGV2L3NlcnZlcmxlc3MtcnVudGltZXMvZ29vZ2xlLTIyLWZ1bGwvcnVudGltZXMvbm9kZWpzMjJAAQ== for region us-central1
[2026-03-13T23:05:13.627Z] [update-firebase-frameworks-mitalento-ia-us-central1-ssrmitalentoia] Retrying task index 0
[2026-03-13T23:05:13.627Z] Checked if tokens are valid: true, expires at: 1773446187973
[2026-03-13T23:05:13.627Z] Checked if tokens are valid: true, expires at: 1773446187973
[2026-03-13T23:05:13.628Z] >>> [apiv2][query] GET https://cloudfunctions.googleapis.com/v2/projects/mitalento-ia/locations/us-central1/operations/operation-1773442922445-64cefdb6bfb48-d060cf31-40789916 [none]
[2026-03-13T23:05:14.397Z] <<< [apiv2][status] GET https://cloudfunctions.googleapis.com/v2/projects/mitalento-ia/locations/us-central1/operations/operation-1773442922445-64cefdb6bfb48-d060cf31-40789916 200
[2026-03-13T23:05:14.397Z] <<< [apiv2][body] GET https://cloudfunctions.googleapis.com/v2/projects/mitalento-ia/locations/us-central1/operations/operation-1773442922445-64cefdb6bfb48-d060cf31-40789916 {"name":"projects/mitalento-ia/locations/us-central1/operations/operation-1773442922445-64cefdb6bfb48-d060cf31-40789916","metadata":{"@type":"type.googleapis.com/google.cloud.functions.v2.OperationMetadata","createTime":"2026-03-13T23:02:03.691565423Z","target":"projects/mitalento-ia/locations/us-central1/functions/ssrmitalentoia","verb":"update","cancelRequested":false,"apiVersion":"v2","requestResource":{"@type":"type.googleapis.com/google.cloud.functions.v2.Function","name":"projects/mitalento-ia/locations/us-central1/functions/ssrmitalentoia","buildConfig":{"runtime":"nodejs22","entryPoint":"ssrmitalentoia","source":{"storageSource":{"bucket":"gcf-v2-sources-836679235433-us-central1","object":"ssrmitalentoia/function-source.zip","generation":"1773442923599855"}},"environmentVariables":{"GOOGLE_NODE_RUN_SCRIPTS":""},"dockerRepository":"projects/mitalento-ia/locations/us-central1/repositories/gcf-artifacts","sourceProvenance":{"resolvedStorageSource":{"bucket":"gcf-v2-sources-836679235433-us-central1","object":"ssrmitalentoia/function-source.zip","generation":"1773251901577266"}},"dockerRegistry":"ARTIFACT_REGISTRY","serviceAccount":"projects/mitalento-ia/serviceAccounts/836679235433-compute@developer.gserviceaccount.com","automaticUpdatePolicy":{}},"serviceConfig":{"service":"projects/mitalento-ia/locations/us-central1/services/ssrmitalentoia","timeoutSeconds":60,"environmentVariables":{"NEXT_PUBLIC_FIREBASE_API_KEY":"AIzaSyC3tQNcQKcx2Yx_KcXlM78tteHuk7B0kAM","NEXT_PUBLIC_FIREBASE_AUTH_DOMAIN":"mitalento-ia.web.app","NEXT_PUBLIC_FIREBASE_PROJECT_ID":"mitalento-ia","NEXT_PUBLIC_FIREBASE_STORAGE_BUCKET":"mitalento-ia.firebasestorage.app","NEXT_PUBLIC_FIREBASE_MESSAGING_SENDER_ID":"836679235433","NEXT_PUBLIC_FIREBASE_APP_ID":"1:836679235433:web:c96b5cf37ca43b4a6beff8","NEXT_PUBLIC_FIREBASE_MEASUREMENT_ID":"G-TVKZ25XF6P","GEMINI_API_KEY":"AIzaSyAs66KRjVfJ12ciHnSmBS6Y8Xrarq26He8","ADMIN_CLIENT_EMAIL":"firebase-adminsdk-fbsvc@mitalento-ia.iam.gserviceaccount.com","ADMIN_PRIVATE_KEY":"-----BEGIN PRIVATE KEY-----\nMIIEvAIBADANBgkqhkiG9w0BAQEFAASCBKYwggSiAgEAAoIBAQCseVmNK9kRIG9P\naVQn+36c2H8ApV8K56ppo2QHOTIcpDOqM2igzT9Kg305t955MkWvJUJdIziEP0ur\nZNj9TVa3goW4CyQUZ4B1DFWOj8e+cPk97EINBvHNkaHOGANlaVqxa7JJPZkhaQN5\nFoiLoVvPGlIipqO8WeaenJKBKqxGjuJyDFCW67DGWvgoqUT5h+6QJTupz/AekGBA\nf65vhNCauWjts1hKGeVbduCWN39hX+JTQnrW8hiFaCHMJFKxQR+y8pwDUJSq+/+R\nmQCC0o9niOc3RMh2Bxuq1favfAvri75Hh9HjtHGk4h5pCgIqFdk2T2JkHQZOD8+d\nqVmCGzmTAgMBAAECggEACo2aRyMJsxyS8v704UVoJ9yvWLDFsfse2DvhIPgE8u+x\nIZbnrf8hAkQtY1y2xh+nV+Ilv2EqUh01WhVfmZAj4DKiT/KOkJkMqRzKF2EAzcxH\n09wi5n0oSnXAusWJX6kknXqDfCvCtOKiDcStMi37Wh64K9qaZinyDH50EGc2B1MZ\nCb8mNW6CUb/2JUqL1o08+GpCPMwvdK0+12mLTkCLJAauWqzRnt3VAHOxZeosff+q\nvTkIkjmrCdyDO5cFQDRb+dEaeSWxEfIy4OQV0mSty1IQHEJui2fsxtJzO0P8WG1w\nV2xIXAass7MKv9qVwJa1LWdfArJjVvhgSXHTPT9DgQKBgQDi243ati30Z88jprBp\nycE/p3QMGlnUzKaP8/0iIVPq48odjxW8fLDdzERvFIB0NE9f8coefd3Z9yObx8p+\nT5eUqSxOj4HD6BkMGE0eTVQ6bBP3XfMhq/nRrCzws+5S6NEdesRYWbssipcIqHRX\nMnhnv9sjGK/7SiGehxGLlJEoYQKBgQDCoVW7rqT7TKcpFIFnDf/qLMuS9NAbAnN7\n/NABJXhv9N8N/wkY0my9nTKUpNrEr2qa1rIV6l1TJHLt8U9vDWr3z5xnnGZb1CuM\nfleVspa0/407iwQZEu18ICl3gk6LqFhDyxBaPMnal9HjIizd9vJ+WfI94sQedrvO\nJab0a0XWcwKBgBUlfCKgCsaWiqN7HUSvLtldJZ8fMbJ5ZSlUCAuPacAifauls9P/\nF4mFSffExHiQi7mY00tmVjDELciOphyCFNIhtuSX0fPOBc+v0Dh74tcTTgUn98ry\nufXGg+XoD9Ygp6WE1RqbOqxbOtruwPGD3d9l7epmmbjl3x5k3sjRD3rhAoGANNpl\nEruBd/C/8CruXRLzLR+PBNBQdxU6UTA9OCJ5y0VfEUjxqnjyKKe4pZ8C/ah5NaUZ\n5VOoljxurWj7XjfxlWwemBBjx4odbWCd3jwKKwq+yq2cpkZ6kVuWhyqus8Q6e+Z4\nAVlCo4bY62pLbtdx0JgSbXXYNkGeDIQzC2raIzsCgYBG+Bqx6Ixu42csZvtaboSE\ndM0YVGcvpomeJlRtqI/XB9Aw7XKCI+mZa3KY3yenDrW3H/TFKCwqAwIjlwEmC31/\nodrgZE5UAaW8oAP6LAEFdPGl6htLlmoRQsoLGzgffeM6eF2B+714ZX9hHc6HiROi\nq3vBLwrOZr59XEdujngGkg==\n-----END PRIVATE KEY-----\n","VERCEL_URL":"mitalento-ia.web.app","__FIREBASE_FRAMEWORKS_ENTRY__":"next.js","__FIREBASE_DEFAULTS__":"{\"config\":{\"projectId\":\"mitalento-ia\",\"appId\":\"1:836679235433:web:c96b5cf37ca43b4a6beff8\",\"storageBucket\":\"mitalento-ia.firebasestorage.app\",\"apiKey\":\"AIzaSyC3tQNcQKcx2Yx_KcXlM78tteHuk7B0kAM\",\"authDomain\":\"mitalento-ia.firebaseapp.com\",\"messagingSenderId\":\"836679235433\",\"measurementId\":\"G-TVKZ25XF6P\",\"projectNumber\":\"836679235433\",\"version\":\"2\"},\"_authTokenSyncURL\":\"/__session\"}","FIREBASE_CONFIG":"{\"projectId\":\"mitalento-ia\",\"storageBucket\":\"mitalento-ia.firebasestorage.app\"}","GCLOUD_PROJECT":"mitalento-ia","EVENTARC_CLOUD_EVENT_SOURCE":"projects/mitalento-ia/locations/us-central1/services/ssrmitalentoia","FUNCTION_TARGET":"ssrmitalentoia","LOG_EXECUTION_ID":"true"},"ingressSettings":"ALLOW_ALL","uri":"https://ssrmitalentoia-awexrf4v2q-uc.a.run.app","serviceAccountEmail":"836679235433-compute@developer.gserviceaccount.com","availableMemory":"256Mi","allTrafficOnLatestRevision":true,"revision":"ssrmitalentoia-00125-yah","maxInstanceRequestConcurrency":80,"availableCpu":"1"},"state":"ACTIVE","labels":{"deployment-tool":"gcloud","firebase-functions-codebase":"firebase-frameworks-mitalento-ia","firebase-functions-hash":"0f53685feb3474a313e94f3c7b39967d5e9218a4"},"environment":"GEN_2","url":"https://us-central1-mitalento-ia.cloudfunctions.net/ssrmitalentoia","satisfiesPzi":true},"stages":[{"name":"BUILD","message":"Build finished","state":"COMPLETE","resource":"projects/836679235433/locations/us-central1/builds/0ada40f8-f728-469e-b824-14ed1ef473b1","resourceUri":"https://console.cloud.google.com/cloud-build/builds;region=us-central1/0ada40f8-f728-469e-b824-14ed1ef473b1?project=836679235433"},{"name":"SERVICE","message":"Updating Cloud Run service","state":"IN_PROGRESS","resource":"projects/mitalento-ia/locations/us-central1/services/ssrmitalentoia","resourceUri":"https://console.cloud.google.com/run/detail/us-central1/ssrmitalentoia?project=mitalento-ia","stateMessages":[{"severity":"INFO","type":"CloudRunServiceNewRevisionTrafficInfo","message":"A new revision will be deployed serving with 100% traffic."}]}],"sourceToken":"Cldwcm9qZWN0cy84MzY2NzkyMzU0MzMvbG9jYXRpb25zL3VzLWNlbnRyYWwxL2J1aWxkcy8wYWRhNDBmOC1mNzI4LTQ2OWUtYjgyNC0xNGVkMWVmNDczYjESa3VzLWNlbnRyYWwxLWRvY2tlci5wa2cuZGV2L21pdGFsZW50by1pYS9nY2YtYXJ0aWZhY3RzL21pdGFsZW50by0taWFfX3VzLS1jZW50cmFsMV9fc3NybWl0YWxlbnRvaWE6dmVyc2lvbl8xGOnu3++sGCJEcHJvamVjdHMvbWl0YWxlbnRvLWlhL2xvY2F0aW9ucy91cy1jZW50cmFsMS9mdW5jdGlvbnMvc3NybWl0YWxlbnRvaWEqDAidsNLNBhCQq/+WAzIIbm9kZWpzMjI6dgojZ2NyLmlvL2dhZS1ydW50aW1lcy9ub2RlanMyMjpzdGFibGUST3VzLWNlbnRyYWwxLWRvY2tlci5wa2cuZGV2L3NlcnZlcmxlc3MtcnVudGltZXMvZ29vZ2xlLTIyLWZ1bGwvcnVudGltZXMvbm9kZWpzMjJAAQ==","operationType":"UPDATE_FUNCTION","buildName":"projects/836679235433/locations/us-central1/builds/0ada40f8-f728-469e-b824-14ed1ef473b1"},"done":false}
[2026-03-13T23:05:14.397Z] Got source token Cldwcm9qZWN0cy84MzY2NzkyMzU0MzMvbG9jYXRpb25zL3VzLWNlbnRyYWwxL2J1aWxkcy8wYWRhNDBmOC1mNzI4LTQ2OWUtYjgyNC0xNGVkMWVmNDczYjESa3VzLWNlbnRyYWwxLWRvY2tlci5wa2cuZGV2L21pdGFsZW50by1pYS9nY2YtYXJ0aWZhY3RzL21pdGFsZW50by0taWFfX3VzLS1jZW50cmFsMV9fc3NybWl0YWxlbnRvaWE6dmVyc2lvbl8xGOnu3++sGCJEcHJvamVjdHMvbWl0YWxlbnRvLWlhL2xvY2F0aW9ucy91cy1jZW50cmFsMS9mdW5jdGlvbnMvc3NybWl0YWxlbnRvaWEqDAidsNLNBhCQq/+WAzIIbm9kZWpzMjI6dgojZ2NyLmlvL2dhZS1ydW50aW1lcy9ub2RlanMyMjpzdGFibGUST3VzLWNlbnRyYWwxLWRvY2tlci5wa2cuZGV2L3NlcnZlcmxlc3MtcnVudGltZXMvZ29vZ2xlLTIyLWZ1bGwvcnVudGltZXMvbm9kZWpzMjJAAQ== for region us-central1
[2026-03-13T23:05:24.412Z] [update-firebase-frameworks-mitalento-ia-us-central1-ssrmitalentoia] Retrying task index 0
[2026-03-13T23:05:24.413Z] Checked if tokens are valid: true, expires at: 1773446187973
[2026-03-13T23:05:24.413Z] Checked if tokens are valid: true, expires at: 1773446187973
[2026-03-13T23:05:24.413Z] >>> [apiv2][query] GET https://cloudfunctions.googleapis.com/v2/projects/mitalento-ia/locations/us-central1/operations/operation-1773442922445-64cefdb6bfb48-d060cf31-40789916 [none]
[2026-03-13T23:05:29.447Z] <<< [apiv2][status] GET https://cloudfunctions.googleapis.com/v2/projects/mitalento-ia/locations/us-central1/operations/operation-1773442922445-64cefdb6bfb48-d060cf31-40789916 200
[2026-03-13T23:05:29.449Z] <<< [apiv2][body] GET https://cloudfunctions.googleapis.com/v2/projects/mitalento-ia/locations/us-central1/operations/operation-1773442922445-64cefdb6bfb48-d060cf31-40789916 {"name":"projects/mitalento-ia/locations/us-central1/operations/operation-1773442922445-64cefdb6bfb48-d060cf31-40789916","metadata":{"@type":"type.googleapis.com/google.cloud.functions.v2.OperationMetadata","createTime":"2026-03-13T23:02:03.691565423Z","target":"projects/mitalento-ia/locations/us-central1/functions/ssrmitalentoia","verb":"update","cancelRequested":false,"apiVersion":"v2","requestResource":{"@type":"type.googleapis.com/google.cloud.functions.v2.Function","name":"projects/mitalento-ia/locations/us-central1/functions/ssrmitalentoia","buildConfig":{"runtime":"nodejs22","entryPoint":"ssrmitalentoia","source":{"storageSource":{"bucket":"gcf-v2-sources-836679235433-us-central1","object":"ssrmitalentoia/function-source.zip","generation":"1773442923599855"}},"environmentVariables":{"GOOGLE_NODE_RUN_SCRIPTS":""},"dockerRepository":"projects/mitalento-ia/locations/us-central1/repositories/gcf-artifacts","sourceProvenance":{"resolvedStorageSource":{"bucket":"gcf-v2-sources-836679235433-us-central1","object":"ssrmitalentoia/function-source.zip","generation":"1773251901577266"}},"dockerRegistry":"ARTIFACT_REGISTRY","serviceAccount":"projects/mitalento-ia/serviceAccounts/836679235433-compute@developer.gserviceaccount.com","automaticUpdatePolicy":{}},"serviceConfig":{"service":"projects/mitalento-ia/locations/us-central1/services/ssrmitalentoia","timeoutSeconds":60,"environmentVariables":{"NEXT_PUBLIC_FIREBASE_API_KEY":"AIzaSyC3tQNcQKcx2Yx_KcXlM78tteHuk7B0kAM","NEXT_PUBLIC_FIREBASE_AUTH_DOMAIN":"mitalento-ia.web.app","NEXT_PUBLIC_FIREBASE_PROJECT_ID":"mitalento-ia","NEXT_PUBLIC_FIREBASE_STORAGE_BUCKET":"mitalento-ia.firebasestorage.app","NEXT_PUBLIC_FIREBASE_MESSAGING_SENDER_ID":"836679235433","NEXT_PUBLIC_FIREBASE_APP_ID":"1:836679235433:web:c96b5cf37ca43b4a6beff8","NEXT_PUBLIC_FIREBASE_MEASUREMENT_ID":"G-TVKZ25XF6P","GEMINI_API_KEY":"AIzaSyAs66KRjVfJ12ciHnSmBS6Y8Xrarq26He8","ADMIN_CLIENT_EMAIL":"firebase-adminsdk-fbsvc@mitalento-ia.iam.gserviceaccount.com","ADMIN_PRIVATE_KEY":"-----BEGIN PRIVATE KEY-----\nMIIEvAIBADANBgkqhkiG9w0BAQEFAASCBKYwggSiAgEAAoIBAQCseVmNK9kRIG9P\naVQn+36c2H8ApV8K56ppo2QHOTIcpDOqM2igzT9Kg305t955MkWvJUJdIziEP0ur\nZNj9TVa3goW4CyQUZ4B1DFWOj8e+cPk97EINBvHNkaHOGANlaVqxa7JJPZkhaQN5\nFoiLoVvPGlIipqO8WeaenJKBKqxGjuJyDFCW67DGWvgoqUT5h+6QJTupz/AekGBA\nf65vhNCauWjts1hKGeVbduCWN39hX+JTQnrW8hiFaCHMJFKxQR+y8pwDUJSq+/+R\nmQCC0o9niOc3RMh2Bxuq1favfAvri75Hh9HjtHGk4h5pCgIqFdk2T2JkHQZOD8+d\nqVmCGzmTAgMBAAECggEACo2aRyMJsxyS8v704UVoJ9yvWLDFsfse2DvhIPgE8u+x\nIZbnrf8hAkQtY1y2xh+nV+Ilv2EqUh01WhVfmZAj4DKiT/KOkJkMqRzKF2EAzcxH\n09wi5n0oSnXAusWJX6kknXqDfCvCtOKiDcStMi37Wh64K9qaZinyDH50EGc2B1MZ\nCb8mNW6CUb/2JUqL1o08+GpCPMwvdK0+12mLTkCLJAauWqzRnt3VAHOxZeosff+q\nvTkIkjmrCdyDO5cFQDRb+dEaeSWxEfIy4OQV0mSty1IQHEJui2fsxtJzO0P8WG1w\nV2xIXAass7MKv9qVwJa1LWdfArJjVvhgSXHTPT9DgQKBgQDi243ati30Z88jprBp\nycE/p3QMGlnUzKaP8/0iIVPq48odjxW8fLDdzERvFIB0NE9f8coefd3Z9yObx8p+\nT5eUqSxOj4HD6BkMGE0eTVQ6bBP3XfMhq/nRrCzws+5S6NEdesRYWbssipcIqHRX\nMnhnv9sjGK/7SiGehxGLlJEoYQKBgQDCoVW7rqT7TKcpFIFnDf/qLMuS9NAbAnN7\n/NABJXhv9N8N/wkY0my9nTKUpNrEr2qa1rIV6l1TJHLt8U9vDWr3z5xnnGZb1CuM\nfleVspa0/407iwQZEu18ICl3gk6LqFhDyxBaPMnal9HjIizd9vJ+WfI94sQedrvO\nJab0a0XWcwKBgBUlfCKgCsaWiqN7HUSvLtldJZ8fMbJ5ZSlUCAuPacAifauls9P/\nF4mFSffExHiQi7mY00tmVjDELciOphyCFNIhtuSX0fPOBc+v0Dh74tcTTgUn98ry\nufXGg+XoD9Ygp6WE1RqbOqxbOtruwPGD3d9l7epmmbjl3x5k3sjRD3rhAoGANNpl\nEruBd/C/8CruXRLzLR+PBNBQdxU6UTA9OCJ5y0VfEUjxqnjyKKe4pZ8C/ah5NaUZ\n5VOoljxurWj7XjfxlWwemBBjx4odbWCd3jwKKwq+yq2cpkZ6kVuWhyqus8Q6e+Z4\nAVlCo4bY62pLbtdx0JgSbXXYNkGeDIQzC2raIzsCgYBG+Bqx6Ixu42csZvtaboSE\ndM0YVGcvpomeJlRtqI/XB9Aw7XKCI+mZa3KY3yenDrW3H/TFKCwqAwIjlwEmC31/\nodrgZE5UAaW8oAP6LAEFdPGl6htLlmoRQsoLGzgffeM6eF2B+714ZX9hHc6HiROi\nq3vBLwrOZr59XEdujngGkg==\n-----END PRIVATE KEY-----\n","VERCEL_URL":"mitalento-ia.web.app","__FIREBASE_FRAMEWORKS_ENTRY__":"next.js","__FIREBASE_DEFAULTS__":"{\"config\":{\"projectId\":\"mitalento-ia\",\"appId\":\"1:836679235433:web:c96b5cf37ca43b4a6beff8\",\"storageBucket\":\"mitalento-ia.firebasestorage.app\",\"apiKey\":\"AIzaSyC3tQNcQKcx2Yx_KcXlM78tteHuk7B0kAM\",\"authDomain\":\"mitalento-ia.firebaseapp.com\",\"messagingSenderId\":\"836679235433\",\"measurementId\":\"G-TVKZ25XF6P\",\"projectNumber\":\"836679235433\",\"version\":\"2\"},\"_authTokenSyncURL\":\"/__session\"}","FIREBASE_CONFIG":"{\"projectId\":\"mitalento-ia\",\"storageBucket\":\"mitalento-ia.firebasestorage.app\"}","GCLOUD_PROJECT":"mitalento-ia","EVENTARC_CLOUD_EVENT_SOURCE":"projects/mitalento-ia/locations/us-central1/services/ssrmitalentoia","FUNCTION_TARGET":"ssrmitalentoia","LOG_EXECUTION_ID":"true"},"ingressSettings":"ALLOW_ALL","uri":"https://ssrmitalentoia-awexrf4v2q-uc.a.run.app","serviceAccountEmail":"836679235433-compute@developer.gserviceaccount.com","availableMemory":"256Mi","allTrafficOnLatestRevision":true,"revision":"ssrmitalentoia-00125-yah","maxInstanceRequestConcurrency":80,"availableCpu":"1"},"state":"ACTIVE","labels":{"deployment-tool":"gcloud","firebase-functions-codebase":"firebase-frameworks-mitalento-ia","firebase-functions-hash":"0f53685feb3474a313e94f3c7b39967d5e9218a4"},"environment":"GEN_2","url":"https://us-central1-mitalento-ia.cloudfunctions.net/ssrmitalentoia","satisfiesPzi":true},"stages":[{"name":"BUILD","message":"Build finished","state":"COMPLETE","resource":"projects/836679235433/locations/us-central1/builds/0ada40f8-f728-469e-b824-14ed1ef473b1","resourceUri":"https://console.cloud.google.com/cloud-build/builds;region=us-central1/0ada40f8-f728-469e-b824-14ed1ef473b1?project=836679235433"},{"name":"SERVICE","message":"Updating Cloud Run service","state":"IN_PROGRESS","resource":"projects/mitalento-ia/locations/us-central1/services/ssrmitalentoia","resourceUri":"https://console.cloud.google.com/run/detail/us-central1/ssrmitalentoia?project=mitalento-ia","stateMessages":[{"severity":"INFO","type":"CloudRunServiceNewRevisionTrafficInfo","message":"A new revision will be deployed serving with 100% traffic."}]}],"sourceToken":"Cldwcm9qZWN0cy84MzY2NzkyMzU0MzMvbG9jYXRpb25zL3VzLWNlbnRyYWwxL2J1aWxkcy8wYWRhNDBmOC1mNzI4LTQ2OWUtYjgyNC0xNGVkMWVmNDczYjESa3VzLWNlbnRyYWwxLWRvY2tlci5wa2cuZGV2L21pdGFsZW50by1pYS9nY2YtYXJ0aWZhY3RzL21pdGFsZW50by0taWFfX3VzLS1jZW50cmFsMV9fc3NybWl0YWxlbnRvaWE6dmVyc2lvbl8xGOnu3++sGCJEcHJvamVjdHMvbWl0YWxlbnRvLWlhL2xvY2F0aW9ucy91cy1jZW50cmFsMS9mdW5jdGlvbnMvc3NybWl0YWxlbnRvaWEqDAidsNLNBhCQq/+WAzIIbm9kZWpzMjI6dgojZ2NyLmlvL2dhZS1ydW50aW1lcy9ub2RlanMyMjpzdGFibGUST3VzLWNlbnRyYWwxLWRvY2tlci5wa2cuZGV2L3NlcnZlcmxlc3MtcnVudGltZXMvZ29vZ2xlLTIyLWZ1bGwvcnVudGltZXMvbm9kZWpzMjJAAQ==","operationType":"UPDATE_FUNCTION","buildName":"projects/836679235433/locations/us-central1/builds/0ada40f8-f728-469e-b824-14ed1ef473b1"},"done":false}
[2026-03-13T23:05:29.449Z] Got source token Cldwcm9qZWN0cy84MzY2NzkyMzU0MzMvbG9jYXRpb25zL3VzLWNlbnRyYWwxL2J1aWxkcy8wYWRhNDBmOC1mNzI4LTQ2OWUtYjgyNC0xNGVkMWVmNDczYjESa3VzLWNlbnRyYWwxLWRvY2tlci5wa2cuZGV2L21pdGFsZW50by1pYS9nY2YtYXJ0aWZhY3RzL21pdGFsZW50by0taWFfX3VzLS1jZW50cmFsMV9fc3NybWl0YWxlbnRvaWE6dmVyc2lvbl8xGOnu3++sGCJEcHJvamVjdHMvbWl0YWxlbnRvLWlhL2xvY2F0aW9ucy91cy1jZW50cmFsMS9mdW5jdGlvbnMvc3NybWl0YWxlbnRvaWEqDAidsNLNBhCQq/+WAzIIbm9kZWpzMjI6dgojZ2NyLmlvL2dhZS1ydW50aW1lcy9ub2RlanMyMjpzdGFibGUST3VzLWNlbnRyYWwxLWRvY2tlci5wa2cuZGV2L3NlcnZlcmxlc3MtcnVudGltZXMvZ29vZ2xlLTIyLWZ1bGwvcnVudGltZXMvbm9kZWpzMjJAAQ== for region us-central1
[2026-03-13T23:05:39.453Z] [update-firebase-frameworks-mitalento-ia-us-central1-ssrmitalentoia] Retrying task index 0
[2026-03-13T23:05:39.454Z] Checked if tokens are valid: true, expires at: 1773446187973
[2026-03-13T23:05:39.454Z] Checked if tokens are valid: true, expires at: 1773446187973
[2026-03-13T23:05:39.454Z] >>> [apiv2][query] GET https://cloudfunctions.googleapis.com/v2/projects/mitalento-ia/locations/us-central1/operations/operation-1773442922445-64cefdb6bfb48-d060cf31-40789916 [none]
[2026-03-13T23:05:40.679Z] <<< [apiv2][status] GET https://cloudfunctions.googleapis.com/v2/projects/mitalento-ia/locations/us-central1/operations/operation-1773442922445-64cefdb6bfb48-d060cf31-40789916 200
[2026-03-13T23:05:40.679Z] <<< [apiv2][body] GET https://cloudfunctions.googleapis.com/v2/projects/mitalento-ia/locations/us-central1/operations/operation-1773442922445-64cefdb6bfb48-d060cf31-40789916 {"name":"projects/mitalento-ia/locations/us-central1/operations/operation-1773442922445-64cefdb6bfb48-d060cf31-40789916","metadata":{"@type":"type.googleapis.com/google.cloud.functions.v2.OperationMetadata","createTime":"2026-03-13T23:02:03.691565423Z","target":"projects/mitalento-ia/locations/us-central1/functions/ssrmitalentoia","verb":"update","cancelRequested":false,"apiVersion":"v2","requestResource":{"@type":"type.googleapis.com/google.cloud.functions.v2.Function","name":"projects/mitalento-ia/locations/us-central1/functions/ssrmitalentoia","buildConfig":{"runtime":"nodejs22","entryPoint":"ssrmitalentoia","source":{"storageSource":{"bucket":"gcf-v2-sources-836679235433-us-central1","object":"ssrmitalentoia/function-source.zip","generation":"1773442923599855"}},"environmentVariables":{"GOOGLE_NODE_RUN_SCRIPTS":""},"dockerRepository":"projects/mitalento-ia/locations/us-central1/repositories/gcf-artifacts","sourceProvenance":{"resolvedStorageSource":{"bucket":"gcf-v2-sources-836679235433-us-central1","object":"ssrmitalentoia/function-source.zip","generation":"1773251901577266"}},"dockerRegistry":"ARTIFACT_REGISTRY","serviceAccount":"projects/mitalento-ia/serviceAccounts/836679235433-compute@developer.gserviceaccount.com","automaticUpdatePolicy":{}},"serviceConfig":{"service":"projects/mitalento-ia/locations/us-central1/services/ssrmitalentoia","timeoutSeconds":60,"environmentVariables":{"NEXT_PUBLIC_FIREBASE_API_KEY":"AIzaSyC3tQNcQKcx2Yx_KcXlM78tteHuk7B0kAM","NEXT_PUBLIC_FIREBASE_AUTH_DOMAIN":"mitalento-ia.web.app","NEXT_PUBLIC_FIREBASE_PROJECT_ID":"mitalento-ia","NEXT_PUBLIC_FIREBASE_STORAGE_BUCKET":"mitalento-ia.firebasestorage.app","NEXT_PUBLIC_FIREBASE_MESSAGING_SENDER_ID":"836679235433","NEXT_PUBLIC_FIREBASE_APP_ID":"1:836679235433:web:c96b5cf37ca43b4a6beff8","NEXT_PUBLIC_FIREBASE_MEASUREMENT_ID":"G-TVKZ25XF6P","GEMINI_API_KEY":"AIzaSyAs66KRjVfJ12ciHnSmBS6Y8Xrarq26He8","ADMIN_CLIENT_EMAIL":"firebase-adminsdk-fbsvc@mitalento-ia.iam.gserviceaccount.com","ADMIN_PRIVATE_KEY":"-----BEGIN PRIVATE KEY-----\nMIIEvAIBADANBgkqhkiG9w0BAQEFAASCBKYwggSiAgEAAoIBAQCseVmNK9kRIG9P\naVQn+36c2H8ApV8K56ppo2QHOTIcpDOqM2igzT9Kg305t955MkWvJUJdIziEP0ur\nZNj9TVa3goW4CyQUZ4B1DFWOj8e+cPk97EINBvHNkaHOGANlaVqxa7JJPZkhaQN5\nFoiLoVvPGlIipqO8WeaenJKBKqxGjuJyDFCW67DGWvgoqUT5h+6QJTupz/AekGBA\nf65vhNCauWjts1hKGeVbduCWN39hX+JTQnrW8hiFaCHMJFKxQR+y8pwDUJSq+/+R\nmQCC0o9niOc3RMh2Bxuq1favfAvri75Hh9HjtHGk4h5pCgIqFdk2T2JkHQZOD8+d\nqVmCGzmTAgMBAAECggEACo2aRyMJsxyS8v704UVoJ9yvWLDFsfse2DvhIPgE8u+x\nIZbnrf8hAkQtY1y2xh+nV+Ilv2EqUh01WhVfmZAj4DKiT/KOkJkMqRzKF2EAzcxH\n09wi5n0oSnXAusWJX6kknXqDfCvCtOKiDcStMi37Wh64K9qaZinyDH50EGc2B1MZ\nCb8mNW6CUb/2JUqL1o08+GpCPMwvdK0+12mLTkCLJAauWqzRnt3VAHOxZeosff+q\nvTkIkjmrCdyDO5cFQDRb+dEaeSWxEfIy4OQV0mSty1IQHEJui2fsxtJzO0P8WG1w\nV2xIXAass7MKv9qVwJa1LWdfArJjVvhgSXHTPT9DgQKBgQDi243ati30Z88jprBp\nycE/p3QMGlnUzKaP8/0iIVPq48odjxW8fLDdzERvFIB0NE9f8coefd3Z9yObx8p+\nT5eUqSxOj4HD6BkMGE0eTVQ6bBP3XfMhq/nRrCzws+5S6NEdesRYWbssipcIqHRX\nMnhnv9sjGK/7SiGehxGLlJEoYQKBgQDCoVW7rqT7TKcpFIFnDf/qLMuS9NAbAnN7\n/NABJXhv9N8N/wkY0my9nTKUpNrEr2qa1rIV6l1TJHLt8U9vDWr3z5xnnGZb1CuM\nfleVspa0/407iwQZEu18ICl3gk6LqFhDyxBaPMnal9HjIizd9vJ+WfI94sQedrvO\nJab0a0XWcwKBgBUlfCKgCsaWiqN7HUSvLtldJZ8fMbJ5ZSlUCAuPacAifauls9P/\nF4mFSffExHiQi7mY00tmVjDELciOphyCFNIhtuSX0fPOBc+v0Dh74tcTTgUn98ry\nufXGg+XoD9Ygp6WE1RqbOqxbOtruwPGD3d9l7epmmbjl3x5k3sjRD3rhAoGANNpl\nEruBd/C/8CruXRLzLR+PBNBQdxU6UTA9OCJ5y0VfEUjxqnjyKKe4pZ8C/ah5NaUZ\n5VOoljxurWj7XjfxlWwemBBjx4odbWCd3jwKKwq+yq2cpkZ6kVuWhyqus8Q6e+Z4\nAVlCo4bY62pLbtdx0JgSbXXYNkGeDIQzC2raIzsCgYBG+Bqx6Ixu42csZvtaboSE\ndM0YVGcvpomeJlRtqI/XB9Aw7XKCI+mZa3KY3yenDrW3H/TFKCwqAwIjlwEmC31/\nodrgZE5UAaW8oAP6LAEFdPGl6htLlmoRQsoLGzgffeM6eF2B+714ZX9hHc6HiROi\nq3vBLwrOZr59XEdujngGkg==\n-----END PRIVATE KEY-----\n","VERCEL_URL":"mitalento-ia.web.app","__FIREBASE_FRAMEWORKS_ENTRY__":"next.js","__FIREBASE_DEFAULTS__":"{\"config\":{\"projectId\":\"mitalento-ia\",\"appId\":\"1:836679235433:web:c96b5cf37ca43b4a6beff8\",\"storageBucket\":\"mitalento-ia.firebasestorage.app\",\"apiKey\":\"AIzaSyC3tQNcQKcx2Yx_KcXlM78tteHuk7B0kAM\",\"authDomain\":\"mitalento-ia.firebaseapp.com\",\"messagingSenderId\":\"836679235433\",\"measurementId\":\"G-TVKZ25XF6P\",\"projectNumber\":\"836679235433\",\"version\":\"2\"},\"_authTokenSyncURL\":\"/__session\"}","FIREBASE_CONFIG":"{\"projectId\":\"mitalento-ia\",\"storageBucket\":\"mitalento-ia.firebasestorage.app\"}","GCLOUD_PROJECT":"mitalento-ia","EVENTARC_CLOUD_EVENT_SOURCE":"projects/mitalento-ia/locations/us-central1/services/ssrmitalentoia","FUNCTION_TARGET":"ssrmitalentoia","LOG_EXECUTION_ID":"true"},"ingressSettings":"ALLOW_ALL","uri":"https://ssrmitalentoia-awexrf4v2q-uc.a.run.app","serviceAccountEmail":"836679235433-compute@developer.gserviceaccount.com","availableMemory":"256Mi","allTrafficOnLatestRevision":true,"revision":"ssrmitalentoia-00125-yah","maxInstanceRequestConcurrency":80,"availableCpu":"1"},"state":"ACTIVE","labels":{"deployment-tool":"gcloud","firebase-functions-codebase":"firebase-frameworks-mitalento-ia","firebase-functions-hash":"0f53685feb3474a313e94f3c7b39967d5e9218a4"},"environment":"GEN_2","url":"https://us-central1-mitalento-ia.cloudfunctions.net/ssrmitalentoia","satisfiesPzi":true},"stages":[{"name":"BUILD","message":"Build finished","state":"COMPLETE","resource":"projects/836679235433/locations/us-central1/builds/0ada40f8-f728-469e-b824-14ed1ef473b1","resourceUri":"https://console.cloud.google.com/cloud-build/builds;region=us-central1/0ada40f8-f728-469e-b824-14ed1ef473b1?project=836679235433"},{"name":"SERVICE","message":"Updating Cloud Run service","state":"IN_PROGRESS","resource":"projects/mitalento-ia/locations/us-central1/services/ssrmitalentoia","resourceUri":"https://console.cloud.google.com/run/detail/us-central1/ssrmitalentoia?project=mitalento-ia","stateMessages":[{"severity":"INFO","type":"CloudRunServiceNewRevisionTrafficInfo","message":"A new revision will be deployed serving with 100% traffic."}]}],"sourceToken":"Cldwcm9qZWN0cy84MzY2NzkyMzU0MzMvbG9jYXRpb25zL3VzLWNlbnRyYWwxL2J1aWxkcy8wYWRhNDBmOC1mNzI4LTQ2OWUtYjgyNC0xNGVkMWVmNDczYjESa3VzLWNlbnRyYWwxLWRvY2tlci5wa2cuZGV2L21pdGFsZW50by1pYS9nY2YtYXJ0aWZhY3RzL21pdGFsZW50by0taWFfX3VzLS1jZW50cmFsMV9fc3NybWl0YWxlbnRvaWE6dmVyc2lvbl8xGOnu3++sGCJEcHJvamVjdHMvbWl0YWxlbnRvLWlhL2xvY2F0aW9ucy91cy1jZW50cmFsMS9mdW5jdGlvbnMvc3NybWl0YWxlbnRvaWEqDAidsNLNBhCQq/+WAzIIbm9kZWpzMjI6dgojZ2NyLmlvL2dhZS1ydW50aW1lcy9ub2RlanMyMjpzdGFibGUST3VzLWNlbnRyYWwxLWRvY2tlci5wa2cuZGV2L3NlcnZlcmxlc3MtcnVudGltZXMvZ29vZ2xlLTIyLWZ1bGwvcnVudGltZXMvbm9kZWpzMjJAAQ==","operationType":"UPDATE_FUNCTION","buildName":"projects/836679235433/locations/us-central1/builds/0ada40f8-f728-469e-b824-14ed1ef473b1"},"done":false}
[2026-03-13T23:05:40.679Z] Got source token Cldwcm9qZWN0cy84MzY2NzkyMzU0MzMvbG9jYXRpb25zL3VzLWNlbnRyYWwxL2J1aWxkcy8wYWRhNDBmOC1mNzI4LTQ2OWUtYjgyNC0xNGVkMWVmNDczYjESa3VzLWNlbnRyYWwxLWRvY2tlci5wa2cuZGV2L21pdGFsZW50by1pYS9nY2YtYXJ0aWZhY3RzL21pdGFsZW50by0taWFfX3VzLS1jZW50cmFsMV9fc3NybWl0YWxlbnRvaWE6dmVyc2lvbl8xGOnu3++sGCJEcHJvamVjdHMvbWl0YWxlbnRvLWlhL2xvY2F0aW9ucy91cy1jZW50cmFsMS9mdW5jdGlvbnMvc3NybWl0YWxlbnRvaWEqDAidsNLNBhCQq/+WAzIIbm9kZWpzMjI6dgojZ2NyLmlvL2dhZS1ydW50aW1lcy9ub2RlanMyMjpzdGFibGUST3VzLWNlbnRyYWwxLWRvY2tlci5wa2cuZGV2L3NlcnZlcmxlc3MtcnVudGltZXMvZ29vZ2xlLTIyLWZ1bGwvcnVudGltZXMvbm9kZWpzMjJAAQ== for region us-central1
[2026-03-13T23:05:50.691Z] [update-firebase-frameworks-mitalento-ia-us-central1-ssrmitalentoia] Retrying task index 0
[2026-03-13T23:05:50.691Z] Checked if tokens are valid: true, expires at: 1773446187973
[2026-03-13T23:05:50.691Z] Checked if tokens are valid: true, expires at: 1773446187973
[2026-03-13T23:05:50.691Z] >>> [apiv2][query] GET https://cloudfunctions.googleapis.com/v2/projects/mitalento-ia/locations/us-central1/operations/operation-1773442922445-64cefdb6bfb48-d060cf31-40789916 [none]
[2026-03-13T23:05:52.276Z] <<< [apiv2][status] GET https://cloudfunctions.googleapis.com/v2/projects/mitalento-ia/locations/us-central1/operations/operation-1773442922445-64cefdb6bfb48-d060cf31-40789916 200
[2026-03-13T23:05:52.277Z] <<< [apiv2][body] GET https://cloudfunctions.googleapis.com/v2/projects/mitalento-ia/locations/us-central1/operations/operation-1773442922445-64cefdb6bfb48-d060cf31-40789916 {"name":"projects/mitalento-ia/locations/us-central1/operations/operation-1773442922445-64cefdb6bfb48-d060cf31-40789916","metadata":{"@type":"type.googleapis.com/google.cloud.functions.v2.OperationMetadata","createTime":"2026-03-13T23:02:03.691565423Z","target":"projects/mitalento-ia/locations/us-central1/functions/ssrmitalentoia","verb":"update","cancelRequested":false,"apiVersion":"v2","requestResource":{"@type":"type.googleapis.com/google.cloud.functions.v2.Function","name":"projects/mitalento-ia/locations/us-central1/functions/ssrmitalentoia","buildConfig":{"runtime":"nodejs22","entryPoint":"ssrmitalentoia","source":{"storageSource":{"bucket":"gcf-v2-sources-836679235433-us-central1","object":"ssrmitalentoia/function-source.zip","generation":"1773442923599855"}},"environmentVariables":{"GOOGLE_NODE_RUN_SCRIPTS":""},"dockerRepository":"projects/mitalento-ia/locations/us-central1/repositories/gcf-artifacts","sourceProvenance":{"resolvedStorageSource":{"bucket":"gcf-v2-sources-836679235433-us-central1","object":"ssrmitalentoia/function-source.zip","generation":"1773251901577266"}},"dockerRegistry":"ARTIFACT_REGISTRY","serviceAccount":"projects/mitalento-ia/serviceAccounts/836679235433-compute@developer.gserviceaccount.com","automaticUpdatePolicy":{}},"serviceConfig":{"service":"projects/mitalento-ia/locations/us-central1/services/ssrmitalentoia","timeoutSeconds":60,"environmentVariables":{"NEXT_PUBLIC_FIREBASE_API_KEY":"AIzaSyC3tQNcQKcx2Yx_KcXlM78tteHuk7B0kAM","NEXT_PUBLIC_FIREBASE_AUTH_DOMAIN":"mitalento-ia.web.app","NEXT_PUBLIC_FIREBASE_PROJECT_ID":"mitalento-ia","NEXT_PUBLIC_FIREBASE_STORAGE_BUCKET":"mitalento-ia.firebasestorage.app","NEXT_PUBLIC_FIREBASE_MESSAGING_SENDER_ID":"836679235433","NEXT_PUBLIC_FIREBASE_APP_ID":"1:836679235433:web:c96b5cf37ca43b4a6beff8","NEXT_PUBLIC_FIREBASE_MEASUREMENT_ID":"G-TVKZ25XF6P","GEMINI_API_KEY":"AIzaSyAs66KRjVfJ12ciHnSmBS6Y8Xrarq26He8","ADMIN_CLIENT_EMAIL":"firebase-adminsdk-fbsvc@mitalento-ia.iam.gserviceaccount.com","ADMIN_PRIVATE_KEY":"-----BEGIN PRIVATE KEY-----\nMIIEvAIBADANBgkqhkiG9w0BAQEFAASCBKYwggSiAgEAAoIBAQCseVmNK9kRIG9P\naVQn+36c2H8ApV8K56ppo2QHOTIcpDOqM2igzT9Kg305t955MkWvJUJdIziEP0ur\nZNj9TVa3goW4CyQUZ4B1DFWOj8e+cPk97EINBvHNkaHOGANlaVqxa7JJPZkhaQN5\nFoiLoVvPGlIipqO8WeaenJKBKqxGjuJyDFCW67DGWvgoqUT5h+6QJTupz/AekGBA\nf65vhNCauWjts1hKGeVbduCWN39hX+JTQnrW8hiFaCHMJFKxQR+y8pwDUJSq+/+R\nmQCC0o9niOc3RMh2Bxuq1favfAvri75Hh9HjtHGk4h5pCgIqFdk2T2JkHQZOD8+d\nqVmCGzmTAgMBAAECggEACo2aRyMJsxyS8v704UVoJ9yvWLDFsfse2DvhIPgE8u+x\nIZbnrf8hAkQtY1y2xh+nV+Ilv2EqUh01WhVfmZAj4DKiT/KOkJkMqRzKF2EAzcxH\n09wi5n0oSnXAusWJX6kknXqDfCvCtOKiDcStMi37Wh64K9qaZinyDH50EGc2B1MZ\nCb8mNW6CUb/2JUqL1o08+GpCPMwvdK0+12mLTkCLJAauWqzRnt3VAHOxZeosff+q\nvTkIkjmrCdyDO5cFQDRb+dEaeSWxEfIy4OQV0mSty1IQHEJui2fsxtJzO0P8WG1w\nV2xIXAass7MKv9qVwJa1LWdfArJjVvhgSXHTPT9DgQKBgQDi243ati30Z88jprBp\nycE/p3QMGlnUzKaP8/0iIVPq48odjxW8fLDdzERvFIB0NE9f8coefd3Z9yObx8p+\nT5eUqSxOj4HD6BkMGE0eTVQ6bBP3XfMhq/nRrCzws+5S6NEdesRYWbssipcIqHRX\nMnhnv9sjGK/7SiGehxGLlJEoYQKBgQDCoVW7rqT7TKcpFIFnDf/qLMuS9NAbAnN7\n/NABJXhv9N8N/wkY0my9nTKUpNrEr2qa1rIV6l1TJHLt8U9vDWr3z5xnnGZb1CuM\nfleVspa0/407iwQZEu18ICl3gk6LqFhDyxBaPMnal9HjIizd9vJ+WfI94sQedrvO\nJab0a0XWcwKBgBUlfCKgCsaWiqN7HUSvLtldJZ8fMbJ5ZSlUCAuPacAifauls9P/\nF4mFSffExHiQi7mY00tmVjDELciOphyCFNIhtuSX0fPOBc+v0Dh74tcTTgUn98ry\nufXGg+XoD9Ygp6WE1RqbOqxbOtruwPGD3d9l7epmmbjl3x5k3sjRD3rhAoGANNpl\nEruBd/C/8CruXRLzLR+PBNBQdxU6UTA9OCJ5y0VfEUjxqnjyKKe4pZ8C/ah5NaUZ\n5VOoljxurWj7XjfxlWwemBBjx4odbWCd3jwKKwq+yq2cpkZ6kVuWhyqus8Q6e+Z4\nAVlCo4bY62pLbtdx0JgSbXXYNkGeDIQzC2raIzsCgYBG+Bqx6Ixu42csZvtaboSE\ndM0YVGcvpomeJlRtqI/XB9Aw7XKCI+mZa3KY3yenDrW3H/TFKCwqAwIjlwEmC31/\nodrgZE5UAaW8oAP6LAEFdPGl6htLlmoRQsoLGzgffeM6eF2B+714ZX9hHc6HiROi\nq3vBLwrOZr59XEdujngGkg==\n-----END PRIVATE KEY-----\n","VERCEL_URL":"mitalento-ia.web.app","__FIREBASE_FRAMEWORKS_ENTRY__":"next.js","__FIREBASE_DEFAULTS__":"{\"config\":{\"projectId\":\"mitalento-ia\",\"appId\":\"1:836679235433:web:c96b5cf37ca43b4a6beff8\",\"storageBucket\":\"mitalento-ia.firebasestorage.app\",\"apiKey\":\"AIzaSyC3tQNcQKcx2Yx_KcXlM78tteHuk7B0kAM\",\"authDomain\":\"mitalento-ia.firebaseapp.com\",\"messagingSenderId\":\"836679235433\",\"measurementId\":\"G-TVKZ25XF6P\",\"projectNumber\":\"836679235433\",\"version\":\"2\"},\"_authTokenSyncURL\":\"/__session\"}","FIREBASE_CONFIG":"{\"projectId\":\"mitalento-ia\",\"storageBucket\":\"mitalento-ia.firebasestorage.app\"}","GCLOUD_PROJECT":"mitalento-ia","EVENTARC_CLOUD_EVENT_SOURCE":"projects/mitalento-ia/locations/us-central1/services/ssrmitalentoia","FUNCTION_TARGET":"ssrmitalentoia","LOG_EXECUTION_ID":"true"},"ingressSettings":"ALLOW_ALL","uri":"https://ssrmitalentoia-awexrf4v2q-uc.a.run.app","serviceAccountEmail":"836679235433-compute@developer.gserviceaccount.com","availableMemory":"256Mi","allTrafficOnLatestRevision":true,"revision":"ssrmitalentoia-00125-yah","maxInstanceRequestConcurrency":80,"availableCpu":"1"},"state":"ACTIVE","labels":{"deployment-tool":"gcloud","firebase-functions-codebase":"firebase-frameworks-mitalento-ia","firebase-functions-hash":"0f53685feb3474a313e94f3c7b39967d5e9218a4"},"environment":"GEN_2","url":"https://us-central1-mitalento-ia.cloudfunctions.net/ssrmitalentoia","satisfiesPzi":true},"stages":[{"name":"BUILD","message":"Build finished","state":"COMPLETE","resource":"projects/836679235433/locations/us-central1/builds/0ada40f8-f728-469e-b824-14ed1ef473b1","resourceUri":"https://console.cloud.google.com/cloud-build/builds;region=us-central1/0ada40f8-f728-469e-b824-14ed1ef473b1?project=836679235433"},{"name":"SERVICE","message":"Updating Cloud Run service","state":"IN_PROGRESS","resource":"projects/mitalento-ia/locations/us-central1/services/ssrmitalentoia","resourceUri":"https://console.cloud.google.com/run/detail/us-central1/ssrmitalentoia?project=mitalento-ia","stateMessages":[{"severity":"INFO","type":"CloudRunServiceNewRevisionTrafficInfo","message":"A new revision will be deployed serving with 100% traffic."}]}],"sourceToken":"Cldwcm9qZWN0cy84MzY2NzkyMzU0MzMvbG9jYXRpb25zL3VzLWNlbnRyYWwxL2J1aWxkcy8wYWRhNDBmOC1mNzI4LTQ2OWUtYjgyNC0xNGVkMWVmNDczYjESa3VzLWNlbnRyYWwxLWRvY2tlci5wa2cuZGV2L21pdGFsZW50by1pYS9nY2YtYXJ0aWZhY3RzL21pdGFsZW50by0taWFfX3VzLS1jZW50cmFsMV9fc3NybWl0YWxlbnRvaWE6dmVyc2lvbl8xGOnu3++sGCJEcHJvamVjdHMvbWl0YWxlbnRvLWlhL2xvY2F0aW9ucy91cy1jZW50cmFsMS9mdW5jdGlvbnMvc3NybWl0YWxlbnRvaWEqDAidsNLNBhCQq/+WAzIIbm9kZWpzMjI6dgojZ2NyLmlvL2dhZS1ydW50aW1lcy9ub2RlanMyMjpzdGFibGUST3VzLWNlbnRyYWwxLWRvY2tlci5wa2cuZGV2L3NlcnZlcmxlc3MtcnVudGltZXMvZ29vZ2xlLTIyLWZ1bGwvcnVudGltZXMvbm9kZWpzMjJAAQ==","operationType":"UPDATE_FUNCTION","buildName":"projects/836679235433/locations/us-central1/builds/0ada40f8-f728-469e-b824-14ed1ef473b1"},"done":false}
[2026-03-13T23:05:52.277Z] Got source token Cldwcm9qZWN0cy84MzY2NzkyMzU0MzMvbG9jYXRpb25zL3VzLWNlbnRyYWwxL2J1aWxkcy8wYWRhNDBmOC1mNzI4LTQ2OWUtYjgyNC0xNGVkMWVmNDczYjESa3VzLWNlbnRyYWwxLWRvY2tlci5wa2cuZGV2L21pdGFsZW50by1pYS9nY2YtYXJ0aWZhY3RzL21pdGFsZW50by0taWFfX3VzLS1jZW50cmFsMV9fc3NybWl0YWxlbnRvaWE6dmVyc2lvbl8xGOnu3++sGCJEcHJvamVjdHMvbWl0YWxlbnRvLWlhL2xvY2F0aW9ucy91cy1jZW50cmFsMS9mdW5jdGlvbnMvc3NybWl0YWxlbnRvaWEqDAidsNLNBhCQq/+WAzIIbm9kZWpzMjI6dgojZ2NyLmlvL2dhZS1ydW50aW1lcy9ub2RlanMyMjpzdGFibGUST3VzLWNlbnRyYWwxLWRvY2tlci5wa2cuZGV2L3NlcnZlcmxlc3MtcnVudGltZXMvZ29vZ2xlLTIyLWZ1bGwvcnVudGltZXMvbm9kZWpzMjJAAQ== for region us-central1
[2026-03-13T23:06:02.281Z] [update-firebase-frameworks-mitalento-ia-us-central1-ssrmitalentoia] Retrying task index 0
[2026-03-13T23:06:02.282Z] Checked if tokens are valid: true, expires at: 1773446187973
[2026-03-13T23:06:02.282Z] Checked if tokens are valid: true, expires at: 1773446187973
[2026-03-13T23:06:02.282Z] >>> [apiv2][query] GET https://cloudfunctions.googleapis.com/v2/projects/mitalento-ia/locations/us-central1/operations/operation-1773442922445-64cefdb6bfb48-d060cf31-40789916 [none]
[2026-03-13T23:06:04.560Z] <<< [apiv2][status] GET https://cloudfunctions.googleapis.com/v2/projects/mitalento-ia/locations/us-central1/operations/operation-1773442922445-64cefdb6bfb48-d060cf31-40789916 200
[2026-03-13T23:06:04.560Z] <<< [apiv2][body] GET https://cloudfunctions.googleapis.com/v2/projects/mitalento-ia/locations/us-central1/operations/operation-1773442922445-64cefdb6bfb48-d060cf31-40789916 {"name":"projects/mitalento-ia/locations/us-central1/operations/operation-1773442922445-64cefdb6bfb48-d060cf31-40789916","metadata":{"@type":"type.googleapis.com/google.cloud.functions.v2.OperationMetadata","createTime":"2026-03-13T23:02:03.691565423Z","target":"projects/mitalento-ia/locations/us-central1/functions/ssrmitalentoia","verb":"update","cancelRequested":false,"apiVersion":"v2","requestResource":{"@type":"type.googleapis.com/google.cloud.functions.v2.Function","name":"projects/mitalento-ia/locations/us-central1/functions/ssrmitalentoia","buildConfig":{"runtime":"nodejs22","entryPoint":"ssrmitalentoia","source":{"storageSource":{"bucket":"gcf-v2-sources-836679235433-us-central1","object":"ssrmitalentoia/function-source.zip","generation":"1773442923599855"}},"environmentVariables":{"GOOGLE_NODE_RUN_SCRIPTS":""},"dockerRepository":"projects/mitalento-ia/locations/us-central1/repositories/gcf-artifacts","sourceProvenance":{"resolvedStorageSource":{"bucket":"gcf-v2-sources-836679235433-us-central1","object":"ssrmitalentoia/function-source.zip","generation":"1773251901577266"}},"dockerRegistry":"ARTIFACT_REGISTRY","serviceAccount":"projects/mitalento-ia/serviceAccounts/836679235433-compute@developer.gserviceaccount.com","automaticUpdatePolicy":{}},"serviceConfig":{"service":"projects/mitalento-ia/locations/us-central1/services/ssrmitalentoia","timeoutSeconds":60,"environmentVariables":{"NEXT_PUBLIC_FIREBASE_API_KEY":"AIzaSyC3tQNcQKcx2Yx_KcXlM78tteHuk7B0kAM","NEXT_PUBLIC_FIREBASE_AUTH_DOMAIN":"mitalento-ia.web.app","NEXT_PUBLIC_FIREBASE_PROJECT_ID":"mitalento-ia","NEXT_PUBLIC_FIREBASE_STORAGE_BUCKET":"mitalento-ia.firebasestorage.app","NEXT_PUBLIC_FIREBASE_MESSAGING_SENDER_ID":"836679235433","NEXT_PUBLIC_FIREBASE_APP_ID":"1:836679235433:web:c96b5cf37ca43b4a6beff8","NEXT_PUBLIC_FIREBASE_MEASUREMENT_ID":"G-TVKZ25XF6P","GEMINI_API_KEY":"AIzaSyAs66KRjVfJ12ciHnSmBS6Y8Xrarq26He8","ADMIN_CLIENT_EMAIL":"firebase-adminsdk-fbsvc@mitalento-ia.iam.gserviceaccount.com","ADMIN_PRIVATE_KEY":"-----BEGIN PRIVATE KEY-----\nMIIEvAIBADANBgkqhkiG9w0BAQEFAASCBKYwggSiAgEAAoIBAQCseVmNK9kRIG9P\naVQn+36c2H8ApV8K56ppo2QHOTIcpDOqM2igzT9Kg305t955MkWvJUJdIziEP0ur\nZNj9TVa3goW4CyQUZ4B1DFWOj8e+cPk97EINBvHNkaHOGANlaVqxa7JJPZkhaQN5\nFoiLoVvPGlIipqO8WeaenJKBKqxGjuJyDFCW67DGWvgoqUT5h+6QJTupz/AekGBA\nf65vhNCauWjts1hKGeVbduCWN39hX+JTQnrW8hiFaCHMJFKxQR+y8pwDUJSq+/+R\nmQCC0o9niOc3RMh2Bxuq1favfAvri75Hh9HjtHGk4h5pCgIqFdk2T2JkHQZOD8+d\nqVmCGzmTAgMBAAECggEACo2aRyMJsxyS8v704UVoJ9yvWLDFsfse2DvhIPgE8u+x\nIZbnrf8hAkQtY1y2xh+nV+Ilv2EqUh01WhVfmZAj4DKiT/KOkJkMqRzKF2EAzcxH\n09wi5n0oSnXAusWJX6kknXqDfCvCtOKiDcStMi37Wh64K9qaZinyDH50EGc2B1MZ\nCb8mNW6CUb/2JUqL1o08+GpCPMwvdK0+12mLTkCLJAauWqzRnt3VAHOxZeosff+q\nvTkIkjmrCdyDO5cFQDRb+dEaeSWxEfIy4OQV0mSty1IQHEJui2fsxtJzO0P8WG1w\nV2xIXAass7MKv9qVwJa1LWdfArJjVvhgSXHTPT9DgQKBgQDi243ati30Z88jprBp\nycE/p3QMGlnUzKaP8/0iIVPq48odjxW8fLDdzERvFIB0NE9f8coefd3Z9yObx8p+\nT5eUqSxOj4HD6BkMGE0eTVQ6bBP3XfMhq/nRrCzws+5S6NEdesRYWbssipcIqHRX\nMnhnv9sjGK/7SiGehxGLlJEoYQKBgQDCoVW7rqT7TKcpFIFnDf/qLMuS9NAbAnN7\n/NABJXhv9N8N/wkY0my9nTKUpNrEr2qa1rIV6l1TJHLt8U9vDWr3z5xnnGZb1CuM\nfleVspa0/407iwQZEu18ICl3gk6LqFhDyxBaPMnal9HjIizd9vJ+WfI94sQedrvO\nJab0a0XWcwKBgBUlfCKgCsaWiqN7HUSvLtldJZ8fMbJ5ZSlUCAuPacAifauls9P/\nF4mFSffExHiQi7mY00tmVjDELciOphyCFNIhtuSX0fPOBc+v0Dh74tcTTgUn98ry\nufXGg+XoD9Ygp6WE1RqbOqxbOtruwPGD3d9l7epmmbjl3x5k3sjRD3rhAoGANNpl\nEruBd/C/8CruXRLzLR+PBNBQdxU6UTA9OCJ5y0VfEUjxqnjyKKe4pZ8C/ah5NaUZ\n5VOoljxurWj7XjfxlWwemBBjx4odbWCd3jwKKwq+yq2cpkZ6kVuWhyqus8Q6e+Z4\nAVlCo4bY62pLbtdx0JgSbXXYNkGeDIQzC2raIzsCgYBG+Bqx6Ixu42csZvtaboSE\ndM0YVGcvpomeJlRtqI/XB9Aw7XKCI+mZa3KY3yenDrW3H/TFKCwqAwIjlwEmC31/\nodrgZE5UAaW8oAP6LAEFdPGl6htLlmoRQsoLGzgffeM6eF2B+714ZX9hHc6HiROi\nq3vBLwrOZr59XEdujngGkg==\n-----END PRIVATE KEY-----\n","VERCEL_URL":"mitalento-ia.web.app","__FIREBASE_FRAMEWORKS_ENTRY__":"next.js","__FIREBASE_DEFAULTS__":"{\"config\":{\"projectId\":\"mitalento-ia\",\"appId\":\"1:836679235433:web:c96b5cf37ca43b4a6beff8\",\"storageBucket\":\"mitalento-ia.firebasestorage.app\",\"apiKey\":\"AIzaSyC3tQNcQKcx2Yx_KcXlM78tteHuk7B0kAM\",\"authDomain\":\"mitalento-ia.firebaseapp.com\",\"messagingSenderId\":\"836679235433\",\"measurementId\":\"G-TVKZ25XF6P\",\"projectNumber\":\"836679235433\",\"version\":\"2\"},\"_authTokenSyncURL\":\"/__session\"}","FIREBASE_CONFIG":"{\"projectId\":\"mitalento-ia\",\"storageBucket\":\"mitalento-ia.firebasestorage.app\"}","GCLOUD_PROJECT":"mitalento-ia","EVENTARC_CLOUD_EVENT_SOURCE":"projects/mitalento-ia/locations/us-central1/services/ssrmitalentoia","FUNCTION_TARGET":"ssrmitalentoia","LOG_EXECUTION_ID":"true"},"ingressSettings":"ALLOW_ALL","uri":"https://ssrmitalentoia-awexrf4v2q-uc.a.run.app","serviceAccountEmail":"836679235433-compute@developer.gserviceaccount.com","availableMemory":"256Mi","allTrafficOnLatestRevision":true,"revision":"ssrmitalentoia-00125-yah","maxInstanceRequestConcurrency":80,"availableCpu":"1"},"state":"ACTIVE","labels":{"deployment-tool":"gcloud","firebase-functions-codebase":"firebase-frameworks-mitalento-ia","firebase-functions-hash":"0f53685feb3474a313e94f3c7b39967d5e9218a4"},"environment":"GEN_2","url":"https://us-central1-mitalento-ia.cloudfunctions.net/ssrmitalentoia","satisfiesPzi":true},"stages":[{"name":"BUILD","message":"Build finished","state":"COMPLETE","resource":"projects/836679235433/locations/us-central1/builds/0ada40f8-f728-469e-b824-14ed1ef473b1","resourceUri":"https://console.cloud.google.com/cloud-build/builds;region=us-central1/0ada40f8-f728-469e-b824-14ed1ef473b1?project=836679235433"},{"name":"SERVICE","message":"Updating Cloud Run service","state":"IN_PROGRESS","resource":"projects/mitalento-ia/locations/us-central1/services/ssrmitalentoia","resourceUri":"https://console.cloud.google.com/run/detail/us-central1/ssrmitalentoia?project=mitalento-ia","stateMessages":[{"severity":"INFO","type":"CloudRunServiceNewRevisionTrafficInfo","message":"A new revision will be deployed serving with 100% traffic."}]}],"sourceToken":"Cldwcm9qZWN0cy84MzY2NzkyMzU0MzMvbG9jYXRpb25zL3VzLWNlbnRyYWwxL2J1aWxkcy8wYWRhNDBmOC1mNzI4LTQ2OWUtYjgyNC0xNGVkMWVmNDczYjESa3VzLWNlbnRyYWwxLWRvY2tlci5wa2cuZGV2L21pdGFsZW50by1pYS9nY2YtYXJ0aWZhY3RzL21pdGFsZW50by0taWFfX3VzLS1jZW50cmFsMV9fc3NybWl0YWxlbnRvaWE6dmVyc2lvbl8xGOnu3++sGCJEcHJvamVjdHMvbWl0YWxlbnRvLWlhL2xvY2F0aW9ucy91cy1jZW50cmFsMS9mdW5jdGlvbnMvc3NybWl0YWxlbnRvaWEqDAidsNLNBhCQq/+WAzIIbm9kZWpzMjI6dgojZ2NyLmlvL2dhZS1ydW50aW1lcy9ub2RlanMyMjpzdGFibGUST3VzLWNlbnRyYWwxLWRvY2tlci5wa2cuZGV2L3NlcnZlcmxlc3MtcnVudGltZXMvZ29vZ2xlLTIyLWZ1bGwvcnVudGltZXMvbm9kZWpzMjJAAQ==","operationType":"UPDATE_FUNCTION","buildName":"projects/836679235433/locations/us-central1/builds/0ada40f8-f728-469e-b824-14ed1ef473b1"},"done":false}
[2026-03-13T23:06:04.560Z] Got source token Cldwcm9qZWN0cy84MzY2NzkyMzU0MzMvbG9jYXRpb25zL3VzLWNlbnRyYWwxL2J1aWxkcy8wYWRhNDBmOC1mNzI4LTQ2OWUtYjgyNC0xNGVkMWVmNDczYjESa3VzLWNlbnRyYWwxLWRvY2tlci5wa2cuZGV2L21pdGFsZW50by1pYS9nY2YtYXJ0aWZhY3RzL21pdGFsZW50by0taWFfX3VzLS1jZW50cmFsMV9fc3NybWl0YWxlbnRvaWE6dmVyc2lvbl8xGOnu3++sGCJEcHJvamVjdHMvbWl0YWxlbnRvLWlhL2xvY2F0aW9ucy91cy1jZW50cmFsMS9mdW5jdGlvbnMvc3NybWl0YWxlbnRvaWEqDAidsNLNBhCQq/+WAzIIbm9kZWpzMjI6dgojZ2NyLmlvL2dhZS1ydW50aW1lcy9ub2RlanMyMjpzdGFibGUST3VzLWNlbnRyYWwxLWRvY2tlci5wa2cuZGV2L3NlcnZlcmxlc3MtcnVudGltZXMvZ29vZ2xlLTIyLWZ1bGwvcnVudGltZXMvbm9kZWpzMjJAAQ== for region us-central1
[2026-03-13T23:06:14.576Z] [update-firebase-frameworks-mitalento-ia-us-central1-ssrmitalentoia] Retrying task index 0
[2026-03-13T23:06:14.576Z] Checked if tokens are valid: true, expires at: 1773446187973
[2026-03-13T23:06:14.576Z] Checked if tokens are valid: true, expires at: 1773446187973
[2026-03-13T23:06:14.577Z] >>> [apiv2][query] GET https://cloudfunctions.googleapis.com/v2/projects/mitalento-ia/locations/us-central1/operations/operation-1773442922445-64cefdb6bfb48-d060cf31-40789916 [none]
[2026-03-13T23:06:18.322Z] <<< [apiv2][status] GET https://cloudfunctions.googleapis.com/v2/projects/mitalento-ia/locations/us-central1/operations/operation-1773442922445-64cefdb6bfb48-d060cf31-40789916 200
[2026-03-13T23:06:18.322Z] <<< [apiv2][body] GET https://cloudfunctions.googleapis.com/v2/projects/mitalento-ia/locations/us-central1/operations/operation-1773442922445-64cefdb6bfb48-d060cf31-40789916 {"name":"projects/mitalento-ia/locations/us-central1/operations/operation-1773442922445-64cefdb6bfb48-d060cf31-40789916","metadata":{"@type":"type.googleapis.com/google.cloud.functions.v2.OperationMetadata","createTime":"2026-03-13T23:02:03.691565423Z","endTime":"2026-03-13T23:06:15.651065639Z","target":"projects/mitalento-ia/locations/us-central1/functions/ssrmitalentoia","verb":"update","cancelRequested":false,"apiVersion":"v2","requestResource":{"@type":"type.googleapis.com/google.cloud.functions.v2.Function","name":"projects/mitalento-ia/locations/us-central1/functions/ssrmitalentoia","buildConfig":{"runtime":"nodejs22","entryPoint":"ssrmitalentoia","source":{"storageSource":{"bucket":"gcf-v2-sources-836679235433-us-central1","object":"ssrmitalentoia/function-source.zip","generation":"1773442923599855"}},"environmentVariables":{"GOOGLE_NODE_RUN_SCRIPTS":""},"dockerRepository":"projects/mitalento-ia/locations/us-central1/repositories/gcf-artifacts","sourceProvenance":{"resolvedStorageSource":{"bucket":"gcf-v2-sources-836679235433-us-central1","object":"ssrmitalentoia/function-source.zip","generation":"1773251901577266"}},"dockerRegistry":"ARTIFACT_REGISTRY","serviceAccount":"projects/mitalento-ia/serviceAccounts/836679235433-compute@developer.gserviceaccount.com","automaticUpdatePolicy":{}},"serviceConfig":{"service":"projects/mitalento-ia/locations/us-central1/services/ssrmitalentoia","timeoutSeconds":60,"environmentVariables":{"NEXT_PUBLIC_FIREBASE_API_KEY":"AIzaSyC3tQNcQKcx2Yx_KcXlM78tteHuk7B0kAM","NEXT_PUBLIC_FIREBASE_AUTH_DOMAIN":"mitalento-ia.web.app","NEXT_PUBLIC_FIREBASE_PROJECT_ID":"mitalento-ia","NEXT_PUBLIC_FIREBASE_STORAGE_BUCKET":"mitalento-ia.firebasestorage.app","NEXT_PUBLIC_FIREBASE_MESSAGING_SENDER_ID":"836679235433","NEXT_PUBLIC_FIREBASE_APP_ID":"1:836679235433:web:c96b5cf37ca43b4a6beff8","NEXT_PUBLIC_FIREBASE_MEASUREMENT_ID":"G-TVKZ25XF6P","GEMINI_API_KEY":"AIzaSyAs66KRjVfJ12ciHnSmBS6Y8Xrarq26He8","ADMIN_CLIENT_EMAIL":"firebase-adminsdk-fbsvc@mitalento-ia.iam.gserviceaccount.com","ADMIN_PRIVATE_KEY":"-----BEGIN PRIVATE KEY-----\nMIIEvAIBADANBgkqhkiG9w0BAQEFAASCBKYwggSiAgEAAoIBAQCseVmNK9kRIG9P\naVQn+36c2H8ApV8K56ppo2QHOTIcpDOqM2igzT9Kg305t955MkWvJUJdIziEP0ur\nZNj9TVa3goW4CyQUZ4B1DFWOj8e+cPk97EINBvHNkaHOGANlaVqxa7JJPZkhaQN5\nFoiLoVvPGlIipqO8WeaenJKBKqxGjuJyDFCW67DGWvgoqUT5h+6QJTupz/AekGBA\nf65vhNCauWjts1hKGeVbduCWN39hX+JTQnrW8hiFaCHMJFKxQR+y8pwDUJSq+/+R\nmQCC0o9niOc3RMh2Bxuq1favfAvri75Hh9HjtHGk4h5pCgIqFdk2T2JkHQZOD8+d\nqVmCGzmTAgMBAAECggEACo2aRyMJsxyS8v704UVoJ9yvWLDFsfse2DvhIPgE8u+x\nIZbnrf8hAkQtY1y2xh+nV+Ilv2EqUh01WhVfmZAj4DKiT/KOkJkMqRzKF2EAzcxH\n09wi5n0oSnXAusWJX6kknXqDfCvCtOKiDcStMi37Wh64K9qaZinyDH50EGc2B1MZ\nCb8mNW6CUb/2JUqL1o08+GpCPMwvdK0+12mLTkCLJAauWqzRnt3VAHOxZeosff+q\nvTkIkjmrCdyDO5cFQDRb+dEaeSWxEfIy4OQV0mSty1IQHEJui2fsxtJzO0P8WG1w\nV2xIXAass7MKv9qVwJa1LWdfArJjVvhgSXHTPT9DgQKBgQDi243ati30Z88jprBp\nycE/p3QMGlnUzKaP8/0iIVPq48odjxW8fLDdzERvFIB0NE9f8coefd3Z9yObx8p+\nT5eUqSxOj4HD6BkMGE0eTVQ6bBP3XfMhq/nRrCzws+5S6NEdesRYWbssipcIqHRX\nMnhnv9sjGK/7SiGehxGLlJEoYQKBgQDCoVW7rqT7TKcpFIFnDf/qLMuS9NAbAnN7\n/NABJXhv9N8N/wkY0my9nTKUpNrEr2qa1rIV6l1TJHLt8U9vDWr3z5xnnGZb1CuM\nfleVspa0/407iwQZEu18ICl3gk6LqFhDyxBaPMnal9HjIizd9vJ+WfI94sQedrvO\nJab0a0XWcwKBgBUlfCKgCsaWiqN7HUSvLtldJZ8fMbJ5ZSlUCAuPacAifauls9P/\nF4mFSffExHiQi7mY00tmVjDELciOphyCFNIhtuSX0fPOBc+v0Dh74tcTTgUn98ry\nufXGg+XoD9Ygp6WE1RqbOqxbOtruwPGD3d9l7epmmbjl3x5k3sjRD3rhAoGANNpl\nEruBd/C/8CruXRLzLR+PBNBQdxU6UTA9OCJ5y0VfEUjxqnjyKKe4pZ8C/ah5NaUZ\n5VOoljxurWj7XjfxlWwemBBjx4odbWCd3jwKKwq+yq2cpkZ6kVuWhyqus8Q6e+Z4\nAVlCo4bY62pLbtdx0JgSbXXYNkGeDIQzC2raIzsCgYBG+Bqx6Ixu42csZvtaboSE\ndM0YVGcvpomeJlRtqI/XB9Aw7XKCI+mZa3KY3yenDrW3H/TFKCwqAwIjlwEmC31/\nodrgZE5UAaW8oAP6LAEFdPGl6htLlmoRQsoLGzgffeM6eF2B+714ZX9hHc6HiROi\nq3vBLwrOZr59XEdujngGkg==\n-----END PRIVATE KEY-----\n","VERCEL_URL":"mitalento-ia.web.app","__FIREBASE_FRAMEWORKS_ENTRY__":"next.js","__FIREBASE_DEFAULTS__":"{\"config\":{\"projectId\":\"mitalento-ia\",\"appId\":\"1:836679235433:web:c96b5cf37ca43b4a6beff8\",\"storageBucket\":\"mitalento-ia.firebasestorage.app\",\"apiKey\":\"AIzaSyC3tQNcQKcx2Yx_KcXlM78tteHuk7B0kAM\",\"authDomain\":\"mitalento-ia.firebaseapp.com\",\"messagingSenderId\":\"836679235433\",\"measurementId\":\"G-TVKZ25XF6P\",\"projectNumber\":\"836679235433\",\"version\":\"2\"},\"_authTokenSyncURL\":\"/__session\"}","FIREBASE_CONFIG":"{\"projectId\":\"mitalento-ia\",\"storageBucket\":\"mitalento-ia.firebasestorage.app\"}","GCLOUD_PROJECT":"mitalento-ia","EVENTARC_CLOUD_EVENT_SOURCE":"projects/mitalento-ia/locations/us-central1/services/ssrmitalentoia","FUNCTION_TARGET":"ssrmitalentoia","LOG_EXECUTION_ID":"true"},"ingressSettings":"ALLOW_ALL","uri":"https://ssrmitalentoia-awexrf4v2q-uc.a.run.app","serviceAccountEmail":"836679235433-compute@developer.gserviceaccount.com","availableMemory":"256Mi","allTrafficOnLatestRevision":true,"revision":"ssrmitalentoia-00125-yah","maxInstanceRequestConcurrency":80,"availableCpu":"1"},"state":"ACTIVE","labels":{"deployment-tool":"gcloud","firebase-functions-codebase":"firebase-frameworks-mitalento-ia","firebase-functions-hash":"0f53685feb3474a313e94f3c7b39967d5e9218a4"},"environment":"GEN_2","url":"https://us-central1-mitalento-ia.cloudfunctions.net/ssrmitalentoia","satisfiesPzi":true},"stages":[{"name":"BUILD","message":"Build finished","state":"COMPLETE","resource":"projects/836679235433/locations/us-central1/builds/0ada40f8-f728-469e-b824-14ed1ef473b1","resourceUri":"https://console.cloud.google.com/cloud-build/builds;region=us-central1/0ada40f8-f728-469e-b824-14ed1ef473b1?project=836679235433"},{"name":"SERVICE","message":"Updating Cloud Run service","state":"COMPLETE","resource":"projects/mitalento-ia/locations/us-central1/services/ssrmitalentoia","resourceUri":"https://console.cloud.google.com/run/detail/us-central1/ssrmitalentoia?project=mitalento-ia","stateMessages":[{"severity":"INFO","type":"CloudRunServiceNewRevisionTrafficInfo","message":"A new revision will be deployed serving with 100% traffic."}]}],"sourceToken":"Cldwcm9qZWN0cy84MzY2NzkyMzU0MzMvbG9jYXRpb25zL3VzLWNlbnRyYWwxL2J1aWxkcy8wYWRhNDBmOC1mNzI4LTQ2OWUtYjgyNC0xNGVkMWVmNDczYjESa3VzLWNlbnRyYWwxLWRvY2tlci5wa2cuZGV2L21pdGFsZW50by1pYS9nY2YtYXJ0aWZhY3RzL21pdGFsZW50by0taWFfX3VzLS1jZW50cmFsMV9fc3NybWl0YWxlbnRvaWE6dmVyc2lvbl8xGOnu3++sGCJEcHJvamVjdHMvbWl0YWxlbnRvLWlhL2xvY2F0aW9ucy91cy1jZW50cmFsMS9mdW5jdGlvbnMvc3NybWl0YWxlbnRvaWEqDAidsNLNBhCQq/+WAzIIbm9kZWpzMjI6dgojZ2NyLmlvL2dhZS1ydW50aW1lcy9ub2RlanMyMjpzdGFibGUST3VzLWNlbnRyYWwxLWRvY2tlci5wa2cuZGV2L3NlcnZlcmxlc3MtcnVudGltZXMvZ29vZ2xlLTIyLWZ1bGwvcnVudGltZXMvbm9kZWpzMjJAAQ==","operationType":"UPDATE_FUNCTION","buildName":"projects/836679235433/locations/us-central1/builds/0ada40f8-f728-469e-b824-14ed1ef473b1"},"done":true,"response":{"@type":"type.googleapis.com/google.cloud.functions.v2.Function","name":"projects/mitalento-ia/locations/us-central1/functions/ssrmitalentoia","buildConfig":{"build":"projects/836679235433/locations/us-central1/builds/0ada40f8-f728-469e-b824-14ed1ef473b1","runtime":"nodejs22","entryPoint":"ssrmitalentoia","source":{"storageSource":{"bucket":"gcf-v2-sources-836679235433-us-central1","object":"ssrmitalentoia/function-source.zip","generation":"1773442923599855"}},"environmentVariables":{"GOOGLE_NODE_RUN_SCRIPTS":""},"dockerRepository":"projects/mitalento-ia/locations/us-central1/repositories/gcf-artifacts","sourceProvenance":{"resolvedStorageSource":{"bucket":"gcf-v2-sources-836679235433-us-central1","object":"ssrmitalentoia/function-source.zip","generation":"1773442923599855"}},"dockerRegistry":"ARTIFACT_REGISTRY","serviceAccount":"projects/mitalento-ia/serviceAccounts/836679235433-compute@developer.gserviceaccount.com","automaticUpdatePolicy":{}},"serviceConfig":{"service":"projects/mitalento-ia/locations/us-central1/services/ssrmitalentoia","timeoutSeconds":60,"environmentVariables":{"NEXT_PUBLIC_FIREBASE_API_KEY":"AIzaSyC3tQNcQKcx2Yx_KcXlM78tteHuk7B0kAM","NEXT_PUBLIC_FIREBASE_AUTH_DOMAIN":"mitalento-ia.web.app","NEXT_PUBLIC_FIREBASE_PROJECT_ID":"mitalento-ia","NEXT_PUBLIC_FIREBASE_STORAGE_BUCKET":"mitalento-ia.firebasestorage.app","NEXT_PUBLIC_FIREBASE_MESSAGING_SENDER_ID":"836679235433","NEXT_PUBLIC_FIREBASE_APP_ID":"1:836679235433:web:c96b5cf37ca43b4a6beff8","NEXT_PUBLIC_FIREBASE_MEASUREMENT_ID":"G-TVKZ25XF6P","GEMINI_API_KEY":"AIzaSyAs66KRjVfJ12ciHnSmBS6Y8Xrarq26He8","ADMIN_CLIENT_EMAIL":"firebase-adminsdk-fbsvc@mitalento-ia.iam.gserviceaccount.com","ADMIN_PRIVATE_KEY":"-----BEGIN PRIVATE KEY-----\nMIIEvAIBADANBgkqhkiG9w0BAQEFAASCBKYwggSiAgEAAoIBAQCseVmNK9kRIG9P\naVQn+36c2H8ApV8K56ppo2QHOTIcpDOqM2igzT9Kg305t955MkWvJUJdIziEP0ur\nZNj9TVa3goW4CyQUZ4B1DFWOj8e+cPk97EINBvHNkaHOGANlaVqxa7JJPZkhaQN5\nFoiLoVvPGlIipqO8WeaenJKBKqxGjuJyDFCW67DGWvgoqUT5h+6QJTupz/AekGBA\nf65vhNCauWjts1hKGeVbduCWN39hX+JTQnrW8hiFaCHMJFKxQR+y8pwDUJSq+/+R\nmQCC0o9niOc3RMh2Bxuq1favfAvri75Hh9HjtHGk4h5pCgIqFdk2T2JkHQZOD8+d\nqVmCGzmTAgMBAAECggEACo2aRyMJsxyS8v704UVoJ9yvWLDFsfse2DvhIPgE8u+x\nIZbnrf8hAkQtY1y2xh+nV+Ilv2EqUh01WhVfmZAj4DKiT/KOkJkMqRzKF2EAzcxH\n09wi5n0oSnXAusWJX6kknXqDfCvCtOKiDcStMi37Wh64K9qaZinyDH50EGc2B1MZ\nCb8mNW6CUb/2JUqL1o08+GpCPMwvdK0+12mLTkCLJAauWqzRnt3VAHOxZeosff+q\nvTkIkjmrCdyDO5cFQDRb+dEaeSWxEfIy4OQV0mSty1IQHEJui2fsxtJzO0P8WG1w\nV2xIXAass7MKv9qVwJa1LWdfArJjVvhgSXHTPT9DgQKBgQDi243ati30Z88jprBp\nycE/p3QMGlnUzKaP8/0iIVPq48odjxW8fLDdzERvFIB0NE9f8coefd3Z9yObx8p+\nT5eUqSxOj4HD6BkMGE0eTVQ6bBP3XfMhq/nRrCzws+5S6NEdesRYWbssipcIqHRX\nMnhnv9sjGK/7SiGehxGLlJEoYQKBgQDCoVW7rqT7TKcpFIFnDf/qLMuS9NAbAnN7\n/NABJXhv9N8N/wkY0my9nTKUpNrEr2qa1rIV6l1TJHLt8U9vDWr3z5xnnGZb1CuM\nfleVspa0/407iwQZEu18ICl3gk6LqFhDyxBaPMnal9HjIizd9vJ+WfI94sQedrvO\nJab0a0XWcwKBgBUlfCKgCsaWiqN7HUSvLtldJZ8fMbJ5ZSlUCAuPacAifauls9P/\nF4mFSffExHiQi7mY00tmVjDELciOphyCFNIhtuSX0fPOBc+v0Dh74tcTTgUn98ry\nufXGg+XoD9Ygp6WE1RqbOqxbOtruwPGD3d9l7epmmbjl3x5k3sjRD3rhAoGANNpl\nEruBd/C/8CruXRLzLR+PBNBQdxU6UTA9OCJ5y0VfEUjxqnjyKKe4pZ8C/ah5NaUZ\n5VOoljxurWj7XjfxlWwemBBjx4odbWCd3jwKKwq+yq2cpkZ6kVuWhyqus8Q6e+Z4\nAVlCo4bY62pLbtdx0JgSbXXYNkGeDIQzC2raIzsCgYBG+Bqx6Ixu42csZvtaboSE\ndM0YVGcvpomeJlRtqI/XB9Aw7XKCI+mZa3KY3yenDrW3H/TFKCwqAwIjlwEmC31/\nodrgZE5UAaW8oAP6LAEFdPGl6htLlmoRQsoLGzgffeM6eF2B+714ZX9hHc6HiROi\nq3vBLwrOZr59XEdujngGkg==\n-----END PRIVATE KEY-----\n","VERCEL_URL":"mitalento-ia.web.app","__FIREBASE_FRAMEWORKS_ENTRY__":"next.js","__FIREBASE_DEFAULTS__":"{\"config\":{\"projectId\":\"mitalento-ia\",\"appId\":\"1:836679235433:web:c96b5cf37ca43b4a6beff8\",\"storageBucket\":\"mitalento-ia.firebasestorage.app\",\"apiKey\":\"AIzaSyC3tQNcQKcx2Yx_KcXlM78tteHuk7B0kAM\",\"authDomain\":\"mitalento-ia.firebaseapp.com\",\"messagingSenderId\":\"836679235433\",\"measurementId\":\"G-TVKZ25XF6P\",\"projectNumber\":\"836679235433\",\"version\":\"2\"},\"_authTokenSyncURL\":\"/__session\"}","FIREBASE_CONFIG":"{\"projectId\":\"mitalento-ia\",\"storageBucket\":\"mitalento-ia.firebasestorage.app\"}","GCLOUD_PROJECT":"mitalento-ia","EVENTARC_CLOUD_EVENT_SOURCE":"projects/mitalento-ia/locations/us-central1/services/ssrmitalentoia","FUNCTION_TARGET":"ssrmitalentoia","LOG_EXECUTION_ID":"true"},"maxInstanceCount":20,"ingressSettings":"ALLOW_ALL","uri":"https://ssrmitalentoia-awexrf4v2q-uc.a.run.app","serviceAccountEmail":"836679235433-compute@developer.gserviceaccount.com","availableMemory":"256Mi","allTrafficOnLatestRevision":true,"revision":"ssrmitalentoia-00127-sim","maxInstanceRequestConcurrency":80,"availableCpu":"1"},"state":"ACTIVE","updateTime":"2026-03-13T23:02:03.692988383Z","labels":{"deployment-tool":"cli-firebase","firebase-functions-codebase":"firebase-frameworks-mitalento-ia","firebase-functions-hash":"0f53685feb3474a313e94f3c7b39967d5e9218a4"},"environment":"GEN_2","url":"https://us-central1-mitalento-ia.cloudfunctions.net/ssrmitalentoia","createTime":"2026-03-02T20:30:05.171808651Z","satisfiesPzi":true}}
[2026-03-13T23:06:18.322Z] Got source token Cldwcm9qZWN0cy84MzY2NzkyMzU0MzMvbG9jYXRpb25zL3VzLWNlbnRyYWwxL2J1aWxkcy8wYWRhNDBmOC1mNzI4LTQ2OWUtYjgyNC0xNGVkMWVmNDczYjESa3VzLWNlbnRyYWwxLWRvY2tlci5wa2cuZGV2L21pdGFsZW50by1pYS9nY2YtYXJ0aWZhY3RzL21pdGFsZW50by0taWFfX3VzLS1jZW50cmFsMV9fc3NybWl0YWxlbnRvaWE6dmVyc2lvbl8xGOnu3++sGCJEcHJvamVjdHMvbWl0YWxlbnRvLWlhL2xvY2F0aW9ucy91cy1jZW50cmFsMS9mdW5jdGlvbnMvc3NybWl0YWxlbnRvaWEqDAidsNLNBhCQq/+WAzIIbm9kZWpzMjI6dgojZ2NyLmlvL2dhZS1ydW50aW1lcy9ub2RlanMyMjpzdGFibGUST3VzLWNlbnRyYWwxLWRvY2tlci5wa2cuZGV2L3NlcnZlcmxlc3MtcnVudGltZXMvZ29vZ2xlLTIyLWZ1bGwvcnVudGltZXMvbm9kZWpzMjJAAQ== for region us-central1
+  functions[firebase-frameworks-mitalento-ia:ssrmitalentoia(us-central1)] Successful update operation. 
[2026-03-13T23:06:18.327Z] Total Function Deployment time: 257968
[2026-03-13T23:06:18.327Z] 1 Functions Deployed
[2026-03-13T23:06:18.327Z] 0 Functions Errored
[2026-03-13T23:06:18.327Z] 0 Function Deployments Aborted
[2026-03-13T23:06:18.327Z] Average Function Deployment time: 257966
Function URL (firebase-frameworks-mitalento-ia:ssrmitalentoia(us-central1)): https://ssrmitalentoia-awexrf4v2q-uc.a.run.app
[2026-03-13T23:06:19.789Z] Checked if tokens are valid: true, expires at: 1773446187973
[2026-03-13T23:06:19.789Z] Checked if tokens are valid: true, expires at: 1773446187973
[2026-03-13T23:06:19.789Z] >>> [apiv2][query] GET https://artifactregistry.googleapis.com/v1/projects/mitalento-ia/locations/us-central1/repositories/gcf-artifacts [none]
[2026-03-13T23:06:22.175Z] <<< [apiv2][status] GET https://artifactregistry.googleapis.com/v1/projects/mitalento-ia/locations/us-central1/repositories/gcf-artifacts 200
[2026-03-13T23:06:22.175Z] <<< [apiv2][body] GET https://artifactregistry.googleapis.com/v1/projects/mitalento-ia/locations/us-central1/repositories/gcf-artifacts {"name":"projects/mitalento-ia/locations/us-central1/repositories/gcf-artifacts","format":"DOCKER","description":"This repository is created and used by Cloud Functions for storing function docker images.","labels":{"goog-managed-by":"cloudfunctions"},"createTime":"2026-03-02T20:30:12.782304Z","updateTime":"2026-03-13T23:04:52.134451Z","mode":"STANDARD_REPOSITORY","cleanupPolicies":{"firebase-functions-cleanup":{"id":"firebase-functions-cleanup","action":"DELETE","condition":{"tagState":"ANY","olderThan":"2592000s"}}},"sizeBytes":"1645720749","vulnerabilityScanningConfig":{"lastEnableTime":"2026-03-02T20:30:05.397245124Z","enablementState":"SCANNING_DISABLED","enablementStateReason":"API containerscanning.googleapis.com is not enabled."},"satisfiesPzi":true,"registryUri":"us-central1-docker.pkg.dev/mitalento-ia/gcf-artifacts"}
[2026-03-13T23:06:22.176Z] [rules] releasing firebase.storage/mitalento-ia.firebasestorage.app with ruleset projects/mitalento-ia/rulesets/7c930c02-9a9f-4451-800a-e0cbc81c672d
[2026-03-13T23:06:22.176Z] Checked if tokens are valid: true, expires at: 1773446187973
[2026-03-13T23:06:22.176Z] Checked if tokens are valid: true, expires at: 1773446187973
[2026-03-13T23:06:22.176Z] >>> [apiv2][query] PATCH https://firebaserules.googleapis.com/v1/projects/mitalento-ia/releases/firebase.storage/mitalento-ia.firebasestorage.app [none]
[2026-03-13T23:06:22.176Z] >>> [apiv2][body] PATCH https://firebaserules.googleapis.com/v1/projects/mitalento-ia/releases/firebase.storage/mitalento-ia.firebasestorage.app {"release":{"name":"projects/mitalento-ia/releases/firebase.storage/mitalento-ia.firebasestorage.app","rulesetName":"projects/mitalento-ia/rulesets/7c930c02-9a9f-4451-800a-e0cbc81c672d"}}
[2026-03-13T23:06:23.765Z] <<< [apiv2][status] PATCH https://firebaserules.googleapis.com/v1/projects/mitalento-ia/releases/firebase.storage/mitalento-ia.firebasestorage.app 200
[2026-03-13T23:06:23.765Z] <<< [apiv2][body] PATCH https://firebaserules.googleapis.com/v1/projects/mitalento-ia/releases/firebase.storage/mitalento-ia.firebasestorage.app {"name":"projects/mitalento-ia/releases/firebase.storage/mitalento-ia.firebasestorage.app","rulesetName":"projects/mitalento-ia/rulesets/7c930c02-9a9f-4451-800a-e0cbc81c672d","createTime":"2026-02-07T15:45:26.165536Z","updateTime":"2026-03-13T23:06:23.867164Z"}
[2026-03-13T23:06:23.765Z] [rules] updated release projects/mitalento-ia/releases/firebase.storage/mitalento-ia.firebasestorage.app
+  storage: released rules storage.rules to firebase.storage 
[2026-03-13T23:06:23.765Z] [rules] releasing cloud.firestore/(default) with ruleset projects/mitalento-ia/rulesets/aa538b7e-17f8-487a-b6ef-db7abf0c7126
[2026-03-13T23:06:23.765Z] Checked if tokens are valid: true, expires at: 1773446187973
[2026-03-13T23:06:23.765Z] Checked if tokens are valid: true, expires at: 1773446187973
[2026-03-13T23:06:23.765Z] >>> [apiv2][query] PATCH https://firebaserules.googleapis.com/v1/projects/mitalento-ia/releases/cloud.firestore/(default) [none]
[2026-03-13T23:06:23.766Z] >>> [apiv2][body] PATCH https://firebaserules.googleapis.com/v1/projects/mitalento-ia/releases/cloud.firestore/(default) {"release":{"name":"projects/mitalento-ia/releases/cloud.firestore/(default)","rulesetName":"projects/mitalento-ia/rulesets/aa538b7e-17f8-487a-b6ef-db7abf0c7126"}}
[2026-03-13T23:06:24.538Z] <<< [apiv2][status] PATCH https://firebaserules.googleapis.com/v1/projects/mitalento-ia/releases/cloud.firestore/(default) 200
[2026-03-13T23:06:24.538Z] <<< [apiv2][body] PATCH https://firebaserules.googleapis.com/v1/projects/mitalento-ia/releases/cloud.firestore/(default) {"name":"projects/mitalento-ia/releases/cloud.firestore","rulesetName":"projects/mitalento-ia/rulesets/aa538b7e-17f8-487a-b6ef-db7abf0c7126","createTime":"2026-02-07T15:43:52.444390Z","updateTime":"2026-03-13T23:06:24.375741Z"}
[2026-03-13T23:06:24.538Z] [rules] updated release projects/mitalento-ia/releases/cloud.firestore
+  firestore: released rules firestore.rules to cloud.firestore 
[2026-03-13T23:06:24.538Z] [
  {
    "config": {
      "source": ".",
      "ignore": [
        "firebase.json",
        "**/.*",
        "**/node_modules/**"
      ],
      "frameworksBackend": {
        "region": "us-central1"
      },
      "site": "mitalento-ia",
      "rewrites": [
        {
          "source": "/**",
          "function": {
            "functionId": "ssrmitalentoia",
            "region": "us-central1",
            "pinTag": true
          }
        }
      ],
      "redirects": [],
      "headers": [
        {
          "source": "/sw.js",
          "headers": [
            {
              "key": "Cache-Control",
              "value": "public, max-age=0, must-revalidate"
            },
            {
              "key": "Service-Worker-Allowed",
              "value": "/"
            }
          ]
        },
        {
          "source": "/(.*)",
          "headers": [
            {
              "key": "X-Content-Type-Options",
              "value": "nosniff"
            },
            {
              "key": "X-Frame-Options",
              "value": "DENY"
            },
            {
              "key": "Referrer-Policy",
              "value": "strict-origin-when-cross-origin"
            },
            {
              "key": "Permissions-Policy",
              "value": "camera=(), microphone=(), geolocation=()"
            },
            {
              "key": "Content-Security-Policy",
              "value": "default-src 'self'; script-src 'self' 'unsafe-inline' 'unsafe-eval'; style-src 'self' 'unsafe-inline'; img-src 'self' https: data: blob:; font-src 'self' data:; connect-src 'self' https://*.googleapis.com https://*.google.com https://*.firebaseio.com wss://*.firebaseio.com https://*.firebasestorage.app https://*.firebaseapp.com; media-src 'self' https: blob:; frame-src https://mitalento-ia.firebaseapp.com; frame-ancestors 'none'; object-src 'none'; base-uri 'self'"
            }
          ]
        },
        {
          "source": "/certificacion",
          "headers": [
            {
              "key": "x-nextjs-stale-time",
              "value": "300"
            },
            {
              "key": "x-nextjs-prerender",
              "value": "1"
            },
            {
              "key": "x-next-cache-tags",
              "value": "_N_T_/layout,_N_T_/certificacion/layout,_N_T_/certificacion/page,_N_T_/certificacion"
            }
          ]
        },
        {
          "source": "/_not-found",
          "headers": [
            {
              "key": "x-nextjs-stale-time",
              "value": "300"
            },
            {
              "key": "x-nextjs-prerender",
              "value": "1"
            },
            {
              "key": "x-next-cache-tags",
              "value": "_N_T_/layout,_N_T_/_not-found/layout,_N_T_/_not-found/page,_N_T_/_not-found"
            }
          ]
        },
        {
          "source": "/compromiso",
          "headers": [
            {
              "key": "x-nextjs-stale-time",
              "value": "300"
            },
            {
              "key": "x-nextjs-prerender",
              "value": "1"
            },
            {
              "key": "x-next-cache-tags",
              "value": "_N_T_/layout,_N_T_/compromiso/layout,_N_T_/compromiso/page,_N_T_/compromiso"
            }
          ]
        },
        {
          "source": "/favicon.ico",
          "headers": [
            {
              "key": "cache-control",
              "value": "public, max-age=0, must-revalidate"
            },
            {
              "key": "content-type",
              "value": "image/x-icon"
            },
            {
              "key": "x-next-cache-tags",
              "value": "_N_T_/layout,_N_T_/favicon.ico/layout,_N_T_/favicon.ico/route,_N_T_/favicon.ico"
            }
          ]
        },
        {
          "source": "/progress",
          "headers": [
            {
              "key": "x-nextjs-stale-time",
              "value": "300"
            },
            {
              "key": "x-nextjs-prerender",
              "value": "1"
            },
            {
              "key": "x-next-cache-tags",
              "value": "_N_T_/layout,_N_T_/progress/layout,_N_T_/progress/page,_N_T_/progress"
            }
          ]
        },
        {
          "source": "/certificate",
          "headers": [
            {
              "key": "x-nextjs-stale-time",
              "value": "300"
            },
            {
              "key": "x-nextjs-prerender",
              "value": "1"
            },
            {
              "key": "x-next-cache-tags",
              "value": "_N_T_/layout,_N_T_/certificate/layout,_N_T_/certificate/page,_N_T_/certificate"
            }
          ]
        },
        {
          "source": "/leaderboard",
          "headers": [
            {
              "key": "x-nextjs-stale-time",
              "value": "300"
            },
            {
              "key": "x-nextjs-prerender",
              "value": "1"
            },
            {
              "key": "x-next-cache-tags",
              "value": "_N_T_/layout,_N_T_/leaderboard/layout,_N_T_/leaderboard/page,_N_T_/leaderboard"
            }
          ]
        },
        {
          "source": "/modules",
          "headers": [
            {
              "key": "x-nextjs-stale-time",
              "value": "300"
            },
            {
              "key": "x-nextjs-prerender",
              "value": "1"
            },
            {
              "key": "x-next-cache-tags",
              "value": "_N_T_/layout,_N_T_/modules/layout,_N_T_/modules/page,_N_T_/modules"
            }
          ]
        },
        {
          "source": "/sofia",
          "headers": [
            {
              "key": "x-nextjs-stale-time",
              "value": "300"
            },
            {
              "key": "x-nextjs-prerender",
              "value": "1"
            },
            {
              "key": "x-next-cache-tags",
              "value": "_N_T_/layout,_N_T_/sofia/layout,_N_T_/sofia/page,_N_T_/sofia"
            }
          ]
        },
        {
          "source": "/_global-error",
          "headers": [
            {
              "key": "x-nextjs-stale-time",
              "value": "300"
            },
            {
              "key": "x-nextjs-prerender",
              "value": "1"
            },
            {
              "key": "x-next-cache-tags",
              "value": "_N_T_/layout,_N_T_/_global-error/layout,_N_T_/_global-error/page,_N_T_/_global-error"
            }
          ]
        },
        {
          "source": "/profile",
          "headers": [
            {
              "key": "x-nextjs-stale-time",
              "value": "300"
            },
            {
              "key": "x-nextjs-prerender",
              "value": "1"
            },
            {
              "key": "x-next-cache-tags",
              "value": "_N_T_/layout,_N_T_/profile/layout,_N_T_/profile/page,_N_T_/profile"
            }
          ]
        },
        {
          "source": "/**/*.[jt]s",
          "headers": [
            {
              "key": "Set-Cookie",
              "value": "__FIREBASE_DEFAULTS__=eyJjb25maWciOnsicHJvamVjdElkIjoibWl0YWxlbnRvLWlhIiwiYXBwSWQiOiIxOjgzNjY3OTIzNTQzMzp3ZWI6Yzk2YjVjZjM3Y2E0M2I0YTZiZWZmOCIsInN0b3JhZ2VCdWNrZXQiOiJtaXRhbGVudG8taWEuZmlyZWJhc2VzdG9yYWdlLmFwcCIsImFwaUtleSI6IkFJemFTeUMzdFFOY1FLY3gyWXhfS2NYbE03OHR0ZUh1azdCMGtBTSIsImF1dGhEb21haW4iOiJtaXRhbGVudG8taWEuZmlyZWJhc2VhcHAuY29tIiwibWVzc2FnaW5nU2VuZGVySWQiOiI4MzY2NzkyMzU0MzMiLCJtZWFzdXJlbWVudElkIjoiRy1UVktaMjVYRjZQIiwicHJvamVjdE51bWJlciI6IjgzNjY3OTIzNTQzMyIsInZlcnNpb24iOiIyIn0sIl9hdXRoVG9rZW5TeW5jVVJMIjoiL19fc2Vzc2lvbiJ9; SameSite=Strict; Expires=2028-02-06T09:37:46.907Z; Path=/;"
            }
          ]
        }
      ],
      "cleanUrls": true,
      "trailingSlash": false,
      "public": ".firebase\\mitalento-ia\\hosting",
      "webFramework": "next_ssr"
    },
    "version": "projects/836679235433/sites/mitalento-ia/versions/1ea379f9d622feb4"
  }
]
i  hosting[mitalento-ia]: finalizing version... 
[2026-03-13T23:06:24.539Z] Checked if tokens are valid: true, expires at: 1773446187973
[2026-03-13T23:06:24.539Z] Checked if tokens are valid: true, expires at: 1773446187973
[2026-03-13T23:06:24.539Z] >>> [apiv2][query] GET https://run.googleapis.com/v1/projects/mitalento-ia/locations/us-central1/services/ssrmitalentoia [none]
[2026-03-13T23:06:25.897Z] <<< [apiv2][status] GET https://run.googleapis.com/v1/projects/mitalento-ia/locations/us-central1/services/ssrmitalentoia 200
[2026-03-13T23:06:25.898Z] <<< [apiv2][body] GET https://run.googleapis.com/v1/projects/mitalento-ia/locations/us-central1/services/ssrmitalentoia {"apiVersion":"serving.knative.dev/v1","kind":"Service","metadata":{"name":"ssrmitalentoia","namespace":"836679235433","selfLink":"/apis/serving.knative.dev/v1/namespaces/836679235433/services/ssrmitalentoia","uid":"c5ff5ed0-88f1-4ea4-ae31-cbcf0302e60c","resourceVersion":"AAZM7+qAd9I","generation":127,"labels":{"goog-drz-cloudfunctions-location":"us-central1","firebase-functions-hash":"0f53685feb3474a313e94f3c7b39967d5e9218a4","goog-managed-by":"cloudfunctions","goog-cloudfunctions-runtime":"nodejs22","cloud.googleapis.com/location":"us-central1","goog-drz-cloudfunctions-id":"ssrmitalentoia","firebase-functions-codebase":"firebase-frameworks-mitalento-ia"},"annotations":{"serving.knative.dev/creator":"service-836679235433@gcf-admin-robot.iam.gserviceaccount.com","serving.knative.dev/lastModifier":"service-836679235433@gcf-admin-robot.iam.gserviceaccount.com","cloudfunctions.googleapis.com/function-id":"ssrmitalentoia","run.googleapis.com/client-name":"gcloud","run.googleapis.com/client-version":"557.0.0","run.googleapis.com/custom-audiences":"[\"https://us-central1-mitalento-ia.cloudfunctions.net/ssrmitalentoia\"]","run.googleapis.com/build-source-location":"gs://gcf-v2-sources-836679235433-us-central1/ssrmitalentoia/function-source.zip#1773442923599855","run.googleapis.com/build-environment-variables":"{\"GOOGLE_NODE_RUN_SCRIPTS\":\"\"}","run.googleapis.com/build-function-target":"ssrmitalentoia","run.googleapis.com/build-service-account":"projects/mitalento-ia/serviceAccounts/836679235433-compute@developer.gserviceaccount.com","run.googleapis.com/build-enable-automatic-updates":"true","run.googleapis.com/build-base-image":"us-central1-docker.pkg.dev/serverless-runtimes/google-22-full/runtimes/nodejs22","run.googleapis.com/build-image-uri":"us-central1-docker.pkg.dev/mitalento-ia/gcf-artifacts/mitalento--ia__us--central1__ssrmitalentoia:version_1","run.googleapis.com/build-name":"projects/836679235433/locations/us-central1/builds/0ada40f8-f728-469e-b824-14ed1ef473b1","run.googleapis.com/operation-id":"bad7560f-c370-4e3f-9eae-a9d60672582b","run.googleapis.com/ingress":"all","run.googleapis.com/ingress-status":"all","run.googleapis.com/maxScale":"20","run.googleapis.com/urls":"[\"https://ssrmitalentoia-836679235433.us-central1.run.app\",\"https://us-central1-mitalento-ia.cloudfunctions.net/ssrmitalentoia\",\"https://ssrmitalentoia-awexrf4v2q-uc.a.run.app\"]"},"creationTimestamp":"2026-03-02T20:33:43.761415Z"},"spec":{"template":{"metadata":{"name":"ssrmitalentoia-00127-sim","labels":{"goog-drz-cloudfunctions-location":"us-central1","firebase-functions-hash":"0f53685feb3474a313e94f3c7b39967d5e9218a4","goog-drz-cloudfunctions-id":"ssrmitalentoia","firebase-functions-codebase":"firebase-frameworks-mitalento-ia","run.googleapis.com/startupProbeType":"Default"},"annotations":{"cloudfunctions.googleapis.com/trigger-type":"HTTP_TRIGGER","run.googleapis.com/client-name":"gcloud","run.googleapis.com/client-version":"557.0.0","autoscaling.knative.dev/maxScale":"20","run.googleapis.com/base-images":"{\"worker\":\"us-central1-docker.pkg.dev/serverless-runtimes/google-22-full/runtimes/nodejs22\"}","run.googleapis.com/startup-cpu-boost":"true"}},"spec":{"containerConcurrency":80,"timeoutSeconds":60,"serviceAccountName":"836679235433-compute@developer.gserviceaccount.com","containers":[{"name":"worker","image":"us-central1-docker.pkg.dev/mitalento-ia/gcf-artifacts/mitalento--ia__us--central1__ssrmitalentoia:version_1","env":[{"name":"NEXT_PUBLIC_FIREBASE_API_KEY","value":"AIzaSyC3tQNcQKcx2Yx_KcXlM78tteHuk7B0kAM"},{"name":"NEXT_PUBLIC_FIREBASE_AUTH_DOMAIN","value":"mitalento-ia.web.app"},{"name":"NEXT_PUBLIC_FIREBASE_PROJECT_ID","value":"mitalento-ia"},{"name":"NEXT_PUBLIC_FIREBASE_STORAGE_BUCKET","value":"mitalento-ia.firebasestorage.app"},{"name":"NEXT_PUBLIC_FIREBASE_MESSAGING_SENDER_ID","value":"836679235433"},{"name":"NEXT_PUBLIC_FIREBASE_APP_ID","value":"1:836679235433:web:c96b5cf37ca43b4a6beff8"},{"name":"NEXT_PUBLIC_FIREBASE_MEASUREMENT_ID","value":"G-TVKZ25XF6P"},{"name":"GEMINI_API_KEY","value":"AIzaSyAs66KRjVfJ12ciHnSmBS6Y8Xrarq26He8"},{"name":"ADMIN_CLIENT_EMAIL","value":"firebase-adminsdk-fbsvc@mitalento-ia.iam.gserviceaccount.com"},{"name":"ADMIN_PRIVATE_KEY","value":"-----BEGIN PRIVATE KEY-----\nMIIEvAIBADANBgkqhkiG9w0BAQEFAASCBKYwggSiAgEAAoIBAQCseVmNK9kRIG9P\naVQn+36c2H8ApV8K56ppo2QHOTIcpDOqM2igzT9Kg305t955MkWvJUJdIziEP0ur\nZNj9TVa3goW4CyQUZ4B1DFWOj8e+cPk97EINBvHNkaHOGANlaVqxa7JJPZkhaQN5\nFoiLoVvPGlIipqO8WeaenJKBKqxGjuJyDFCW67DGWvgoqUT5h+6QJTupz/AekGBA\nf65vhNCauWjts1hKGeVbduCWN39hX+JTQnrW8hiFaCHMJFKxQR+y8pwDUJSq+/+R\nmQCC0o9niOc3RMh2Bxuq1favfAvri75Hh9HjtHGk4h5pCgIqFdk2T2JkHQZOD8+d\nqVmCGzmTAgMBAAECggEACo2aRyMJsxyS8v704UVoJ9yvWLDFsfse2DvhIPgE8u+x\nIZbnrf8hAkQtY1y2xh+nV+Ilv2EqUh01WhVfmZAj4DKiT/KOkJkMqRzKF2EAzcxH\n09wi5n0oSnXAusWJX6kknXqDfCvCtOKiDcStMi37Wh64K9qaZinyDH50EGc2B1MZ\nCb8mNW6CUb/2JUqL1o08+GpCPMwvdK0+12mLTkCLJAauWqzRnt3VAHOxZeosff+q\nvTkIkjmrCdyDO5cFQDRb+dEaeSWxEfIy4OQV0mSty1IQHEJui2fsxtJzO0P8WG1w\nV2xIXAass7MKv9qVwJa1LWdfArJjVvhgSXHTPT9DgQKBgQDi243ati30Z88jprBp\nycE/p3QMGlnUzKaP8/0iIVPq48odjxW8fLDdzERvFIB0NE9f8coefd3Z9yObx8p+\nT5eUqSxOj4HD6BkMGE0eTVQ6bBP3XfMhq/nRrCzws+5S6NEdesRYWbssipcIqHRX\nMnhnv9sjGK/7SiGehxGLlJEoYQKBgQDCoVW7rqT7TKcpFIFnDf/qLMuS9NAbAnN7\n/NABJXhv9N8N/wkY0my9nTKUpNrEr2qa1rIV6l1TJHLt8U9vDWr3z5xnnGZb1CuM\nfleVspa0/407iwQZEu18ICl3gk6LqFhDyxBaPMnal9HjIizd9vJ+WfI94sQedrvO\nJab0a0XWcwKBgBUlfCKgCsaWiqN7HUSvLtldJZ8fMbJ5ZSlUCAuPacAifauls9P/\nF4mFSffExHiQi7mY00tmVjDELciOphyCFNIhtuSX0fPOBc+v0Dh74tcTTgUn98ry\nufXGg+XoD9Ygp6WE1RqbOqxbOtruwPGD3d9l7epmmbjl3x5k3sjRD3rhAoGANNpl\nEruBd/C/8CruXRLzLR+PBNBQdxU6UTA9OCJ5y0VfEUjxqnjyKKe4pZ8C/ah5NaUZ\n5VOoljxurWj7XjfxlWwemBBjx4odbWCd3jwKKwq+yq2cpkZ6kVuWhyqus8Q6e+Z4\nAVlCo4bY62pLbtdx0JgSbXXYNkGeDIQzC2raIzsCgYBG+Bqx6Ixu42csZvtaboSE\ndM0YVGcvpomeJlRtqI/XB9Aw7XKCI+mZa3KY3yenDrW3H/TFKCwqAwIjlwEmC31/\nodrgZE5UAaW8oAP6LAEFdPGl6htLlmoRQsoLGzgffeM6eF2B+714ZX9hHc6HiROi\nq3vBLwrOZr59XEdujngGkg==\n-----END PRIVATE KEY-----\n"},{"name":"VERCEL_URL","value":"mitalento-ia.web.app"},{"name":"__FIREBASE_FRAMEWORKS_ENTRY__","value":"next.js"},{"name":"__FIREBASE_DEFAULTS__","value":"{\"config\":{\"projectId\":\"mitalento-ia\",\"appId\":\"1:836679235433:web:c96b5cf37ca43b4a6beff8\",\"storageBucket\":\"mitalento-ia.firebasestorage.app\",\"apiKey\":\"AIzaSyC3tQNcQKcx2Yx_KcXlM78tteHuk7B0kAM\",\"authDomain\":\"mitalento-ia.firebaseapp.com\",\"messagingSenderId\":\"836679235433\",\"measurementId\":\"G-TVKZ25XF6P\",\"projectNumber\":\"836679235433\",\"version\":\"2\"},\"_authTokenSyncURL\":\"/__session\"}"},{"name":"FIREBASE_CONFIG","value":"{\"projectId\":\"mitalento-ia\",\"storageBucket\":\"mitalento-ia.firebasestorage.app\"}"},{"name":"GCLOUD_PROJECT","value":"mitalento-ia"},{"name":"EVENTARC_CLOUD_EVENT_SOURCE","value":"projects/mitalento-ia/locations/us-central1/services/ssrmitalentoia"},{"name":"FUNCTION_TARGET","value":"ssrmitalentoia"},{"name":"LOG_EXECUTION_ID","value":"true"}],"resources":{"limits":{"cpu":"1","memory":"256Mi"}},"ports":[{"name":"http1","containerPort":8080}],"startupProbe":{"timeoutSeconds":240,"periodSeconds":240,"failureThreshold":1,"tcpSocket":{"port":8080}}}],"runtimeClassName":"run.googleapis.com/linux-base-image-update"}},"traffic":[{"revisionName":"ssrmitalentoia-00001-bux","tag":"fh-5c468502f828a35e"},{"revisionName":"ssrmitalentoia-00004-dad","tag":"fh-60bfd6f386154f7b"},{"revisionName":"ssrmitalentoia-00006-giw","tag":"fh-6ee3ff26672c8bc2"},{"revisionName":"ssrmitalentoia-00008-zis","tag":"fh-621838c0f05d5c77"},{"revisionName":"ssrmitalentoia-00010-vex","tag":"fh-9dedc07e7b7a8508"},{"revisionName":"ssrmitalentoia-00012-rip","tag":"fh-e8f3700b9522a6db"},{"revisionName":"ssrmitalentoia-00014-zer","tag":"fh-927a3af78c02d295"},{"revisionName":"ssrmitalentoia-00016-haj","tag":"fh-24cb62799b84ad64"},{"revisionName":"ssrmitalentoia-00018-soh","tag":"fh-44d55e365f21099c"},{"revisionName":"ssrmitalentoia-00020-nuf","tag":"fh-8efa5f3a8d23620e"},{"revisionName":"ssrmitalentoia-00022-noj","tag":"fh-92301fc7de88a5c6"},{"revisionName":"ssrmitalentoia-00024-xos","tag":"fh-29bce5c6fee1a50a"},{"revisionName":"ssrmitalentoia-00026-quj","tag":"fh-3c008776a707dced"},{"revisionName":"ssrmitalentoia-00028-lov","tag":"fh-5bc35cf304cb68f0"},{"revisionName":"ssrmitalentoia-00030-mex","tag":"fh-a763da7db935c0d8"},{"revisionName":"ssrmitalentoia-00033-keq","tag":"fh-8591746bc6a79e64"},{"revisionName":"ssrmitalentoia-00035-guv","tag":"fh-4edfe18c85550692"},{"revisionName":"ssrmitalentoia-00037-ses","tag":"fh-8b526cbe9998aef3"},{"revisionName":"ssrmitalentoia-00039-yol","tag":"fh-c512e607bb0c5824"},{"revisionName":"ssrmitalentoia-00041-cey","tag":"fh-be9c015dc1af7a65"},{"revisionName":"ssrmitalentoia-00043-gex","tag":"fh-7898f9fc308b0c5c"},{"revisionName":"ssrmitalentoia-00045-pig","tag":"fh-9650a67677180eb5"},{"revisionName":"ssrmitalentoia-00047-qog","tag":"fh-486ccf2b19e0dad5"},{"revisionName":"ssrmitalentoia-00049-saf","tag":"fh-01b2f99a9200522d"},{"revisionName":"ssrmitalentoia-00051-jiq","tag":"fh-7ada29a045d712d6"},{"revisionName":"ssrmitalentoia-00053-yag","tag":"fh-856c33ba9dc8ecc6"},{"revisionName":"ssrmitalentoia-00055-fuv","tag":"fh-f739c2c209abdcbc"},{"revisionName":"ssrmitalentoia-00057-tox","tag":"fh-017881a299d8b432"},{"revisionName":"ssrmitalentoia-00059-zix","tag":"fh-bd9b78c416017cb3"},{"revisionName":"ssrmitalentoia-00061-jem","tag":"fh-3812ee0aaa99d3b2"},{"revisionName":"ssrmitalentoia-00063-yes","tag":"fh-48958a429d276302"},{"revisionName":"ssrmitalentoia-00066-xak","tag":"fh-2ee790bc786624e1"},{"revisionName":"ssrmitalentoia-00068-tod","tag":"fh-a3f91350fce49481"},{"revisionName":"ssrmitalentoia-00070-liy","tag":"fh-775de2ae462e69e8"},{"revisionName":"ssrmitalentoia-00072-ruw","tag":"fh-b3845c8639844011"},{"revisionName":"ssrmitalentoia-00074-kob","tag":"fh-919df9e160fe916f"},{"revisionName":"ssrmitalentoia-00076-faf","tag":"fh-cda36970ce7d2f57"},{"revisionName":"ssrmitalentoia-00078-riz","tag":"fh-2e6624ce790292b6"},{"revisionName":"ssrmitalentoia-00080-zet","tag":"fh-1843c14cd567f780"},{"revisionName":"ssrmitalentoia-00082-del","tag":"fh-380a8f3e737de2a5"},{"revisionName":"ssrmitalentoia-00084-yez","tag":"fh-858703da22aaf7b6"},{"revisionName":"ssrmitalentoia-00086-jug","tag":"fh-7fbbf8be9db02de9"},{"revisionName":"ssrmitalentoia-00088-pac","tag":"fh-b95a35609190327b"},{"revisionName":"ssrmitalentoia-00090-naz","tag":"fh-614cb37206c3bfb9"},{"revisionName":"ssrmitalentoia-00092-maw","tag":"fh-93e5ab963c671835"},{"revisionName":"ssrmitalentoia-00094-luf","tag":"fh-337c9273b00672d0"},{"revisionName":"ssrmitalentoia-00096-jum","tag":"fh-b2cb08867b5b076a"},{"revisionName":"ssrmitalentoia-00098-laz","tag":"fh-37c49cc5215a91a3"},{"revisionName":"ssrmitalentoia-00100-peg","tag":"fh-7e0a45a3b0ac3260"},{"revisionName":"ssrmitalentoia-00102-top","tag":"fh-7b13992ae4844291"},{"revisionName":"ssrmitalentoia-00104-mil","tag":"fh-660234533f6eb832"},{"revisionName":"ssrmitalentoia-00106-jok","tag":"fh-203981feffa2d3bf"},{"revisionName":"ssrmitalentoia-00108-rig","tag":"fh-5dbbb32580be9f64"},{"revisionName":"ssrmitalentoia-00110-rex","tag":"fh-0d1f2311e5923690"},{"revisionName":"ssrmitalentoia-00112-fij","tag":"fh-8815f1b3ef0e55a2"},{"revisionName":"ssrmitalentoia-00114-yar","tag":"fh-29b24162b4fe2532"},{"revisionName":"ssrmitalentoia-00116-mub","tag":"fh-deea984e8c8c4945"},{"revisionName":"ssrmitalentoia-00118-geq","tag":"fh-69c91010846af0f4"},{"revisionName":"ssrmitalentoia-00121-lis","tag":"fh-546460af269d1187"},{"revisionName":"ssrmitalentoia-00123-nuk","tag":"fh-a4fccd9dd3f4cff9"},{"revisionName":"ssrmitalentoia-00125-yah","tag":"fh-18337a5014e0c6a5"},{"percent":100,"latestRevision":true}]},"status":{"observedGeneration":127,"conditions":[{"type":"Ready","status":"True","lastTransitionTime":"2026-03-13T23:06:15.446482Z"},{"type":"BaseImageValidated","status":"True","message":"Node.js 20 is no longer supported by the Node.js community as of 30 April, 2026. Node.js 20 will be deprecated on 2026-04-30. We recommend you to upgrade to the latest version of Node.js as soon as possible.","severity":"Warning"},{"type":"ConfigurationsReady","status":"True","lastTransitionTime":"2026-03-13T23:05:51.826732Z"},{"type":"RoutesReady","status":"True","lastTransitionTime":"2026-03-13T23:06:15.390852Z"}],"latestReadyRevisionName":"ssrmitalentoia-00127-sim","latestCreatedRevisionName":"ssrmitalentoia-00127-sim","traffic":[{"revisionName":"ssrmitalentoia-00001-bux","tag":"fh-5c468502f828a35e","url":"https://fh-5c468502f828a35e---ssrmitalentoia-awexrf4v2q-uc.a.run.app"},{"revisionName":"ssrmitalentoia-00004-dad","tag":"fh-60bfd6f386154f7b","url":"https://fh-60bfd6f386154f7b---ssrmitalentoia-awexrf4v2q-uc.a.run.app"},{"revisionName":"ssrmitalentoia-00006-giw","tag":"fh-6ee3ff26672c8bc2","url":"https://fh-6ee3ff26672c8bc2---ssrmitalentoia-awexrf4v2q-uc.a.run.app"},{"revisionName":"ssrmitalentoia-00008-zis","tag":"fh-621838c0f05d5c77","url":"https://fh-621838c0f05d5c77---ssrmitalentoia-awexrf4v2q-uc.a.run.app"},{"revisionName":"ssrmitalentoia-00010-vex","tag":"fh-9dedc07e7b7a8508","url":"https://fh-9dedc07e7b7a8508---ssrmitalentoia-awexrf4v2q-uc.a.run.app"},{"revisionName":"ssrmitalentoia-00012-rip","tag":"fh-e8f3700b9522a6db","url":"https://fh-e8f3700b9522a6db---ssrmitalentoia-awexrf4v2q-uc.a.run.app"},{"revisionName":"ssrmitalentoia-00014-zer","tag":"fh-927a3af78c02d295","url":"https://fh-927a3af78c02d295---ssrmitalentoia-awexrf4v2q-uc.a.run.app"},{"revisionName":"ssrmitalentoia-00016-haj","tag":"fh-24cb62799b84ad64","url":"https://fh-24cb62799b84ad64---ssrmitalentoia-awexrf4v2q-uc.a.run.app"},{"revisionName":"ssrmitalentoia-00018-soh","tag":"fh-44d55e365f21099c","url":"https://fh-44d55e365f21099c---ssrmitalentoia-awexrf4v2q-uc.a.run.app"},{"revisionName":"ssrmitalentoia-00020-nuf","tag":"fh-8efa5f3a8d23620e","url":"https://fh-8efa5f3a8d23620e---ssrmitalentoia-awexrf4v2q-uc.a.run.app"},{"revisionName":"ssrmitalentoia-00022-noj","tag":"fh-92301fc7de88a5c6","url":"https://fh-92301fc7de88a5c6---ssrmitalentoia-awexrf4v2q-uc.a.run.app"},{"revisionName":"ssrmitalentoia-00024-xos","tag":"fh-29bce5c6fee1a50a","url":"https://fh-29bce5c6fee1a50a---ssrmitalentoia-awexrf4v2q-uc.a.run.app"},{"revisionName":"ssrmitalentoia-00026-quj","tag":"fh-3c008776a707dced","url":"https://fh-3c008776a707dced---ssrmitalentoia-awexrf4v2q-uc.a.run.app"},{"revisionName":"ssrmitalentoia-00028-lov","tag":"fh-5bc35cf304cb68f0","url":"https://fh-5bc35cf304cb68f0---ssrmitalentoia-awexrf4v2q-uc.a.run.app"},{"revisionName":"ssrmitalentoia-00030-mex","tag":"fh-a763da7db935c0d8","url":"https://fh-a763da7db935c0d8---ssrmitalentoia-awexrf4v2q-uc.a.run.app"},{"revisionName":"ssrmitalentoia-00033-keq","tag":"fh-8591746bc6a79e64","url":"https://fh-8591746bc6a79e64---ssrmitalentoia-awexrf4v2q-uc.a.run.app"},{"revisionName":"ssrmitalentoia-00035-guv","tag":"fh-4edfe18c85550692","url":"https://fh-4edfe18c85550692---ssrmitalentoia-awexrf4v2q-uc.a.run.app"},{"revisionName":"ssrmitalentoia-00037-ses","tag":"fh-8b526cbe9998aef3","url":"https://fh-8b526cbe9998aef3---ssrmitalentoia-awexrf4v2q-uc.a.run.app"},{"revisionName":"ssrmitalentoia-00039-yol","tag":"fh-c512e607bb0c5824","url":"https://fh-c512e607bb0c5824---ssrmitalentoia-awexrf4v2q-uc.a.run.app"},{"revisionName":"ssrmitalentoia-00041-cey","tag":"fh-be9c015dc1af7a65","url":"https://fh-be9c015dc1af7a65---ssrmitalentoia-awexrf4v2q-uc.a.run.app"},{"revisionName":"ssrmitalentoia-00043-gex","tag":"fh-7898f9fc308b0c5c","url":"https://fh-7898f9fc308b0c5c---ssrmitalentoia-awexrf4v2q-uc.a.run.app"},{"revisionName":"ssrmitalentoia-00045-pig","tag":"fh-9650a67677180eb5","url":"https://fh-9650a67677180eb5---ssrmitalentoia-awexrf4v2q-uc.a.run.app"},{"revisionName":"ssrmitalentoia-00047-qog","tag":"fh-486ccf2b19e0dad5","url":"https://fh-486ccf2b19e0dad5---ssrmitalentoia-awexrf4v2q-uc.a.run.app"},{"revisionName":"ssrmitalentoia-00049-saf","tag":"fh-01b2f99a9200522d","url":"https://fh-01b2f99a9200522d---ssrmitalentoia-awexrf4v2q-uc.a.run.app"},{"revisionName":"ssrmitalentoia-00051-jiq","tag":"fh-7ada29a045d712d6","url":"https://fh-7ada29a045d712d6---ssrmitalentoia-awexrf4v2q-uc.a.run.app"},{"revisionName":"ssrmitalentoia-00053-yag","tag":"fh-856c33ba9dc8ecc6","url":"https://fh-856c33ba9dc8ecc6---ssrmitalentoia-awexrf4v2q-uc.a.run.app"},{"revisionName":"ssrmitalentoia-00055-fuv","tag":"fh-f739c2c209abdcbc","url":"https://fh-f739c2c209abdcbc---ssrmitalentoia-awexrf4v2q-uc.a.run.app"},{"revisionName":"ssrmitalentoia-00057-tox","tag":"fh-017881a299d8b432","url":"https://fh-017881a299d8b432---ssrmitalentoia-awexrf4v2q-uc.a.run.app"},{"revisionName":"ssrmitalentoia-00059-zix","tag":"fh-bd9b78c416017cb3","url":"https://fh-bd9b78c416017cb3---ssrmitalentoia-awexrf4v2q-uc.a.run.app"},{"revisionName":"ssrmitalentoia-00061-jem","tag":"fh-3812ee0aaa99d3b2","url":"https://fh-3812ee0aaa99d3b2---ssrmitalentoia-awexrf4v2q-uc.a.run.app"},{"revisionName":"ssrmitalentoia-00063-yes","tag":"fh-48958a429d276302","url":"https://fh-48958a429d276302---ssrmitalentoia-awexrf4v2q-uc.a.run.app"},{"revisionName":"ssrmitalentoia-00066-xak","tag":"fh-2ee790bc786624e1","url":"https://fh-2ee790bc786624e1---ssrmitalentoia-awexrf4v2q-uc.a.run.app"},{"revisionName":"ssrmitalentoia-00068-tod","tag":"fh-a3f91350fce49481","url":"https://fh-a3f91350fce49481---ssrmitalentoia-awexrf4v2q-uc.a.run.app"},{"revisionName":"ssrmitalentoia-00070-liy","tag":"fh-775de2ae462e69e8","url":"https://fh-775de2ae462e69e8---ssrmitalentoia-awexrf4v2q-uc.a.run.app"},{"revisionName":"ssrmitalentoia-00072-ruw","tag":"fh-b3845c8639844011","url":"https://fh-b3845c8639844011---ssrmitalentoia-awexrf4v2q-uc.a.run.app"},{"revisionName":"ssrmitalentoia-00074-kob","tag":"fh-919df9e160fe916f","url":"https://fh-919df9e160fe916f---ssrmitalentoia-awexrf4v2q-uc.a.run.app"},{"revisionName":"ssrmitalentoia-00076-faf","tag":"fh-cda36970ce7d2f57","url":"https://fh-cda36970ce7d2f57---ssrmitalentoia-awexrf4v2q-uc.a.run.app"},{"revisionName":"ssrmitalentoia-00078-riz","tag":"fh-2e6624ce790292b6","url":"https://fh-2e6624ce790292b6---ssrmitalentoia-awexrf4v2q-uc.a.run.app"},{"revisionName":"ssrmitalentoia-00080-zet","tag":"fh-1843c14cd567f780","url":"https://fh-1843c14cd567f780---ssrmitalentoia-awexrf4v2q-uc.a.run.app"},{"revisionName":"ssrmitalentoia-00082-del","tag":"fh-380a8f3e737de2a5","url":"https://fh-380a8f3e737de2a5---ssrmitalentoia-awexrf4v2q-uc.a.run.app"},{"revisionName":"ssrmitalentoia-00084-yez","tag":"fh-858703da22aaf7b6","url":"https://fh-858703da22aaf7b6---ssrmitalentoia-awexrf4v2q-uc.a.run.app"},{"revisionName":"ssrmitalentoia-00086-jug","tag":"fh-7fbbf8be9db02de9","url":"https://fh-7fbbf8be9db02de9---ssrmitalentoia-awexrf4v2q-uc.a.run.app"},{"revisionName":"ssrmitalentoia-00088-pac","tag":"fh-b95a35609190327b","url":"https://fh-b95a35609190327b---ssrmitalentoia-awexrf4v2q-uc.a.run.app"},{"revisionName":"ssrmitalentoia-00090-naz","tag":"fh-614cb37206c3bfb9","url":"https://fh-614cb37206c3bfb9---ssrmitalentoia-awexrf4v2q-uc.a.run.app"},{"revisionName":"ssrmitalentoia-00092-maw","tag":"fh-93e5ab963c671835","url":"https://fh-93e5ab963c671835---ssrmitalentoia-awexrf4v2q-uc.a.run.app"},{"revisionName":"ssrmitalentoia-00094-luf","tag":"fh-337c9273b00672d0","url":"https://fh-337c9273b00672d0---ssrmitalentoia-awexrf4v2q-uc.a.run.app"},{"revisionName":"ssrmitalentoia-00096-jum","tag":"fh-b2cb08867b5b076a","url":"https://fh-b2cb08867b5b076a---ssrmitalentoia-awexrf4v2q-uc.a.run.app"},{"revisionName":"ssrmitalentoia-00098-laz","tag":"fh-37c49cc5215a91a3","url":"https://fh-37c49cc5215a91a3---ssrmitalentoia-awexrf4v2q-uc.a.run.app"},{"revisionName":"ssrmitalentoia-00100-peg","tag":"fh-7e0a45a3b0ac3260","url":"https://fh-7e0a45a3b0ac3260---ssrmitalentoia-awexrf4v2q-uc.a.run.app"},{"revisionName":"ssrmitalentoia-00102-top","tag":"fh-7b13992ae4844291","url":"https://fh-7b13992ae4844291---ssrmitalentoia-awexrf4v2q-uc.a.run.app"},{"revisionName":"ssrmitalentoia-00104-mil","tag":"fh-660234533f6eb832","url":"https://fh-660234533f6eb832---ssrmitalentoia-awexrf4v2q-uc.a.run.app"},{"revisionName":"ssrmitalentoia-00106-jok","tag":"fh-203981feffa2d3bf","url":"https://fh-203981feffa2d3bf---ssrmitalentoia-awexrf4v2q-uc.a.run.app"},{"revisionName":"ssrmitalentoia-00108-rig","tag":"fh-5dbbb32580be9f64","url":"https://fh-5dbbb32580be9f64---ssrmitalentoia-awexrf4v2q-uc.a.run.app"},{"revisionName":"ssrmitalentoia-00110-rex","tag":"fh-0d1f2311e5923690","url":"https://fh-0d1f2311e5923690---ssrmitalentoia-awexrf4v2q-uc.a.run.app"},{"revisionName":"ssrmitalentoia-00112-fij","tag":"fh-8815f1b3ef0e55a2","url":"https://fh-8815f1b3ef0e55a2---ssrmitalentoia-awexrf4v2q-uc.a.run.app"},{"revisionName":"ssrmitalentoia-00114-yar","tag":"fh-29b24162b4fe2532","url":"https://fh-29b24162b4fe2532---ssrmitalentoia-awexrf4v2q-uc.a.run.app"},{"revisionName":"ssrmitalentoia-00116-mub","tag":"fh-deea984e8c8c4945","url":"https://fh-deea984e8c8c4945---ssrmitalentoia-awexrf4v2q-uc.a.run.app"},{"revisionName":"ssrmitalentoia-00118-geq","tag":"fh-69c91010846af0f4","url":"https://fh-69c91010846af0f4---ssrmitalentoia-awexrf4v2q-uc.a.run.app"},{"revisionName":"ssrmitalentoia-00121-lis","tag":"fh-546460af269d1187","url":"https://fh-546460af269d1187---ssrmitalentoia-awexrf4v2q-uc.a.run.app"},{"revisionName":"ssrmitalentoia-00123-nuk","tag":"fh-a4fccd9dd3f4cff9","url":"https://fh-a4fccd9dd3f4cff9---ssrmitalentoia-awexrf4v2q-uc.a.run.app"},{"revisionName":"ssrmitalentoia-00125-yah","tag":"fh-18337a5014e0c6a5","url":"https://fh-18337a5014e0c6a5---ssrmitalentoia-awexrf4v2q-uc.a.run.app"},{"revisionName":"ssrmitalentoia-00127-sim","percent":100,"latestRevision":true}],"url":"https://ssrmitalentoia-awexrf4v2q-uc.a.run.app","address":{"url":"https://ssrmitalentoia-awexrf4v2q-uc.a.run.app"}}}
[2026-03-13T23:06:25.899Z] Checked if tokens are valid: true, expires at: 1773446187973
[2026-03-13T23:06:25.899Z] Checked if tokens are valid: true, expires at: 1773446187973
[2026-03-13T23:06:25.899Z] >>> [apiv2][query] PUT https://run.googleapis.com/v1/projects/836679235433/locations/us-central1/services/ssrmitalentoia [none]
[2026-03-13T23:06:25.899Z] >>> [apiv2][body] PUT https://run.googleapis.com/v1/projects/836679235433/locations/us-central1/services/ssrmitalentoia {"apiVersion":"serving.knative.dev/v1","kind":"Service","metadata":{"name":"ssrmitalentoia","namespace":"836679235433","selfLink":"/apis/serving.knative.dev/v1/namespaces/836679235433/services/ssrmitalentoia","uid":"c5ff5ed0-88f1-4ea4-ae31-cbcf0302e60c","resourceVersion":"AAZM7+qAd9I","generation":127,"labels":{"goog-drz-cloudfunctions-location":"us-central1","firebase-functions-hash":"0f53685feb3474a313e94f3c7b39967d5e9218a4","goog-managed-by":"cloudfunctions","goog-cloudfunctions-runtime":"nodejs22","cloud.googleapis.com/location":"us-central1","goog-drz-cloudfunctions-id":"ssrmitalentoia","firebase-functions-codebase":"firebase-frameworks-mitalento-ia"},"annotations":{"serving.knative.dev/creator":"service-836679235433@gcf-admin-robot.iam.gserviceaccount.com","serving.knative.dev/lastModifier":"service-836679235433@gcf-admin-robot.iam.gserviceaccount.com","cloudfunctions.googleapis.com/function-id":"ssrmitalentoia","run.googleapis.com/client-name":"gcloud","run.googleapis.com/client-version":"557.0.0","run.googleapis.com/custom-audiences":"[\"https://us-central1-mitalento-ia.cloudfunctions.net/ssrmitalentoia\"]","run.googleapis.com/build-source-location":"gs://gcf-v2-sources-836679235433-us-central1/ssrmitalentoia/function-source.zip#1773442923599855","run.googleapis.com/build-environment-variables":"{\"GOOGLE_NODE_RUN_SCRIPTS\":\"\"}","run.googleapis.com/build-function-target":"ssrmitalentoia","run.googleapis.com/build-service-account":"projects/mitalento-ia/serviceAccounts/836679235433-compute@developer.gserviceaccount.com","run.googleapis.com/build-enable-automatic-updates":"true","run.googleapis.com/build-base-image":"us-central1-docker.pkg.dev/serverless-runtimes/google-22-full/runtimes/nodejs22","run.googleapis.com/build-image-uri":"us-central1-docker.pkg.dev/mitalento-ia/gcf-artifacts/mitalento--ia__us--central1__ssrmitalentoia:version_1","run.googleapis.com/build-name":"projects/836679235433/locations/us-central1/builds/0ada40f8-f728-469e-b824-14ed1ef473b1","run.googleapis.com/operation-id":"bad7560f-c370-4e3f-9eae-a9d60672582b","run.googleapis.com/ingress":"all","run.googleapis.com/ingress-status":"all","run.googleapis.com/maxScale":"20","run.googleapis.com/urls":"[\"https://ssrmitalentoia-836679235433.us-central1.run.app\",\"https://us-central1-mitalento-ia.cloudfunctions.net/ssrmitalentoia\",\"https://ssrmitalentoia-awexrf4v2q-uc.a.run.app\"]"},"creationTimestamp":"2026-03-02T20:33:43.761415Z"},"spec":{"template":{"metadata":{"name":"ssrmitalentoia-00127-sim","labels":{"goog-drz-cloudfunctions-location":"us-central1","firebase-functions-hash":"0f53685feb3474a313e94f3c7b39967d5e9218a4","goog-drz-cloudfunctions-id":"ssrmitalentoia","firebase-functions-codebase":"firebase-frameworks-mitalento-ia","run.googleapis.com/startupProbeType":"Default"},"annotations":{"cloudfunctions.googleapis.com/trigger-type":"HTTP_TRIGGER","run.googleapis.com/client-name":"gcloud","run.googleapis.com/client-version":"557.0.0","autoscaling.knative.dev/maxScale":"20","run.googleapis.com/base-images":"{\"worker\":\"us-central1-docker.pkg.dev/serverless-runtimes/google-22-full/runtimes/nodejs22\"}","run.googleapis.com/startup-cpu-boost":"true"}},"spec":{"containerConcurrency":80,"timeoutSeconds":60,"serviceAccountName":"836679235433-compute@developer.gserviceaccount.com","containers":[{"name":"worker","image":"us-central1-docker.pkg.dev/mitalento-ia/gcf-artifacts/mitalento--ia__us--central1__ssrmitalentoia:version_1","env":[{"name":"NEXT_PUBLIC_FIREBASE_API_KEY","value":"AIzaSyC3tQNcQKcx2Yx_KcXlM78tteHuk7B0kAM"},{"name":"NEXT_PUBLIC_FIREBASE_AUTH_DOMAIN","value":"mitalento-ia.web.app"},{"name":"NEXT_PUBLIC_FIREBASE_PROJECT_ID","value":"mitalento-ia"},{"name":"NEXT_PUBLIC_FIREBASE_STORAGE_BUCKET","value":"mitalento-ia.firebasestorage.app"},{"name":"NEXT_PUBLIC_FIREBASE_MESSAGING_SENDER_ID","value":"836679235433"},{"name":"NEXT_PUBLIC_FIREBASE_APP_ID","value":"1:836679235433:web:c96b5cf37ca43b4a6beff8"},{"name":"NEXT_PUBLIC_FIREBASE_MEASUREMENT_ID","value":"G-TVKZ25XF6P"},{"name":"GEMINI_API_KEY","value":"AIzaSyAs66KRjVfJ12ciHnSmBS6Y8Xrarq26He8"},{"name":"ADMIN_CLIENT_EMAIL","value":"firebase-adminsdk-fbsvc@mitalento-ia.iam.gserviceaccount.com"},{"name":"ADMIN_PRIVATE_KEY","value":"-----BEGIN PRIVATE KEY-----\nMIIEvAIBADANBgkqhkiG9w0BAQEFAASCBKYwggSiAgEAAoIBAQCseVmNK9kRIG9P\naVQn+36c2H8ApV8K56ppo2QHOTIcpDOqM2igzT9Kg305t955MkWvJUJdIziEP0ur\nZNj9TVa3goW4CyQUZ4B1DFWOj8e+cPk97EINBvHNkaHOGANlaVqxa7JJPZkhaQN5\nFoiLoVvPGlIipqO8WeaenJKBKqxGjuJyDFCW67DGWvgoqUT5h+6QJTupz/AekGBA\nf65vhNCauWjts1hKGeVbduCWN39hX+JTQnrW8hiFaCHMJFKxQR+y8pwDUJSq+/+R\nmQCC0o9niOc3RMh2Bxuq1favfAvri75Hh9HjtHGk4h5pCgIqFdk2T2JkHQZOD8+d\nqVmCGzmTAgMBAAECggEACo2aRyMJsxyS8v704UVoJ9yvWLDFsfse2DvhIPgE8u+x\nIZbnrf8hAkQtY1y2xh+nV+Ilv2EqUh01WhVfmZAj4DKiT/KOkJkMqRzKF2EAzcxH\n09wi5n0oSnXAusWJX6kknXqDfCvCtOKiDcStMi37Wh64K9qaZinyDH50EGc2B1MZ\nCb8mNW6CUb/2JUqL1o08+GpCPMwvdK0+12mLTkCLJAauWqzRnt3VAHOxZeosff+q\nvTkIkjmrCdyDO5cFQDRb+dEaeSWxEfIy4OQV0mSty1IQHEJui2fsxtJzO0P8WG1w\nV2xIXAass7MKv9qVwJa1LWdfArJjVvhgSXHTPT9DgQKBgQDi243ati30Z88jprBp\nycE/p3QMGlnUzKaP8/0iIVPq48odjxW8fLDdzERvFIB0NE9f8coefd3Z9yObx8p+\nT5eUqSxOj4HD6BkMGE0eTVQ6bBP3XfMhq/nRrCzws+5S6NEdesRYWbssipcIqHRX\nMnhnv9sjGK/7SiGehxGLlJEoYQKBgQDCoVW7rqT7TKcpFIFnDf/qLMuS9NAbAnN7\n/NABJXhv9N8N/wkY0my9nTKUpNrEr2qa1rIV6l1TJHLt8U9vDWr3z5xnnGZb1CuM\nfleVspa0/407iwQZEu18ICl3gk6LqFhDyxBaPMnal9HjIizd9vJ+WfI94sQedrvO\nJab0a0XWcwKBgBUlfCKgCsaWiqN7HUSvLtldJZ8fMbJ5ZSlUCAuPacAifauls9P/\nF4mFSffExHiQi7mY00tmVjDELciOphyCFNIhtuSX0fPOBc+v0Dh74tcTTgUn98ry\nufXGg+XoD9Ygp6WE1RqbOqxbOtruwPGD3d9l7epmmbjl3x5k3sjRD3rhAoGANNpl\nEruBd/C/8CruXRLzLR+PBNBQdxU6UTA9OCJ5y0VfEUjxqnjyKKe4pZ8C/ah5NaUZ\n5VOoljxurWj7XjfxlWwemBBjx4odbWCd3jwKKwq+yq2cpkZ6kVuWhyqus8Q6e+Z4\nAVlCo4bY62pLbtdx0JgSbXXYNkGeDIQzC2raIzsCgYBG+Bqx6Ixu42csZvtaboSE\ndM0YVGcvpomeJlRtqI/XB9Aw7XKCI+mZa3KY3yenDrW3H/TFKCwqAwIjlwEmC31/\nodrgZE5UAaW8oAP6LAEFdPGl6htLlmoRQsoLGzgffeM6eF2B+714ZX9hHc6HiROi\nq3vBLwrOZr59XEdujngGkg==\n-----END PRIVATE KEY-----\n"},{"name":"VERCEL_URL","value":"mitalento-ia.web.app"},{"name":"__FIREBASE_FRAMEWORKS_ENTRY__","value":"next.js"},{"name":"__FIREBASE_DEFAULTS__","value":"{\"config\":{\"projectId\":\"mitalento-ia\",\"appId\":\"1:836679235433:web:c96b5cf37ca43b4a6beff8\",\"storageBucket\":\"mitalento-ia.firebasestorage.app\",\"apiKey\":\"AIzaSyC3tQNcQKcx2Yx_KcXlM78tteHuk7B0kAM\",\"authDomain\":\"mitalento-ia.firebaseapp.com\",\"messagingSenderId\":\"836679235433\",\"measurementId\":\"G-TVKZ25XF6P\",\"projectNumber\":\"836679235433\",\"version\":\"2\"},\"_authTokenSyncURL\":\"/__session\"}"},{"name":"FIREBASE_CONFIG","value":"{\"projectId\":\"mitalento-ia\",\"storageBucket\":\"mitalento-ia.firebasestorage.app\"}"},{"name":"GCLOUD_PROJECT","value":"mitalento-ia"},{"name":"EVENTARC_CLOUD_EVENT_SOURCE","value":"projects/mitalento-ia/locations/us-central1/services/ssrmitalentoia"},{"name":"FUNCTION_TARGET","value":"ssrmitalentoia"},{"name":"LOG_EXECUTION_ID","value":"true"}],"resources":{"limits":{"cpu":"1","memory":"256Mi"}},"ports":[{"name":"http1","containerPort":8080}],"startupProbe":{"timeoutSeconds":240,"periodSeconds":240,"failureThreshold":1,"tcpSocket":{"port":8080}}}],"runtimeClassName":"run.googleapis.com/linux-base-image-update"}},"traffic":[{"revisionName":"ssrmitalentoia-00001-bux","tag":"fh-5c468502f828a35e"},{"revisionName":"ssrmitalentoia-00004-dad","tag":"fh-60bfd6f386154f7b"},{"revisionName":"ssrmitalentoia-00006-giw","tag":"fh-6ee3ff26672c8bc2"},{"revisionName":"ssrmitalentoia-00008-zis","tag":"fh-621838c0f05d5c77"},{"revisionName":"ssrmitalentoia-00010-vex","tag":"fh-9dedc07e7b7a8508"},{"revisionName":"ssrmitalentoia-00012-rip","tag":"fh-e8f3700b9522a6db"},{"revisionName":"ssrmitalentoia-00014-zer","tag":"fh-927a3af78c02d295"},{"revisionName":"ssrmitalentoia-00016-haj","tag":"fh-24cb62799b84ad64"},{"revisionName":"ssrmitalentoia-00018-soh","tag":"fh-44d55e365f21099c"},{"revisionName":"ssrmitalentoia-00020-nuf","tag":"fh-8efa5f3a8d23620e"},{"revisionName":"ssrmitalentoia-00022-noj","tag":"fh-92301fc7de88a5c6"},{"revisionName":"ssrmitalentoia-00024-xos","tag":"fh-29bce5c6fee1a50a"},{"revisionName":"ssrmitalentoia-00026-quj","tag":"fh-3c008776a707dced"},{"revisionName":"ssrmitalentoia-00028-lov","tag":"fh-5bc35cf304cb68f0"},{"revisionName":"ssrmitalentoia-00030-mex","tag":"fh-a763da7db935c0d8"},{"revisionName":"ssrmitalentoia-00033-keq","tag":"fh-8591746bc6a79e64"},{"revisionName":"ssrmitalentoia-00035-guv","tag":"fh-4edfe18c85550692"},{"revisionName":"ssrmitalentoia-00037-ses","tag":"fh-8b526cbe9998aef3"},{"revisionName":"ssrmitalentoia-00039-yol","tag":"fh-c512e607bb0c5824"},{"revisionName":"ssrmitalentoia-00041-cey","tag":"fh-be9c015dc1af7a65"},{"revisionName":"ssrmitalentoia-00043-gex","tag":"fh-7898f9fc308b0c5c"},{"revisionName":"ssrmitalentoia-00045-pig","tag":"fh-9650a67677180eb5"},{"revisionName":"ssrmitalentoia-00047-qog","tag":"fh-486ccf2b19e0dad5"},{"revisionName":"ssrmitalentoia-00049-saf","tag":"fh-01b2f99a9200522d"},{"revisionName":"ssrmitalentoia-00051-jiq","tag":"fh-7ada29a045d712d6"},{"revisionName":"ssrmitalentoia-00053-yag","tag":"fh-856c33ba9dc8ecc6"},{"revisionName":"ssrmitalentoia-00055-fuv","tag":"fh-f739c2c209abdcbc"},{"revisionName":"ssrmitalentoia-00057-tox","tag":"fh-017881a299d8b432"},{"revisionName":"ssrmitalentoia-00059-zix","tag":"fh-bd9b78c416017cb3"},{"revisionName":"ssrmitalentoia-00061-jem","tag":"fh-3812ee0aaa99d3b2"},{"revisionName":"ssrmitalentoia-00063-yes","tag":"fh-48958a429d276302"},{"revisionName":"ssrmitalentoia-00066-xak","tag":"fh-2ee790bc786624e1"},{"revisionName":"ssrmitalentoia-00068-tod","tag":"fh-a3f91350fce49481"},{"revisionName":"ssrmitalentoia-00070-liy","tag":"fh-775de2ae462e69e8"},{"revisionName":"ssrmitalentoia-00072-ruw","tag":"fh-b3845c8639844011"},{"revisionName":"ssrmitalentoia-00074-kob","tag":"fh-919df9e160fe916f"},{"revisionName":"ssrmitalentoia-00076-faf","tag":"fh-cda36970ce7d2f57"},{"revisionName":"ssrmitalentoia-00078-riz","tag":"fh-2e6624ce790292b6"},{"revisionName":"ssrmitalentoia-00080-zet","tag":"fh-1843c14cd567f780"},{"revisionName":"ssrmitalentoia-00082-del","tag":"fh-380a8f3e737de2a5"},{"revisionName":"ssrmitalentoia-00084-yez","tag":"fh-858703da22aaf7b6"},{"revisionName":"ssrmitalentoia-00086-jug","tag":"fh-7fbbf8be9db02de9"},{"revisionName":"ssrmitalentoia-00088-pac","tag":"fh-b95a35609190327b"},{"revisionName":"ssrmitalentoia-00090-naz","tag":"fh-614cb37206c3bfb9"},{"revisionName":"ssrmitalentoia-00092-maw","tag":"fh-93e5ab963c671835"},{"revisionName":"ssrmitalentoia-00094-luf","tag":"fh-337c9273b00672d0"},{"revisionName":"ssrmitalentoia-00096-jum","tag":"fh-b2cb08867b5b076a"},{"revisionName":"ssrmitalentoia-00098-laz","tag":"fh-37c49cc5215a91a3"},{"revisionName":"ssrmitalentoia-00100-peg","tag":"fh-7e0a45a3b0ac3260"},{"revisionName":"ssrmitalentoia-00102-top","tag":"fh-7b13992ae4844291"},{"revisionName":"ssrmitalentoia-00104-mil","tag":"fh-660234533f6eb832"},{"revisionName":"ssrmitalentoia-00106-jok","tag":"fh-203981feffa2d3bf"},{"revisionName":"ssrmitalentoia-00108-rig","tag":"fh-5dbbb32580be9f64"},{"revisionName":"ssrmitalentoia-00110-rex","tag":"fh-0d1f2311e5923690"},{"revisionName":"ssrmitalentoia-00112-fij","tag":"fh-8815f1b3ef0e55a2"},{"revisionName":"ssrmitalentoia-00114-yar","tag":"fh-29b24162b4fe2532"},{"revisionName":"ssrmitalentoia-00116-mub","tag":"fh-deea984e8c8c4945"},{"revisionName":"ssrmitalentoia-00118-geq","tag":"fh-69c91010846af0f4"},{"revisionName":"ssrmitalentoia-00121-lis","tag":"fh-546460af269d1187"},{"revisionName":"ssrmitalentoia-00123-nuk","tag":"fh-a4fccd9dd3f4cff9"},{"revisionName":"ssrmitalentoia-00125-yah","tag":"fh-18337a5014e0c6a5"},{"percent":100,"latestRevision":true},{"revisionName":"ssrmitalentoia-00127-sim","tag":"fh-1ea379f9d622feb4"}]}}
[2026-03-13T23:06:26.768Z] <<< [apiv2][status] PUT https://run.googleapis.com/v1/projects/836679235433/locations/us-central1/services/ssrmitalentoia 200
[2026-03-13T23:06:26.768Z] <<< [apiv2][body] PUT https://run.googleapis.com/v1/projects/836679235433/locations/us-central1/services/ssrmitalentoia {"apiVersion":"serving.knative.dev/v1","kind":"Service","metadata":{"name":"ssrmitalentoia","namespace":"836679235433","selfLink":"/apis/serving.knative.dev/v1/namespaces/836679235433/services/ssrmitalentoia","uid":"c5ff5ed0-88f1-4ea4-ae31-cbcf0302e60c","resourceVersion":"AAZM7+st2e0","generation":128,"labels":{"goog-managed-by":"cloudfunctions","goog-cloudfunctions-runtime":"nodejs22","cloud.googleapis.com/location":"us-central1","goog-drz-cloudfunctions-location":"us-central1","firebase-functions-hash":"0f53685feb3474a313e94f3c7b39967d5e9218a4","goog-drz-cloudfunctions-id":"ssrmitalentoia","firebase-functions-codebase":"firebase-frameworks-mitalento-ia"},"annotations":{"serving.knative.dev/creator":"service-836679235433@gcf-admin-robot.iam.gserviceaccount.com","serving.knative.dev/lastModifier":"ccastro.fuxion@gmail.com","cloudfunctions.googleapis.com/function-id":"ssrmitalentoia","run.googleapis.com/client-name":"gcloud","run.googleapis.com/client-version":"557.0.0","run.googleapis.com/custom-audiences":"[\"https://us-central1-mitalento-ia.cloudfunctions.net/ssrmitalentoia\"]","run.googleapis.com/build-source-location":"gs://gcf-v2-sources-836679235433-us-central1/ssrmitalentoia/function-source.zip#1773442923599855","run.googleapis.com/build-environment-variables":"{\"GOOGLE_NODE_RUN_SCRIPTS\":\"\"}","run.googleapis.com/build-function-target":"ssrmitalentoia","run.googleapis.com/build-service-account":"projects/mitalento-ia/serviceAccounts/836679235433-compute@developer.gserviceaccount.com","run.googleapis.com/build-enable-automatic-updates":"true","run.googleapis.com/build-base-image":"us-central1-docker.pkg.dev/serverless-runtimes/google-22-full/runtimes/nodejs22","run.googleapis.com/build-image-uri":"us-central1-docker.pkg.dev/mitalento-ia/gcf-artifacts/mitalento--ia__us--central1__ssrmitalentoia:version_1","run.googleapis.com/build-name":"projects/836679235433/locations/us-central1/builds/0ada40f8-f728-469e-b824-14ed1ef473b1","run.googleapis.com/operation-id":"931e6100-0a39-4a5c-a28b-dd2a21207daa","run.googleapis.com/ingress":"all","run.googleapis.com/ingress-status":"all","run.googleapis.com/maxScale":"20","run.googleapis.com/urls":"[\"https://ssrmitalentoia-836679235433.us-central1.run.app\",\"https://us-central1-mitalento-ia.cloudfunctions.net/ssrmitalentoia\",\"https://ssrmitalentoia-awexrf4v2q-uc.a.run.app\"]"},"creationTimestamp":"2026-03-02T20:33:43.761415Z"},"spec":{"template":{"metadata":{"name":"ssrmitalentoia-00127-sim","labels":{"goog-drz-cloudfunctions-location":"us-central1","firebase-functions-hash":"0f53685feb3474a313e94f3c7b39967d5e9218a4","goog-drz-cloudfunctions-id":"ssrmitalentoia","firebase-functions-codebase":"firebase-frameworks-mitalento-ia","run.googleapis.com/startupProbeType":"Default"},"annotations":{"cloudfunctions.googleapis.com/trigger-type":"HTTP_TRIGGER","run.googleapis.com/client-name":"gcloud","run.googleapis.com/client-version":"557.0.0","autoscaling.knative.dev/maxScale":"20","run.googleapis.com/base-images":"{\"worker\":\"us-central1-docker.pkg.dev/serverless-runtimes/google-22-full/runtimes/nodejs22\"}","run.googleapis.com/startup-cpu-boost":"true"}},"spec":{"containerConcurrency":80,"timeoutSeconds":60,"serviceAccountName":"836679235433-compute@developer.gserviceaccount.com","containers":[{"name":"worker","image":"us-central1-docker.pkg.dev/mitalento-ia/gcf-artifacts/mitalento--ia__us--central1__ssrmitalentoia:version_1","env":[{"name":"NEXT_PUBLIC_FIREBASE_API_KEY","value":"AIzaSyC3tQNcQKcx2Yx_KcXlM78tteHuk7B0kAM"},{"name":"NEXT_PUBLIC_FIREBASE_AUTH_DOMAIN","value":"mitalento-ia.web.app"},{"name":"NEXT_PUBLIC_FIREBASE_PROJECT_ID","value":"mitalento-ia"},{"name":"NEXT_PUBLIC_FIREBASE_STORAGE_BUCKET","value":"mitalento-ia.firebasestorage.app"},{"name":"NEXT_PUBLIC_FIREBASE_MESSAGING_SENDER_ID","value":"836679235433"},{"name":"NEXT_PUBLIC_FIREBASE_APP_ID","value":"1:836679235433:web:c96b5cf37ca43b4a6beff8"},{"name":"NEXT_PUBLIC_FIREBASE_MEASUREMENT_ID","value":"G-TVKZ25XF6P"},{"name":"GEMINI_API_KEY","value":"AIzaSyAs66KRjVfJ12ciHnSmBS6Y8Xrarq26He8"},{"name":"ADMIN_CLIENT_EMAIL","value":"firebase-adminsdk-fbsvc@mitalento-ia.iam.gserviceaccount.com"},{"name":"ADMIN_PRIVATE_KEY","value":"-----BEGIN PRIVATE KEY-----\nMIIEvAIBADANBgkqhkiG9w0BAQEFAASCBKYwggSiAgEAAoIBAQCseVmNK9kRIG9P\naVQn+36c2H8ApV8K56ppo2QHOTIcpDOqM2igzT9Kg305t955MkWvJUJdIziEP0ur\nZNj9TVa3goW4CyQUZ4B1DFWOj8e+cPk97EINBvHNkaHOGANlaVqxa7JJPZkhaQN5\nFoiLoVvPGlIipqO8WeaenJKBKqxGjuJyDFCW67DGWvgoqUT5h+6QJTupz/AekGBA\nf65vhNCauWjts1hKGeVbduCWN39hX+JTQnrW8hiFaCHMJFKxQR+y8pwDUJSq+/+R\nmQCC0o9niOc3RMh2Bxuq1favfAvri75Hh9HjtHGk4h5pCgIqFdk2T2JkHQZOD8+d\nqVmCGzmTAgMBAAECggEACo2aRyMJsxyS8v704UVoJ9yvWLDFsfse2DvhIPgE8u+x\nIZbnrf8hAkQtY1y2xh+nV+Ilv2EqUh01WhVfmZAj4DKiT/KOkJkMqRzKF2EAzcxH\n09wi5n0oSnXAusWJX6kknXqDfCvCtOKiDcStMi37Wh64K9qaZinyDH50EGc2B1MZ\nCb8mNW6CUb/2JUqL1o08+GpCPMwvdK0+12mLTkCLJAauWqzRnt3VAHOxZeosff+q\nvTkIkjmrCdyDO5cFQDRb+dEaeSWxEfIy4OQV0mSty1IQHEJui2fsxtJzO0P8WG1w\nV2xIXAass7MKv9qVwJa1LWdfArJjVvhgSXHTPT9DgQKBgQDi243ati30Z88jprBp\nycE/p3QMGlnUzKaP8/0iIVPq48odjxW8fLDdzERvFIB0NE9f8coefd3Z9yObx8p+\nT5eUqSxOj4HD6BkMGE0eTVQ6bBP3XfMhq/nRrCzws+5S6NEdesRYWbssipcIqHRX\nMnhnv9sjGK/7SiGehxGLlJEoYQKBgQDCoVW7rqT7TKcpFIFnDf/qLMuS9NAbAnN7\n/NABJXhv9N8N/wkY0my9nTKUpNrEr2qa1rIV6l1TJHLt8U9vDWr3z5xnnGZb1CuM\nfleVspa0/407iwQZEu18ICl3gk6LqFhDyxBaPMnal9HjIizd9vJ+WfI94sQedrvO\nJab0a0XWcwKBgBUlfCKgCsaWiqN7HUSvLtldJZ8fMbJ5ZSlUCAuPacAifauls9P/\nF4mFSffExHiQi7mY00tmVjDELciOphyCFNIhtuSX0fPOBc+v0Dh74tcTTgUn98ry\nufXGg+XoD9Ygp6WE1RqbOqxbOtruwPGD3d9l7epmmbjl3x5k3sjRD3rhAoGANNpl\nEruBd/C/8CruXRLzLR+PBNBQdxU6UTA9OCJ5y0VfEUjxqnjyKKe4pZ8C/ah5NaUZ\n5VOoljxurWj7XjfxlWwemBBjx4odbWCd3jwKKwq+yq2cpkZ6kVuWhyqus8Q6e+Z4\nAVlCo4bY62pLbtdx0JgSbXXYNkGeDIQzC2raIzsCgYBG+Bqx6Ixu42csZvtaboSE\ndM0YVGcvpomeJlRtqI/XB9Aw7XKCI+mZa3KY3yenDrW3H/TFKCwqAwIjlwEmC31/\nodrgZE5UAaW8oAP6LAEFdPGl6htLlmoRQsoLGzgffeM6eF2B+714ZX9hHc6HiROi\nq3vBLwrOZr59XEdujngGkg==\n-----END PRIVATE KEY-----\n"},{"name":"VERCEL_URL","value":"mitalento-ia.web.app"},{"name":"__FIREBASE_FRAMEWORKS_ENTRY__","value":"next.js"},{"name":"__FIREBASE_DEFAULTS__","value":"{\"config\":{\"projectId\":\"mitalento-ia\",\"appId\":\"1:836679235433:web:c96b5cf37ca43b4a6beff8\",\"storageBucket\":\"mitalento-ia.firebasestorage.app\",\"apiKey\":\"AIzaSyC3tQNcQKcx2Yx_KcXlM78tteHuk7B0kAM\",\"authDomain\":\"mitalento-ia.firebaseapp.com\",\"messagingSenderId\":\"836679235433\",\"measurementId\":\"G-TVKZ25XF6P\",\"projectNumber\":\"836679235433\",\"version\":\"2\"},\"_authTokenSyncURL\":\"/__session\"}"},{"name":"FIREBASE_CONFIG","value":"{\"projectId\":\"mitalento-ia\",\"storageBucket\":\"mitalento-ia.firebasestorage.app\"}"},{"name":"GCLOUD_PROJECT","value":"mitalento-ia"},{"name":"EVENTARC_CLOUD_EVENT_SOURCE","value":"projects/mitalento-ia/locations/us-central1/services/ssrmitalentoia"},{"name":"FUNCTION_TARGET","value":"ssrmitalentoia"},{"name":"LOG_EXECUTION_ID","value":"true"}],"resources":{"limits":{"cpu":"1","memory":"256Mi"}},"ports":[{"name":"http1","containerPort":8080}],"startupProbe":{"timeoutSeconds":240,"periodSeconds":240,"failureThreshold":1,"tcpSocket":{"port":8080}}}],"runtimeClassName":"run.googleapis.com/linux-base-image-update"}},"traffic":[{"revisionName":"ssrmitalentoia-00001-bux","tag":"fh-5c468502f828a35e"},{"revisionName":"ssrmitalentoia-00004-dad","tag":"fh-60bfd6f386154f7b"},{"revisionName":"ssrmitalentoia-00006-giw","tag":"fh-6ee3ff26672c8bc2"},{"revisionName":"ssrmitalentoia-00008-zis","tag":"fh-621838c0f05d5c77"},{"revisionName":"ssrmitalentoia-00010-vex","tag":"fh-9dedc07e7b7a8508"},{"revisionName":"ssrmitalentoia-00012-rip","tag":"fh-e8f3700b9522a6db"},{"revisionName":"ssrmitalentoia-00014-zer","tag":"fh-927a3af78c02d295"},{"revisionName":"ssrmitalentoia-00016-haj","tag":"fh-24cb62799b84ad64"},{"revisionName":"ssrmitalentoia-00018-soh","tag":"fh-44d55e365f21099c"},{"revisionName":"ssrmitalentoia-00020-nuf","tag":"fh-8efa5f3a8d23620e"},{"revisionName":"ssrmitalentoia-00022-noj","tag":"fh-92301fc7de88a5c6"},{"revisionName":"ssrmitalentoia-00024-xos","tag":"fh-29bce5c6fee1a50a"},{"revisionName":"ssrmitalentoia-00026-quj","tag":"fh-3c008776a707dced"},{"revisionName":"ssrmitalentoia-00028-lov","tag":"fh-5bc35cf304cb68f0"},{"revisionName":"ssrmitalentoia-00030-mex","tag":"fh-a763da7db935c0d8"},{"revisionName":"ssrmitalentoia-00033-keq","tag":"fh-8591746bc6a79e64"},{"revisionName":"ssrmitalentoia-00035-guv","tag":"fh-4edfe18c85550692"},{"revisionName":"ssrmitalentoia-00037-ses","tag":"fh-8b526cbe9998aef3"},{"revisionName":"ssrmitalentoia-00039-yol","tag":"fh-c512e607bb0c5824"},{"revisionName":"ssrmitalentoia-00041-cey","tag":"fh-be9c015dc1af7a65"},{"revisionName":"ssrmitalentoia-00043-gex","tag":"fh-7898f9fc308b0c5c"},{"revisionName":"ssrmitalentoia-00045-pig","tag":"fh-9650a67677180eb5"},{"revisionName":"ssrmitalentoia-00047-qog","tag":"fh-486ccf2b19e0dad5"},{"revisionName":"ssrmitalentoia-00049-saf","tag":"fh-01b2f99a9200522d"},{"revisionName":"ssrmitalentoia-00051-jiq","tag":"fh-7ada29a045d712d6"},{"revisionName":"ssrmitalentoia-00053-yag","tag":"fh-856c33ba9dc8ecc6"},{"revisionName":"ssrmitalentoia-00055-fuv","tag":"fh-f739c2c209abdcbc"},{"revisionName":"ssrmitalentoia-00057-tox","tag":"fh-017881a299d8b432"},{"revisionName":"ssrmitalentoia-00059-zix","tag":"fh-bd9b78c416017cb3"},{"revisionName":"ssrmitalentoia-00061-jem","tag":"fh-3812ee0aaa99d3b2"},{"revisionName":"ssrmitalentoia-00063-yes","tag":"fh-48958a429d276302"},{"revisionName":"ssrmitalentoia-00066-xak","tag":"fh-2ee790bc786624e1"},{"revisionName":"ssrmitalentoia-00068-tod","tag":"fh-a3f91350fce49481"},{"revisionName":"ssrmitalentoia-00070-liy","tag":"fh-775de2ae462e69e8"},{"revisionName":"ssrmitalentoia-00072-ruw","tag":"fh-b3845c8639844011"},{"revisionName":"ssrmitalentoia-00074-kob","tag":"fh-919df9e160fe916f"},{"revisionName":"ssrmitalentoia-00076-faf","tag":"fh-cda36970ce7d2f57"},{"revisionName":"ssrmitalentoia-00078-riz","tag":"fh-2e6624ce790292b6"},{"revisionName":"ssrmitalentoia-00080-zet","tag":"fh-1843c14cd567f780"},{"revisionName":"ssrmitalentoia-00082-del","tag":"fh-380a8f3e737de2a5"},{"revisionName":"ssrmitalentoia-00084-yez","tag":"fh-858703da22aaf7b6"},{"revisionName":"ssrmitalentoia-00086-jug","tag":"fh-7fbbf8be9db02de9"},{"revisionName":"ssrmitalentoia-00088-pac","tag":"fh-b95a35609190327b"},{"revisionName":"ssrmitalentoia-00090-naz","tag":"fh-614cb37206c3bfb9"},{"revisionName":"ssrmitalentoia-00092-maw","tag":"fh-93e5ab963c671835"},{"revisionName":"ssrmitalentoia-00094-luf","tag":"fh-337c9273b00672d0"},{"revisionName":"ssrmitalentoia-00096-jum","tag":"fh-b2cb08867b5b076a"},{"revisionName":"ssrmitalentoia-00098-laz","tag":"fh-37c49cc5215a91a3"},{"revisionName":"ssrmitalentoia-00100-peg","tag":"fh-7e0a45a3b0ac3260"},{"revisionName":"ssrmitalentoia-00102-top","tag":"fh-7b13992ae4844291"},{"revisionName":"ssrmitalentoia-00104-mil","tag":"fh-660234533f6eb832"},{"revisionName":"ssrmitalentoia-00106-jok","tag":"fh-203981feffa2d3bf"},{"revisionName":"ssrmitalentoia-00108-rig","tag":"fh-5dbbb32580be9f64"},{"revisionName":"ssrmitalentoia-00110-rex","tag":"fh-0d1f2311e5923690"},{"revisionName":"ssrmitalentoia-00112-fij","tag":"fh-8815f1b3ef0e55a2"},{"revisionName":"ssrmitalentoia-00114-yar","tag":"fh-29b24162b4fe2532"},{"revisionName":"ssrmitalentoia-00116-mub","tag":"fh-deea984e8c8c4945"},{"revisionName":"ssrmitalentoia-00118-geq","tag":"fh-69c91010846af0f4"},{"revisionName":"ssrmitalentoia-00121-lis","tag":"fh-546460af269d1187"},{"revisionName":"ssrmitalentoia-00123-nuk","tag":"fh-a4fccd9dd3f4cff9"},{"revisionName":"ssrmitalentoia-00125-yah","tag":"fh-18337a5014e0c6a5"},{"percent":100,"latestRevision":true},{"revisionName":"ssrmitalentoia-00127-sim","tag":"fh-1ea379f9d622feb4"}]},"status":{"observedGeneration":127,"conditions":[{"type":"Ready","status":"True","lastTransitionTime":"2026-03-13T23:06:15.446482Z"},{"type":"BaseImageValidated","status":"True","severity":"Info"},{"type":"ConfigurationsReady","status":"True","lastTransitionTime":"2026-03-13T23:05:51.826732Z"},{"type":"RoutesReady","status":"True","lastTransitionTime":"2026-03-13T23:06:15.390852Z"}],"latestReadyRevisionName":"ssrmitalentoia-00127-sim","latestCreatedRevisionName":"ssrmitalentoia-00127-sim","traffic":[{"revisionName":"ssrmitalentoia-00001-bux","tag":"fh-5c468502f828a35e","url":"https://fh-5c468502f828a35e---ssrmitalentoia-awexrf4v2q-uc.a.run.app"},{"revisionName":"ssrmitalentoia-00004-dad","tag":"fh-60bfd6f386154f7b","url":"https://fh-60bfd6f386154f7b---ssrmitalentoia-awexrf4v2q-uc.a.run.app"},{"revisionName":"ssrmitalentoia-00006-giw","tag":"fh-6ee3ff26672c8bc2","url":"https://fh-6ee3ff26672c8bc2---ssrmitalentoia-awexrf4v2q-uc.a.run.app"},{"revisionName":"ssrmitalentoia-00008-zis","tag":"fh-621838c0f05d5c77","url":"https://fh-621838c0f05d5c77---ssrmitalentoia-awexrf4v2q-uc.a.run.app"},{"revisionName":"ssrmitalentoia-00010-vex","tag":"fh-9dedc07e7b7a8508","url":"https://fh-9dedc07e7b7a8508---ssrmitalentoia-awexrf4v2q-uc.a.run.app"},{"revisionName":"ssrmitalentoia-00012-rip","tag":"fh-e8f3700b9522a6db","url":"https://fh-e8f3700b9522a6db---ssrmitalentoia-awexrf4v2q-uc.a.run.app"},{"revisionName":"ssrmitalentoia-00014-zer","tag":"fh-927a3af78c02d295","url":"https://fh-927a3af78c02d295---ssrmitalentoia-awexrf4v2q-uc.a.run.app"},{"revisionName":"ssrmitalentoia-00016-haj","tag":"fh-24cb62799b84ad64","url":"https://fh-24cb62799b84ad64---ssrmitalentoia-awexrf4v2q-uc.a.run.app"},{"revisionName":"ssrmitalentoia-00018-soh","tag":"fh-44d55e365f21099c","url":"https://fh-44d55e365f21099c---ssrmitalentoia-awexrf4v2q-uc.a.run.app"},{"revisionName":"ssrmitalentoia-00020-nuf","tag":"fh-8efa5f3a8d23620e","url":"https://fh-8efa5f3a8d23620e---ssrmitalentoia-awexrf4v2q-uc.a.run.app"},{"revisionName":"ssrmitalentoia-00022-noj","tag":"fh-92301fc7de88a5c6","url":"https://fh-92301fc7de88a5c6---ssrmitalentoia-awexrf4v2q-uc.a.run.app"},{"revisionName":"ssrmitalentoia-00024-xos","tag":"fh-29bce5c6fee1a50a","url":"https://fh-29bce5c6fee1a50a---ssrmitalentoia-awexrf4v2q-uc.a.run.app"},{"revisionName":"ssrmitalentoia-00026-quj","tag":"fh-3c008776a707dced","url":"https://fh-3c008776a707dced---ssrmitalentoia-awexrf4v2q-uc.a.run.app"},{"revisionName":"ssrmitalentoia-00028-lov","tag":"fh-5bc35cf304cb68f0","url":"https://fh-5bc35cf304cb68f0---ssrmitalentoia-awexrf4v2q-uc.a.run.app"},{"revisionName":"ssrmitalentoia-00030-mex","tag":"fh-a763da7db935c0d8","url":"https://fh-a763da7db935c0d8---ssrmitalentoia-awexrf4v2q-uc.a.run.app"},{"revisionName":"ssrmitalentoia-00033-keq","tag":"fh-8591746bc6a79e64","url":"https://fh-8591746bc6a79e64---ssrmitalentoia-awexrf4v2q-uc.a.run.app"},{"revisionName":"ssrmitalentoia-00035-guv","tag":"fh-4edfe18c85550692","url":"https://fh-4edfe18c85550692---ssrmitalentoia-awexrf4v2q-uc.a.run.app"},{"revisionName":"ssrmitalentoia-00037-ses","tag":"fh-8b526cbe9998aef3","url":"https://fh-8b526cbe9998aef3---ssrmitalentoia-awexrf4v2q-uc.a.run.app"},{"revisionName":"ssrmitalentoia-00039-yol","tag":"fh-c512e607bb0c5824","url":"https://fh-c512e607bb0c5824---ssrmitalentoia-awexrf4v2q-uc.a.run.app"},{"revisionName":"ssrmitalentoia-00041-cey","tag":"fh-be9c015dc1af7a65","url":"https://fh-be9c015dc1af7a65---ssrmitalentoia-awexrf4v2q-uc.a.run.app"},{"revisionName":"ssrmitalentoia-00043-gex","tag":"fh-7898f9fc308b0c5c","url":"https://fh-7898f9fc308b0c5c---ssrmitalentoia-awexrf4v2q-uc.a.run.app"},{"revisionName":"ssrmitalentoia-00045-pig","tag":"fh-9650a67677180eb5","url":"https://fh-9650a67677180eb5---ssrmitalentoia-awexrf4v2q-uc.a.run.app"},{"revisionName":"ssrmitalentoia-00047-qog","tag":"fh-486ccf2b19e0dad5","url":"https://fh-486ccf2b19e0dad5---ssrmitalentoia-awexrf4v2q-uc.a.run.app"},{"revisionName":"ssrmitalentoia-00049-saf","tag":"fh-01b2f99a9200522d","url":"https://fh-01b2f99a9200522d---ssrmitalentoia-awexrf4v2q-uc.a.run.app"},{"revisionName":"ssrmitalentoia-00051-jiq","tag":"fh-7ada29a045d712d6","url":"https://fh-7ada29a045d712d6---ssrmitalentoia-awexrf4v2q-uc.a.run.app"},{"revisionName":"ssrmitalentoia-00053-yag","tag":"fh-856c33ba9dc8ecc6","url":"https://fh-856c33ba9dc8ecc6---ssrmitalentoia-awexrf4v2q-uc.a.run.app"},{"revisionName":"ssrmitalentoia-00055-fuv","tag":"fh-f739c2c209abdcbc","url":"https://fh-f739c2c209abdcbc---ssrmitalentoia-awexrf4v2q-uc.a.run.app"},{"revisionName":"ssrmitalentoia-00057-tox","tag":"fh-017881a299d8b432","url":"https://fh-017881a299d8b432---ssrmitalentoia-awexrf4v2q-uc.a.run.app"},{"revisionName":"ssrmitalentoia-00059-zix","tag":"fh-bd9b78c416017cb3","url":"https://fh-bd9b78c416017cb3---ssrmitalentoia-awexrf4v2q-uc.a.run.app"},{"revisionName":"ssrmitalentoia-00061-jem","tag":"fh-3812ee0aaa99d3b2","url":"https://fh-3812ee0aaa99d3b2---ssrmitalentoia-awexrf4v2q-uc.a.run.app"},{"revisionName":"ssrmitalentoia-00063-yes","tag":"fh-48958a429d276302","url":"https://fh-48958a429d276302---ssrmitalentoia-awexrf4v2q-uc.a.run.app"},{"revisionName":"ssrmitalentoia-00066-xak","tag":"fh-2ee790bc786624e1","url":"https://fh-2ee790bc786624e1---ssrmitalentoia-awexrf4v2q-uc.a.run.app"},{"revisionName":"ssrmitalentoia-00068-tod","tag":"fh-a3f91350fce49481","url":"https://fh-a3f91350fce49481---ssrmitalentoia-awexrf4v2q-uc.a.run.app"},{"revisionName":"ssrmitalentoia-00070-liy","tag":"fh-775de2ae462e69e8","url":"https://fh-775de2ae462e69e8---ssrmitalentoia-awexrf4v2q-uc.a.run.app"},{"revisionName":"ssrmitalentoia-00072-ruw","tag":"fh-b3845c8639844011","url":"https://fh-b3845c8639844011---ssrmitalentoia-awexrf4v2q-uc.a.run.app"},{"revisionName":"ssrmitalentoia-00074-kob","tag":"fh-919df9e160fe916f","url":"https://fh-919df9e160fe916f---ssrmitalentoia-awexrf4v2q-uc.a.run.app"},{"revisionName":"ssrmitalentoia-00076-faf","tag":"fh-cda36970ce7d2f57","url":"https://fh-cda36970ce7d2f57---ssrmitalentoia-awexrf4v2q-uc.a.run.app"},{"revisionName":"ssrmitalentoia-00078-riz","tag":"fh-2e6624ce790292b6","url":"https://fh-2e6624ce790292b6---ssrmitalentoia-awexrf4v2q-uc.a.run.app"},{"revisionName":"ssrmitalentoia-00080-zet","tag":"fh-1843c14cd567f780","url":"https://fh-1843c14cd567f780---ssrmitalentoia-awexrf4v2q-uc.a.run.app"},{"revisionName":"ssrmitalentoia-00082-del","tag":"fh-380a8f3e737de2a5","url":"https://fh-380a8f3e737de2a5---ssrmitalentoia-awexrf4v2q-uc.a.run.app"},{"revisionName":"ssrmitalentoia-00084-yez","tag":"fh-858703da22aaf7b6","url":"https://fh-858703da22aaf7b6---ssrmitalentoia-awexrf4v2q-uc.a.run.app"},{"revisionName":"ssrmitalentoia-00086-jug","tag":"fh-7fbbf8be9db02de9","url":"https://fh-7fbbf8be9db02de9---ssrmitalentoia-awexrf4v2q-uc.a.run.app"},{"revisionName":"ssrmitalentoia-00088-pac","tag":"fh-b95a35609190327b","url":"https://fh-b95a35609190327b---ssrmitalentoia-awexrf4v2q-uc.a.run.app"},{"revisionName":"ssrmitalentoia-00090-naz","tag":"fh-614cb37206c3bfb9","url":"https://fh-614cb37206c3bfb9---ssrmitalentoia-awexrf4v2q-uc.a.run.app"},{"revisionName":"ssrmitalentoia-00092-maw","tag":"fh-93e5ab963c671835","url":"https://fh-93e5ab963c671835---ssrmitalentoia-awexrf4v2q-uc.a.run.app"},{"revisionName":"ssrmitalentoia-00094-luf","tag":"fh-337c9273b00672d0","url":"https://fh-337c9273b00672d0---ssrmitalentoia-awexrf4v2q-uc.a.run.app"},{"revisionName":"ssrmitalentoia-00096-jum","tag":"fh-b2cb08867b5b076a","url":"https://fh-b2cb08867b5b076a---ssrmitalentoia-awexrf4v2q-uc.a.run.app"},{"revisionName":"ssrmitalentoia-00098-laz","tag":"fh-37c49cc5215a91a3","url":"https://fh-37c49cc5215a91a3---ssrmitalentoia-awexrf4v2q-uc.a.run.app"},{"revisionName":"ssrmitalentoia-00100-peg","tag":"fh-7e0a45a3b0ac3260","url":"https://fh-7e0a45a3b0ac3260---ssrmitalentoia-awexrf4v2q-uc.a.run.app"},{"revisionName":"ssrmitalentoia-00102-top","tag":"fh-7b13992ae4844291","url":"https://fh-7b13992ae4844291---ssrmitalentoia-awexrf4v2q-uc.a.run.app"},{"revisionName":"ssrmitalentoia-00104-mil","tag":"fh-660234533f6eb832","url":"https://fh-660234533f6eb832---ssrmitalentoia-awexrf4v2q-uc.a.run.app"},{"revisionName":"ssrmitalentoia-00106-jok","tag":"fh-203981feffa2d3bf","url":"https://fh-203981feffa2d3bf---ssrmitalentoia-awexrf4v2q-uc.a.run.app"},{"revisionName":"ssrmitalentoia-00108-rig","tag":"fh-5dbbb32580be9f64","url":"https://fh-5dbbb32580be9f64---ssrmitalentoia-awexrf4v2q-uc.a.run.app"},{"revisionName":"ssrmitalentoia-00110-rex","tag":"fh-0d1f2311e5923690","url":"https://fh-0d1f2311e5923690---ssrmitalentoia-awexrf4v2q-uc.a.run.app"},{"revisionName":"ssrmitalentoia-00112-fij","tag":"fh-8815f1b3ef0e55a2","url":"https://fh-8815f1b3ef0e55a2---ssrmitalentoia-awexrf4v2q-uc.a.run.app"},{"revisionName":"ssrmitalentoia-00114-yar","tag":"fh-29b24162b4fe2532","url":"https://fh-29b24162b4fe2532---ssrmitalentoia-awexrf4v2q-uc.a.run.app"},{"revisionName":"ssrmitalentoia-00116-mub","tag":"fh-deea984e8c8c4945","url":"https://fh-deea984e8c8c4945---ssrmitalentoia-awexrf4v2q-uc.a.run.app"},{"revisionName":"ssrmitalentoia-00118-geq","tag":"fh-69c91010846af0f4","url":"https://fh-69c91010846af0f4---ssrmitalentoia-awexrf4v2q-uc.a.run.app"},{"revisionName":"ssrmitalentoia-00121-lis","tag":"fh-546460af269d1187","url":"https://fh-546460af269d1187---ssrmitalentoia-awexrf4v2q-uc.a.run.app"},{"revisionName":"ssrmitalentoia-00123-nuk","tag":"fh-a4fccd9dd3f4cff9","url":"https://fh-a4fccd9dd3f4cff9---ssrmitalentoia-awexrf4v2q-uc.a.run.app"},{"revisionName":"ssrmitalentoia-00125-yah","tag":"fh-18337a5014e0c6a5","url":"https://fh-18337a5014e0c6a5---ssrmitalentoia-awexrf4v2q-uc.a.run.app"},{"revisionName":"ssrmitalentoia-00127-sim","percent":100,"latestRevision":true}],"url":"https://ssrmitalentoia-awexrf4v2q-uc.a.run.app","address":{"url":"https://ssrmitalentoia-awexrf4v2q-uc.a.run.app"}}}
[2026-03-13T23:06:26.768Z] Service ssrmitalentoia is not resolved becauseobserved generation 127 does not match spec generation 128
[2026-03-13T23:06:26.773Z] Checked if tokens are valid: true, expires at: 1773446187973
[2026-03-13T23:06:26.773Z] Checked if tokens are valid: true, expires at: 1773446187973
[2026-03-13T23:06:26.773Z] >>> [apiv2][query] GET https://run.googleapis.com/v1/projects/836679235433/locations/us-central1/services/ssrmitalentoia [none]
[2026-03-13T23:06:27.263Z] <<< [apiv2][status] GET https://run.googleapis.com/v1/projects/836679235433/locations/us-central1/services/ssrmitalentoia 200
[2026-03-13T23:06:27.263Z] <<< [apiv2][body] GET https://run.googleapis.com/v1/projects/836679235433/locations/us-central1/services/ssrmitalentoia {"apiVersion":"serving.knative.dev/v1","kind":"Service","metadata":{"name":"ssrmitalentoia","namespace":"836679235433","selfLink":"/apis/serving.knative.dev/v1/namespaces/836679235433/services/ssrmitalentoia","uid":"c5ff5ed0-88f1-4ea4-ae31-cbcf0302e60c","resourceVersion":"AAZM7+sxXQM","generation":128,"labels":{"goog-managed-by":"cloudfunctions","goog-cloudfunctions-runtime":"nodejs22","cloud.googleapis.com/location":"us-central1","goog-drz-cloudfunctions-location":"us-central1","firebase-functions-hash":"0f53685feb3474a313e94f3c7b39967d5e9218a4","goog-drz-cloudfunctions-id":"ssrmitalentoia","firebase-functions-codebase":"firebase-frameworks-mitalento-ia"},"annotations":{"serving.knative.dev/creator":"service-836679235433@gcf-admin-robot.iam.gserviceaccount.com","serving.knative.dev/lastModifier":"ccastro.fuxion@gmail.com","cloudfunctions.googleapis.com/function-id":"ssrmitalentoia","run.googleapis.com/client-name":"gcloud","run.googleapis.com/client-version":"557.0.0","run.googleapis.com/custom-audiences":"[\"https://us-central1-mitalento-ia.cloudfunctions.net/ssrmitalentoia\"]","run.googleapis.com/build-source-location":"gs://gcf-v2-sources-836679235433-us-central1/ssrmitalentoia/function-source.zip#1773442923599855","run.googleapis.com/build-environment-variables":"{\"GOOGLE_NODE_RUN_SCRIPTS\":\"\"}","run.googleapis.com/build-function-target":"ssrmitalentoia","run.googleapis.com/build-service-account":"projects/mitalento-ia/serviceAccounts/836679235433-compute@developer.gserviceaccount.com","run.googleapis.com/build-enable-automatic-updates":"true","run.googleapis.com/build-base-image":"us-central1-docker.pkg.dev/serverless-runtimes/google-22-full/runtimes/nodejs22","run.googleapis.com/build-image-uri":"us-central1-docker.pkg.dev/mitalento-ia/gcf-artifacts/mitalento--ia__us--central1__ssrmitalentoia:version_1","run.googleapis.com/build-name":"projects/836679235433/locations/us-central1/builds/0ada40f8-f728-469e-b824-14ed1ef473b1","run.googleapis.com/operation-id":"931e6100-0a39-4a5c-a28b-dd2a21207daa","run.googleapis.com/ingress":"all","run.googleapis.com/ingress-status":"all","run.googleapis.com/maxScale":"20","run.googleapis.com/urls":"[\"https://ssrmitalentoia-836679235433.us-central1.run.app\",\"https://us-central1-mitalento-ia.cloudfunctions.net/ssrmitalentoia\",\"https://ssrmitalentoia-awexrf4v2q-uc.a.run.app\"]"},"creationTimestamp":"2026-03-02T20:33:43.761415Z"},"spec":{"template":{"metadata":{"name":"ssrmitalentoia-00127-sim","labels":{"goog-drz-cloudfunctions-location":"us-central1","firebase-functions-hash":"0f53685feb3474a313e94f3c7b39967d5e9218a4","goog-drz-cloudfunctions-id":"ssrmitalentoia","firebase-functions-codebase":"firebase-frameworks-mitalento-ia","run.googleapis.com/startupProbeType":"Default"},"annotations":{"cloudfunctions.googleapis.com/trigger-type":"HTTP_TRIGGER","run.googleapis.com/client-name":"gcloud","run.googleapis.com/client-version":"557.0.0","autoscaling.knative.dev/maxScale":"20","run.googleapis.com/base-images":"{\"worker\":\"us-central1-docker.pkg.dev/serverless-runtimes/google-22-full/runtimes/nodejs22\"}","run.googleapis.com/startup-cpu-boost":"true"}},"spec":{"containerConcurrency":80,"timeoutSeconds":60,"serviceAccountName":"836679235433-compute@developer.gserviceaccount.com","containers":[{"name":"worker","image":"us-central1-docker.pkg.dev/mitalento-ia/gcf-artifacts/mitalento--ia__us--central1__ssrmitalentoia:version_1","env":[{"name":"NEXT_PUBLIC_FIREBASE_API_KEY","value":"AIzaSyC3tQNcQKcx2Yx_KcXlM78tteHuk7B0kAM"},{"name":"NEXT_PUBLIC_FIREBASE_AUTH_DOMAIN","value":"mitalento-ia.web.app"},{"name":"NEXT_PUBLIC_FIREBASE_PROJECT_ID","value":"mitalento-ia"},{"name":"NEXT_PUBLIC_FIREBASE_STORAGE_BUCKET","value":"mitalento-ia.firebasestorage.app"},{"name":"NEXT_PUBLIC_FIREBASE_MESSAGING_SENDER_ID","value":"836679235433"},{"name":"NEXT_PUBLIC_FIREBASE_APP_ID","value":"1:836679235433:web:c96b5cf37ca43b4a6beff8"},{"name":"NEXT_PUBLIC_FIREBASE_MEASUREMENT_ID","value":"G-TVKZ25XF6P"},{"name":"GEMINI_API_KEY","value":"AIzaSyAs66KRjVfJ12ciHnSmBS6Y8Xrarq26He8"},{"name":"ADMIN_CLIENT_EMAIL","value":"firebase-adminsdk-fbsvc@mitalento-ia.iam.gserviceaccount.com"},{"name":"ADMIN_PRIVATE_KEY","value":"-----BEGIN PRIVATE KEY-----\nMIIEvAIBADANBgkqhkiG9w0BAQEFAASCBKYwggSiAgEAAoIBAQCseVmNK9kRIG9P\naVQn+36c2H8ApV8K56ppo2QHOTIcpDOqM2igzT9Kg305t955MkWvJUJdIziEP0ur\nZNj9TVa3goW4CyQUZ4B1DFWOj8e+cPk97EINBvHNkaHOGANlaVqxa7JJPZkhaQN5\nFoiLoVvPGlIipqO8WeaenJKBKqxGjuJyDFCW67DGWvgoqUT5h+6QJTupz/AekGBA\nf65vhNCauWjts1hKGeVbduCWN39hX+JTQnrW8hiFaCHMJFKxQR+y8pwDUJSq+/+R\nmQCC0o9niOc3RMh2Bxuq1favfAvri75Hh9HjtHGk4h5pCgIqFdk2T2JkHQZOD8+d\nqVmCGzmTAgMBAAECggEACo2aRyMJsxyS8v704UVoJ9yvWLDFsfse2DvhIPgE8u+x\nIZbnrf8hAkQtY1y2xh+nV+Ilv2EqUh01WhVfmZAj4DKiT/KOkJkMqRzKF2EAzcxH\n09wi5n0oSnXAusWJX6kknXqDfCvCtOKiDcStMi37Wh64K9qaZinyDH50EGc2B1MZ\nCb8mNW6CUb/2JUqL1o08+GpCPMwvdK0+12mLTkCLJAauWqzRnt3VAHOxZeosff+q\nvTkIkjmrCdyDO5cFQDRb+dEaeSWxEfIy4OQV0mSty1IQHEJui2fsxtJzO0P8WG1w\nV2xIXAass7MKv9qVwJa1LWdfArJjVvhgSXHTPT9DgQKBgQDi243ati30Z88jprBp\nycE/p3QMGlnUzKaP8/0iIVPq48odjxW8fLDdzERvFIB0NE9f8coefd3Z9yObx8p+\nT5eUqSxOj4HD6BkMGE0eTVQ6bBP3XfMhq/nRrCzws+5S6NEdesRYWbssipcIqHRX\nMnhnv9sjGK/7SiGehxGLlJEoYQKBgQDCoVW7rqT7TKcpFIFnDf/qLMuS9NAbAnN7\n/NABJXhv9N8N/wkY0my9nTKUpNrEr2qa1rIV6l1TJHLt8U9vDWr3z5xnnGZb1CuM\nfleVspa0/407iwQZEu18ICl3gk6LqFhDyxBaPMnal9HjIizd9vJ+WfI94sQedrvO\nJab0a0XWcwKBgBUlfCKgCsaWiqN7HUSvLtldJZ8fMbJ5ZSlUCAuPacAifauls9P/\nF4mFSffExHiQi7mY00tmVjDELciOphyCFNIhtuSX0fPOBc+v0Dh74tcTTgUn98ry\nufXGg+XoD9Ygp6WE1RqbOqxbOtruwPGD3d9l7epmmbjl3x5k3sjRD3rhAoGANNpl\nEruBd/C/8CruXRLzLR+PBNBQdxU6UTA9OCJ5y0VfEUjxqnjyKKe4pZ8C/ah5NaUZ\n5VOoljxurWj7XjfxlWwemBBjx4odbWCd3jwKKwq+yq2cpkZ6kVuWhyqus8Q6e+Z4\nAVlCo4bY62pLbtdx0JgSbXXYNkGeDIQzC2raIzsCgYBG+Bqx6Ixu42csZvtaboSE\ndM0YVGcvpomeJlRtqI/XB9Aw7XKCI+mZa3KY3yenDrW3H/TFKCwqAwIjlwEmC31/\nodrgZE5UAaW8oAP6LAEFdPGl6htLlmoRQsoLGzgffeM6eF2B+714ZX9hHc6HiROi\nq3vBLwrOZr59XEdujngGkg==\n-----END PRIVATE KEY-----\n"},{"name":"VERCEL_URL","value":"mitalento-ia.web.app"},{"name":"__FIREBASE_FRAMEWORKS_ENTRY__","value":"next.js"},{"name":"__FIREBASE_DEFAULTS__","value":"{\"config\":{\"projectId\":\"mitalento-ia\",\"appId\":\"1:836679235433:web:c96b5cf37ca43b4a6beff8\",\"storageBucket\":\"mitalento-ia.firebasestorage.app\",\"apiKey\":\"AIzaSyC3tQNcQKcx2Yx_KcXlM78tteHuk7B0kAM\",\"authDomain\":\"mitalento-ia.firebaseapp.com\",\"messagingSenderId\":\"836679235433\",\"measurementId\":\"G-TVKZ25XF6P\",\"projectNumber\":\"836679235433\",\"version\":\"2\"},\"_authTokenSyncURL\":\"/__session\"}"},{"name":"FIREBASE_CONFIG","value":"{\"projectId\":\"mitalento-ia\",\"storageBucket\":\"mitalento-ia.firebasestorage.app\"}"},{"name":"GCLOUD_PROJECT","value":"mitalento-ia"},{"name":"EVENTARC_CLOUD_EVENT_SOURCE","value":"projects/mitalento-ia/locations/us-central1/services/ssrmitalentoia"},{"name":"FUNCTION_TARGET","value":"ssrmitalentoia"},{"name":"LOG_EXECUTION_ID","value":"true"}],"resources":{"limits":{"cpu":"1","memory":"256Mi"}},"ports":[{"name":"http1","containerPort":8080}],"startupProbe":{"timeoutSeconds":240,"periodSeconds":240,"failureThreshold":1,"tcpSocket":{"port":8080}}}],"runtimeClassName":"run.googleapis.com/linux-base-image-update"}},"traffic":[{"revisionName":"ssrmitalentoia-00001-bux","tag":"fh-5c468502f828a35e"},{"revisionName":"ssrmitalentoia-00004-dad","tag":"fh-60bfd6f386154f7b"},{"revisionName":"ssrmitalentoia-00006-giw","tag":"fh-6ee3ff26672c8bc2"},{"revisionName":"ssrmitalentoia-00008-zis","tag":"fh-621838c0f05d5c77"},{"revisionName":"ssrmitalentoia-00010-vex","tag":"fh-9dedc07e7b7a8508"},{"revisionName":"ssrmitalentoia-00012-rip","tag":"fh-e8f3700b9522a6db"},{"revisionName":"ssrmitalentoia-00014-zer","tag":"fh-927a3af78c02d295"},{"revisionName":"ssrmitalentoia-00016-haj","tag":"fh-24cb62799b84ad64"},{"revisionName":"ssrmitalentoia-00018-soh","tag":"fh-44d55e365f21099c"},{"revisionName":"ssrmitalentoia-00020-nuf","tag":"fh-8efa5f3a8d23620e"},{"revisionName":"ssrmitalentoia-00022-noj","tag":"fh-92301fc7de88a5c6"},{"revisionName":"ssrmitalentoia-00024-xos","tag":"fh-29bce5c6fee1a50a"},{"revisionName":"ssrmitalentoia-00026-quj","tag":"fh-3c008776a707dced"},{"revisionName":"ssrmitalentoia-00028-lov","tag":"fh-5bc35cf304cb68f0"},{"revisionName":"ssrmitalentoia-00030-mex","tag":"fh-a763da7db935c0d8"},{"revisionName":"ssrmitalentoia-00033-keq","tag":"fh-8591746bc6a79e64"},{"revisionName":"ssrmitalentoia-00035-guv","tag":"fh-4edfe18c85550692"},{"revisionName":"ssrmitalentoia-00037-ses","tag":"fh-8b526cbe9998aef3"},{"revisionName":"ssrmitalentoia-00039-yol","tag":"fh-c512e607bb0c5824"},{"revisionName":"ssrmitalentoia-00041-cey","tag":"fh-be9c015dc1af7a65"},{"revisionName":"ssrmitalentoia-00043-gex","tag":"fh-7898f9fc308b0c5c"},{"revisionName":"ssrmitalentoia-00045-pig","tag":"fh-9650a67677180eb5"},{"revisionName":"ssrmitalentoia-00047-qog","tag":"fh-486ccf2b19e0dad5"},{"revisionName":"ssrmitalentoia-00049-saf","tag":"fh-01b2f99a9200522d"},{"revisionName":"ssrmitalentoia-00051-jiq","tag":"fh-7ada29a045d712d6"},{"revisionName":"ssrmitalentoia-00053-yag","tag":"fh-856c33ba9dc8ecc6"},{"revisionName":"ssrmitalentoia-00055-fuv","tag":"fh-f739c2c209abdcbc"},{"revisionName":"ssrmitalentoia-00057-tox","tag":"fh-017881a299d8b432"},{"revisionName":"ssrmitalentoia-00059-zix","tag":"fh-bd9b78c416017cb3"},{"revisionName":"ssrmitalentoia-00061-jem","tag":"fh-3812ee0aaa99d3b2"},{"revisionName":"ssrmitalentoia-00063-yes","tag":"fh-48958a429d276302"},{"revisionName":"ssrmitalentoia-00066-xak","tag":"fh-2ee790bc786624e1"},{"revisionName":"ssrmitalentoia-00068-tod","tag":"fh-a3f91350fce49481"},{"revisionName":"ssrmitalentoia-00070-liy","tag":"fh-775de2ae462e69e8"},{"revisionName":"ssrmitalentoia-00072-ruw","tag":"fh-b3845c8639844011"},{"revisionName":"ssrmitalentoia-00074-kob","tag":"fh-919df9e160fe916f"},{"revisionName":"ssrmitalentoia-00076-faf","tag":"fh-cda36970ce7d2f57"},{"revisionName":"ssrmitalentoia-00078-riz","tag":"fh-2e6624ce790292b6"},{"revisionName":"ssrmitalentoia-00080-zet","tag":"fh-1843c14cd567f780"},{"revisionName":"ssrmitalentoia-00082-del","tag":"fh-380a8f3e737de2a5"},{"revisionName":"ssrmitalentoia-00084-yez","tag":"fh-858703da22aaf7b6"},{"revisionName":"ssrmitalentoia-00086-jug","tag":"fh-7fbbf8be9db02de9"},{"revisionName":"ssrmitalentoia-00088-pac","tag":"fh-b95a35609190327b"},{"revisionName":"ssrmitalentoia-00090-naz","tag":"fh-614cb37206c3bfb9"},{"revisionName":"ssrmitalentoia-00092-maw","tag":"fh-93e5ab963c671835"},{"revisionName":"ssrmitalentoia-00094-luf","tag":"fh-337c9273b00672d0"},{"revisionName":"ssrmitalentoia-00096-jum","tag":"fh-b2cb08867b5b076a"},{"revisionName":"ssrmitalentoia-00098-laz","tag":"fh-37c49cc5215a91a3"},{"revisionName":"ssrmitalentoia-00100-peg","tag":"fh-7e0a45a3b0ac3260"},{"revisionName":"ssrmitalentoia-00102-top","tag":"fh-7b13992ae4844291"},{"revisionName":"ssrmitalentoia-00104-mil","tag":"fh-660234533f6eb832"},{"revisionName":"ssrmitalentoia-00106-jok","tag":"fh-203981feffa2d3bf"},{"revisionName":"ssrmitalentoia-00108-rig","tag":"fh-5dbbb32580be9f64"},{"revisionName":"ssrmitalentoia-00110-rex","tag":"fh-0d1f2311e5923690"},{"revisionName":"ssrmitalentoia-00112-fij","tag":"fh-8815f1b3ef0e55a2"},{"revisionName":"ssrmitalentoia-00114-yar","tag":"fh-29b24162b4fe2532"},{"revisionName":"ssrmitalentoia-00116-mub","tag":"fh-deea984e8c8c4945"},{"revisionName":"ssrmitalentoia-00118-geq","tag":"fh-69c91010846af0f4"},{"revisionName":"ssrmitalentoia-00121-lis","tag":"fh-546460af269d1187"},{"revisionName":"ssrmitalentoia-00123-nuk","tag":"fh-a4fccd9dd3f4cff9"},{"revisionName":"ssrmitalentoia-00125-yah","tag":"fh-18337a5014e0c6a5"},{"percent":100,"latestRevision":true},{"revisionName":"ssrmitalentoia-00127-sim","tag":"fh-1ea379f9d622feb4"}]},"status":{"observedGeneration":128,"conditions":[{"type":"Ready","status":"Unknown","reason":"AssigningTraffic","message":"Assigning traffic to latest specified targets.","lastTransitionTime":"2026-03-13T23:06:27.011086Z"},{"type":"BaseImageValidated","status":"True","severity":"Info"},{"type":"ConfigurationsReady","status":"True","lastTransitionTime":"2026-03-13T23:05:51.826732Z"},{"type":"RoutesReady","status":"Unknown","reason":"AssigningTraffic","message":"Assigning traffic to latest specified targets.","lastTransitionTime":"2026-03-13T23:06:27.011086Z"}],"latestReadyRevisionName":"ssrmitalentoia-00127-sim","latestCreatedRevisionName":"ssrmitalentoia-00127-sim","traffic":[{"revisionName":"ssrmitalentoia-00001-bux","tag":"fh-5c468502f828a35e","url":"https://fh-5c468502f828a35e---ssrmitalentoia-awexrf4v2q-uc.a.run.app"},{"revisionName":"ssrmitalentoia-00004-dad","tag":"fh-60bfd6f386154f7b","url":"https://fh-60bfd6f386154f7b---ssrmitalentoia-awexrf4v2q-uc.a.run.app"},{"revisionName":"ssrmitalentoia-00006-giw","tag":"fh-6ee3ff26672c8bc2","url":"https://fh-6ee3ff26672c8bc2---ssrmitalentoia-awexrf4v2q-uc.a.run.app"},{"revisionName":"ssrmitalentoia-00008-zis","tag":"fh-621838c0f05d5c77","url":"https://fh-621838c0f05d5c77---ssrmitalentoia-awexrf4v2q-uc.a.run.app"},{"revisionName":"ssrmitalentoia-00010-vex","tag":"fh-9dedc07e7b7a8508","url":"https://fh-9dedc07e7b7a8508---ssrmitalentoia-awexrf4v2q-uc.a.run.app"},{"revisionName":"ssrmitalentoia-00012-rip","tag":"fh-e8f3700b9522a6db","url":"https://fh-e8f3700b9522a6db---ssrmitalentoia-awexrf4v2q-uc.a.run.app"},{"revisionName":"ssrmitalentoia-00014-zer","tag":"fh-927a3af78c02d295","url":"https://fh-927a3af78c02d295---ssrmitalentoia-awexrf4v2q-uc.a.run.app"},{"revisionName":"ssrmitalentoia-00016-haj","tag":"fh-24cb62799b84ad64","url":"https://fh-24cb62799b84ad64---ssrmitalentoia-awexrf4v2q-uc.a.run.app"},{"revisionName":"ssrmitalentoia-00018-soh","tag":"fh-44d55e365f21099c","url":"https://fh-44d55e365f21099c---ssrmitalentoia-awexrf4v2q-uc.a.run.app"},{"revisionName":"ssrmitalentoia-00020-nuf","tag":"fh-8efa5f3a8d23620e","url":"https://fh-8efa5f3a8d23620e---ssrmitalentoia-awexrf4v2q-uc.a.run.app"},{"revisionName":"ssrmitalentoia-00022-noj","tag":"fh-92301fc7de88a5c6","url":"https://fh-92301fc7de88a5c6---ssrmitalentoia-awexrf4v2q-uc.a.run.app"},{"revisionName":"ssrmitalentoia-00024-xos","tag":"fh-29bce5c6fee1a50a","url":"https://fh-29bce5c6fee1a50a---ssrmitalentoia-awexrf4v2q-uc.a.run.app"},{"revisionName":"ssrmitalentoia-00026-quj","tag":"fh-3c008776a707dced","url":"https://fh-3c008776a707dced---ssrmitalentoia-awexrf4v2q-uc.a.run.app"},{"revisionName":"ssrmitalentoia-00028-lov","tag":"fh-5bc35cf304cb68f0","url":"https://fh-5bc35cf304cb68f0---ssrmitalentoia-awexrf4v2q-uc.a.run.app"},{"revisionName":"ssrmitalentoia-00030-mex","tag":"fh-a763da7db935c0d8","url":"https://fh-a763da7db935c0d8---ssrmitalentoia-awexrf4v2q-uc.a.run.app"},{"revisionName":"ssrmitalentoia-00033-keq","tag":"fh-8591746bc6a79e64","url":"https://fh-8591746bc6a79e64---ssrmitalentoia-awexrf4v2q-uc.a.run.app"},{"revisionName":"ssrmitalentoia-00035-guv","tag":"fh-4edfe18c85550692","url":"https://fh-4edfe18c85550692---ssrmitalentoia-awexrf4v2q-uc.a.run.app"},{"revisionName":"ssrmitalentoia-00037-ses","tag":"fh-8b526cbe9998aef3","url":"https://fh-8b526cbe9998aef3---ssrmitalentoia-awexrf4v2q-uc.a.run.app"},{"revisionName":"ssrmitalentoia-00039-yol","tag":"fh-c512e607bb0c5824","url":"https://fh-c512e607bb0c5824---ssrmitalentoia-awexrf4v2q-uc.a.run.app"},{"revisionName":"ssrmitalentoia-00041-cey","tag":"fh-be9c015dc1af7a65","url":"https://fh-be9c015dc1af7a65---ssrmitalentoia-awexrf4v2q-uc.a.run.app"},{"revisionName":"ssrmitalentoia-00043-gex","tag":"fh-7898f9fc308b0c5c","url":"https://fh-7898f9fc308b0c5c---ssrmitalentoia-awexrf4v2q-uc.a.run.app"},{"revisionName":"ssrmitalentoia-00045-pig","tag":"fh-9650a67677180eb5","url":"https://fh-9650a67677180eb5---ssrmitalentoia-awexrf4v2q-uc.a.run.app"},{"revisionName":"ssrmitalentoia-00047-qog","tag":"fh-486ccf2b19e0dad5","url":"https://fh-486ccf2b19e0dad5---ssrmitalentoia-awexrf4v2q-uc.a.run.app"},{"revisionName":"ssrmitalentoia-00049-saf","tag":"fh-01b2f99a9200522d","url":"https://fh-01b2f99a9200522d---ssrmitalentoia-awexrf4v2q-uc.a.run.app"},{"revisionName":"ssrmitalentoia-00051-jiq","tag":"fh-7ada29a045d712d6","url":"https://fh-7ada29a045d712d6---ssrmitalentoia-awexrf4v2q-uc.a.run.app"},{"revisionName":"ssrmitalentoia-00053-yag","tag":"fh-856c33ba9dc8ecc6","url":"https://fh-856c33ba9dc8ecc6---ssrmitalentoia-awexrf4v2q-uc.a.run.app"},{"revisionName":"ssrmitalentoia-00055-fuv","tag":"fh-f739c2c209abdcbc","url":"https://fh-f739c2c209abdcbc---ssrmitalentoia-awexrf4v2q-uc.a.run.app"},{"revisionName":"ssrmitalentoia-00057-tox","tag":"fh-017881a299d8b432","url":"https://fh-017881a299d8b432---ssrmitalentoia-awexrf4v2q-uc.a.run.app"},{"revisionName":"ssrmitalentoia-00059-zix","tag":"fh-bd9b78c416017cb3","url":"https://fh-bd9b78c416017cb3---ssrmitalentoia-awexrf4v2q-uc.a.run.app"},{"revisionName":"ssrmitalentoia-00061-jem","tag":"fh-3812ee0aaa99d3b2","url":"https://fh-3812ee0aaa99d3b2---ssrmitalentoia-awexrf4v2q-uc.a.run.app"},{"revisionName":"ssrmitalentoia-00063-yes","tag":"fh-48958a429d276302","url":"https://fh-48958a429d276302---ssrmitalentoia-awexrf4v2q-uc.a.run.app"},{"revisionName":"ssrmitalentoia-00066-xak","tag":"fh-2ee790bc786624e1","url":"https://fh-2ee790bc786624e1---ssrmitalentoia-awexrf4v2q-uc.a.run.app"},{"revisionName":"ssrmitalentoia-00068-tod","tag":"fh-a3f91350fce49481","url":"https://fh-a3f91350fce49481---ssrmitalentoia-awexrf4v2q-uc.a.run.app"},{"revisionName":"ssrmitalentoia-00070-liy","tag":"fh-775de2ae462e69e8","url":"https://fh-775de2ae462e69e8---ssrmitalentoia-awexrf4v2q-uc.a.run.app"},{"revisionName":"ssrmitalentoia-00072-ruw","tag":"fh-b3845c8639844011","url":"https://fh-b3845c8639844011---ssrmitalentoia-awexrf4v2q-uc.a.run.app"},{"revisionName":"ssrmitalentoia-00074-kob","tag":"fh-919df9e160fe916f","url":"https://fh-919df9e160fe916f---ssrmitalentoia-awexrf4v2q-uc.a.run.app"},{"revisionName":"ssrmitalentoia-00076-faf","tag":"fh-cda36970ce7d2f57","url":"https://fh-cda36970ce7d2f57---ssrmitalentoia-awexrf4v2q-uc.a.run.app"},{"revisionName":"ssrmitalentoia-00078-riz","tag":"fh-2e6624ce790292b6","url":"https://fh-2e6624ce790292b6---ssrmitalentoia-awexrf4v2q-uc.a.run.app"},{"revisionName":"ssrmitalentoia-00080-zet","tag":"fh-1843c14cd567f780","url":"https://fh-1843c14cd567f780---ssrmitalentoia-awexrf4v2q-uc.a.run.app"},{"revisionName":"ssrmitalentoia-00082-del","tag":"fh-380a8f3e737de2a5","url":"https://fh-380a8f3e737de2a5---ssrmitalentoia-awexrf4v2q-uc.a.run.app"},{"revisionName":"ssrmitalentoia-00084-yez","tag":"fh-858703da22aaf7b6","url":"https://fh-858703da22aaf7b6---ssrmitalentoia-awexrf4v2q-uc.a.run.app"},{"revisionName":"ssrmitalentoia-00086-jug","tag":"fh-7fbbf8be9db02de9","url":"https://fh-7fbbf8be9db02de9---ssrmitalentoia-awexrf4v2q-uc.a.run.app"},{"revisionName":"ssrmitalentoia-00088-pac","tag":"fh-b95a35609190327b","url":"https://fh-b95a35609190327b---ssrmitalentoia-awexrf4v2q-uc.a.run.app"},{"revisionName":"ssrmitalentoia-00090-naz","tag":"fh-614cb37206c3bfb9","url":"https://fh-614cb37206c3bfb9---ssrmitalentoia-awexrf4v2q-uc.a.run.app"},{"revisionName":"ssrmitalentoia-00092-maw","tag":"fh-93e5ab963c671835","url":"https://fh-93e5ab963c671835---ssrmitalentoia-awexrf4v2q-uc.a.run.app"},{"revisionName":"ssrmitalentoia-00094-luf","tag":"fh-337c9273b00672d0","url":"https://fh-337c9273b00672d0---ssrmitalentoia-awexrf4v2q-uc.a.run.app"},{"revisionName":"ssrmitalentoia-00096-jum","tag":"fh-b2cb08867b5b076a","url":"https://fh-b2cb08867b5b076a---ssrmitalentoia-awexrf4v2q-uc.a.run.app"},{"revisionName":"ssrmitalentoia-00098-laz","tag":"fh-37c49cc5215a91a3","url":"https://fh-37c49cc5215a91a3---ssrmitalentoia-awexrf4v2q-uc.a.run.app"},{"revisionName":"ssrmitalentoia-00100-peg","tag":"fh-7e0a45a3b0ac3260","url":"https://fh-7e0a45a3b0ac3260---ssrmitalentoia-awexrf4v2q-uc.a.run.app"},{"revisionName":"ssrmitalentoia-00102-top","tag":"fh-7b13992ae4844291","url":"https://fh-7b13992ae4844291---ssrmitalentoia-awexrf4v2q-uc.a.run.app"},{"revisionName":"ssrmitalentoia-00104-mil","tag":"fh-660234533f6eb832","url":"https://fh-660234533f6eb832---ssrmitalentoia-awexrf4v2q-uc.a.run.app"},{"revisionName":"ssrmitalentoia-00106-jok","tag":"fh-203981feffa2d3bf","url":"https://fh-203981feffa2d3bf---ssrmitalentoia-awexrf4v2q-uc.a.run.app"},{"revisionName":"ssrmitalentoia-00108-rig","tag":"fh-5dbbb32580be9f64","url":"https://fh-5dbbb32580be9f64---ssrmitalentoia-awexrf4v2q-uc.a.run.app"},{"revisionName":"ssrmitalentoia-00110-rex","tag":"fh-0d1f2311e5923690","url":"https://fh-0d1f2311e5923690---ssrmitalentoia-awexrf4v2q-uc.a.run.app"},{"revisionName":"ssrmitalentoia-00112-fij","tag":"fh-8815f1b3ef0e55a2","url":"https://fh-8815f1b3ef0e55a2---ssrmitalentoia-awexrf4v2q-uc.a.run.app"},{"revisionName":"ssrmitalentoia-00114-yar","tag":"fh-29b24162b4fe2532","url":"https://fh-29b24162b4fe2532---ssrmitalentoia-awexrf4v2q-uc.a.run.app"},{"revisionName":"ssrmitalentoia-00116-mub","tag":"fh-deea984e8c8c4945","url":"https://fh-deea984e8c8c4945---ssrmitalentoia-awexrf4v2q-uc.a.run.app"},{"revisionName":"ssrmitalentoia-00118-geq","tag":"fh-69c91010846af0f4","url":"https://fh-69c91010846af0f4---ssrmitalentoia-awexrf4v2q-uc.a.run.app"},{"revisionName":"ssrmitalentoia-00121-lis","tag":"fh-546460af269d1187","url":"https://fh-546460af269d1187---ssrmitalentoia-awexrf4v2q-uc.a.run.app"},{"revisionName":"ssrmitalentoia-00123-nuk","tag":"fh-a4fccd9dd3f4cff9","url":"https://fh-a4fccd9dd3f4cff9---ssrmitalentoia-awexrf4v2q-uc.a.run.app"},{"revisionName":"ssrmitalentoia-00125-yah","tag":"fh-18337a5014e0c6a5","url":"https://fh-18337a5014e0c6a5---ssrmitalentoia-awexrf4v2q-uc.a.run.app"},{"revisionName":"ssrmitalentoia-00127-sim","percent":100,"tag":"fh-1ea379f9d622feb4","latestRevision":true,"url":"https://fh-1ea379f9d622feb4---ssrmitalentoia-awexrf4v2q-uc.a.run.app"}],"url":"https://ssrmitalentoia-awexrf4v2q-uc.a.run.app","address":{"url":"https://ssrmitalentoia-awexrf4v2q-uc.a.run.app"}}}
[2026-03-13T23:06:27.264Z] Waiting for service ssrmitalentoia to be ready. Status is [{"type":"Ready","status":"Unknown","reason":"AssigningTraffic","message":"Assigning traffic to latest specified targets.","lastTransitionTime":"2026-03-13T23:06:27.011086Z"},{"type":"BaseImageValidated","status":"True","severity":"Info"},{"type":"ConfigurationsReady","status":"True","lastTransitionTime":"2026-03-13T23:05:51.826732Z"},{"type":"RoutesReady","status":"Unknown","reason":"AssigningTraffic","message":"Assigning traffic to latest specified targets.","lastTransitionTime":"2026-03-13T23:06:27.011086Z"}]
[2026-03-13T23:06:27.275Z] Checked if tokens are valid: true, expires at: 1773446187973
[2026-03-13T23:06:27.275Z] Checked if tokens are valid: true, expires at: 1773446187973
[2026-03-13T23:06:27.275Z] >>> [apiv2][query] GET https://run.googleapis.com/v1/projects/836679235433/locations/us-central1/services/ssrmitalentoia [none]
[2026-03-13T23:06:28.114Z] <<< [apiv2][status] GET https://run.googleapis.com/v1/projects/836679235433/locations/us-central1/services/ssrmitalentoia 200
[2026-03-13T23:06:28.115Z] <<< [apiv2][body] GET https://run.googleapis.com/v1/projects/836679235433/locations/us-central1/services/ssrmitalentoia {"apiVersion":"serving.knative.dev/v1","kind":"Service","metadata":{"name":"ssrmitalentoia","namespace":"836679235433","selfLink":"/apis/serving.knative.dev/v1/namespaces/836679235433/services/ssrmitalentoia","uid":"c5ff5ed0-88f1-4ea4-ae31-cbcf0302e60c","resourceVersion":"AAZM7+sxXQM","generation":128,"labels":{"goog-managed-by":"cloudfunctions","goog-cloudfunctions-runtime":"nodejs22","cloud.googleapis.com/location":"us-central1","goog-drz-cloudfunctions-location":"us-central1","firebase-functions-hash":"0f53685feb3474a313e94f3c7b39967d5e9218a4","goog-drz-cloudfunctions-id":"ssrmitalentoia","firebase-functions-codebase":"firebase-frameworks-mitalento-ia"},"annotations":{"serving.knative.dev/creator":"service-836679235433@gcf-admin-robot.iam.gserviceaccount.com","serving.knative.dev/lastModifier":"ccastro.fuxion@gmail.com","cloudfunctions.googleapis.com/function-id":"ssrmitalentoia","run.googleapis.com/client-name":"gcloud","run.googleapis.com/client-version":"557.0.0","run.googleapis.com/custom-audiences":"[\"https://us-central1-mitalento-ia.cloudfunctions.net/ssrmitalentoia\"]","run.googleapis.com/build-source-location":"gs://gcf-v2-sources-836679235433-us-central1/ssrmitalentoia/function-source.zip#1773442923599855","run.googleapis.com/build-environment-variables":"{\"GOOGLE_NODE_RUN_SCRIPTS\":\"\"}","run.googleapis.com/build-function-target":"ssrmitalentoia","run.googleapis.com/build-service-account":"projects/mitalento-ia/serviceAccounts/836679235433-compute@developer.gserviceaccount.com","run.googleapis.com/build-enable-automatic-updates":"true","run.googleapis.com/build-base-image":"us-central1-docker.pkg.dev/serverless-runtimes/google-22-full/runtimes/nodejs22","run.googleapis.com/build-image-uri":"us-central1-docker.pkg.dev/mitalento-ia/gcf-artifacts/mitalento--ia__us--central1__ssrmitalentoia:version_1","run.googleapis.com/build-name":"projects/836679235433/locations/us-central1/builds/0ada40f8-f728-469e-b824-14ed1ef473b1","run.googleapis.com/operation-id":"931e6100-0a39-4a5c-a28b-dd2a21207daa","run.googleapis.com/ingress":"all","run.googleapis.com/ingress-status":"all","run.googleapis.com/maxScale":"20","run.googleapis.com/urls":"[\"https://ssrmitalentoia-836679235433.us-central1.run.app\",\"https://us-central1-mitalento-ia.cloudfunctions.net/ssrmitalentoia\",\"https://ssrmitalentoia-awexrf4v2q-uc.a.run.app\"]"},"creationTimestamp":"2026-03-02T20:33:43.761415Z"},"spec":{"template":{"metadata":{"name":"ssrmitalentoia-00127-sim","labels":{"goog-drz-cloudfunctions-location":"us-central1","firebase-functions-hash":"0f53685feb3474a313e94f3c7b39967d5e9218a4","goog-drz-cloudfunctions-id":"ssrmitalentoia","firebase-functions-codebase":"firebase-frameworks-mitalento-ia","run.googleapis.com/startupProbeType":"Default"},"annotations":{"cloudfunctions.googleapis.com/trigger-type":"HTTP_TRIGGER","run.googleapis.com/client-name":"gcloud","run.googleapis.com/client-version":"557.0.0","autoscaling.knative.dev/maxScale":"20","run.googleapis.com/base-images":"{\"worker\":\"us-central1-docker.pkg.dev/serverless-runtimes/google-22-full/runtimes/nodejs22\"}","run.googleapis.com/startup-cpu-boost":"true"}},"spec":{"containerConcurrency":80,"timeoutSeconds":60,"serviceAccountName":"836679235433-compute@developer.gserviceaccount.com","containers":[{"name":"worker","image":"us-central1-docker.pkg.dev/mitalento-ia/gcf-artifacts/mitalento--ia__us--central1__ssrmitalentoia:version_1","env":[{"name":"NEXT_PUBLIC_FIREBASE_API_KEY","value":"AIzaSyC3tQNcQKcx2Yx_KcXlM78tteHuk7B0kAM"},{"name":"NEXT_PUBLIC_FIREBASE_AUTH_DOMAIN","value":"mitalento-ia.web.app"},{"name":"NEXT_PUBLIC_FIREBASE_PROJECT_ID","value":"mitalento-ia"},{"name":"NEXT_PUBLIC_FIREBASE_STORAGE_BUCKET","value":"mitalento-ia.firebasestorage.app"},{"name":"NEXT_PUBLIC_FIREBASE_MESSAGING_SENDER_ID","value":"836679235433"},{"name":"NEXT_PUBLIC_FIREBASE_APP_ID","value":"1:836679235433:web:c96b5cf37ca43b4a6beff8"},{"name":"NEXT_PUBLIC_FIREBASE_MEASUREMENT_ID","value":"G-TVKZ25XF6P"},{"name":"GEMINI_API_KEY","value":"AIzaSyAs66KRjVfJ12ciHnSmBS6Y8Xrarq26He8"},{"name":"ADMIN_CLIENT_EMAIL","value":"firebase-adminsdk-fbsvc@mitalento-ia.iam.gserviceaccount.com"},{"name":"ADMIN_PRIVATE_KEY","value":"-----BEGIN PRIVATE KEY-----\nMIIEvAIBADANBgkqhkiG9w0BAQEFAASCBKYwggSiAgEAAoIBAQCseVmNK9kRIG9P\naVQn+36c2H8ApV8K56ppo2QHOTIcpDOqM2igzT9Kg305t955MkWvJUJdIziEP0ur\nZNj9TVa3goW4CyQUZ4B1DFWOj8e+cPk97EINBvHNkaHOGANlaVqxa7JJPZkhaQN5\nFoiLoVvPGlIipqO8WeaenJKBKqxGjuJyDFCW67DGWvgoqUT5h+6QJTupz/AekGBA\nf65vhNCauWjts1hKGeVbduCWN39hX+JTQnrW8hiFaCHMJFKxQR+y8pwDUJSq+/+R\nmQCC0o9niOc3RMh2Bxuq1favfAvri75Hh9HjtHGk4h5pCgIqFdk2T2JkHQZOD8+d\nqVmCGzmTAgMBAAECggEACo2aRyMJsxyS8v704UVoJ9yvWLDFsfse2DvhIPgE8u+x\nIZbnrf8hAkQtY1y2xh+nV+Ilv2EqUh01WhVfmZAj4DKiT/KOkJkMqRzKF2EAzcxH\n09wi5n0oSnXAusWJX6kknXqDfCvCtOKiDcStMi37Wh64K9qaZinyDH50EGc2B1MZ\nCb8mNW6CUb/2JUqL1o08+GpCPMwvdK0+12mLTkCLJAauWqzRnt3VAHOxZeosff+q\nvTkIkjmrCdyDO5cFQDRb+dEaeSWxEfIy4OQV0mSty1IQHEJui2fsxtJzO0P8WG1w\nV2xIXAass7MKv9qVwJa1LWdfArJjVvhgSXHTPT9DgQKBgQDi243ati30Z88jprBp\nycE/p3QMGlnUzKaP8/0iIVPq48odjxW8fLDdzERvFIB0NE9f8coefd3Z9yObx8p+\nT5eUqSxOj4HD6BkMGE0eTVQ6bBP3XfMhq/nRrCzws+5S6NEdesRYWbssipcIqHRX\nMnhnv9sjGK/7SiGehxGLlJEoYQKBgQDCoVW7rqT7TKcpFIFnDf/qLMuS9NAbAnN7\n/NABJXhv9N8N/wkY0my9nTKUpNrEr2qa1rIV6l1TJHLt8U9vDWr3z5xnnGZb1CuM\nfleVspa0/407iwQZEu18ICl3gk6LqFhDyxBaPMnal9HjIizd9vJ+WfI94sQedrvO\nJab0a0XWcwKBgBUlfCKgCsaWiqN7HUSvLtldJZ8fMbJ5ZSlUCAuPacAifauls9P/\nF4mFSffExHiQi7mY00tmVjDELciOphyCFNIhtuSX0fPOBc+v0Dh74tcTTgUn98ry\nufXGg+XoD9Ygp6WE1RqbOqxbOtruwPGD3d9l7epmmbjl3x5k3sjRD3rhAoGANNpl\nEruBd/C/8CruXRLzLR+PBNBQdxU6UTA9OCJ5y0VfEUjxqnjyKKe4pZ8C/ah5NaUZ\n5VOoljxurWj7XjfxlWwemBBjx4odbWCd3jwKKwq+yq2cpkZ6kVuWhyqus8Q6e+Z4\nAVlCo4bY62pLbtdx0JgSbXXYNkGeDIQzC2raIzsCgYBG+Bqx6Ixu42csZvtaboSE\ndM0YVGcvpomeJlRtqI/XB9Aw7XKCI+mZa3KY3yenDrW3H/TFKCwqAwIjlwEmC31/\nodrgZE5UAaW8oAP6LAEFdPGl6htLlmoRQsoLGzgffeM6eF2B+714ZX9hHc6HiROi\nq3vBLwrOZr59XEdujngGkg==\n-----END PRIVATE KEY-----\n"},{"name":"VERCEL_URL","value":"mitalento-ia.web.app"},{"name":"__FIREBASE_FRAMEWORKS_ENTRY__","value":"next.js"},{"name":"__FIREBASE_DEFAULTS__","value":"{\"config\":{\"projectId\":\"mitalento-ia\",\"appId\":\"1:836679235433:web:c96b5cf37ca43b4a6beff8\",\"storageBucket\":\"mitalento-ia.firebasestorage.app\",\"apiKey\":\"AIzaSyC3tQNcQKcx2Yx_KcXlM78tteHuk7B0kAM\",\"authDomain\":\"mitalento-ia.firebaseapp.com\",\"messagingSenderId\":\"836679235433\",\"measurementId\":\"G-TVKZ25XF6P\",\"projectNumber\":\"836679235433\",\"version\":\"2\"},\"_authTokenSyncURL\":\"/__session\"}"},{"name":"FIREBASE_CONFIG","value":"{\"projectId\":\"mitalento-ia\",\"storageBucket\":\"mitalento-ia.firebasestorage.app\"}"},{"name":"GCLOUD_PROJECT","value":"mitalento-ia"},{"name":"EVENTARC_CLOUD_EVENT_SOURCE","value":"projects/mitalento-ia/locations/us-central1/services/ssrmitalentoia"},{"name":"FUNCTION_TARGET","value":"ssrmitalentoia"},{"name":"LOG_EXECUTION_ID","value":"true"}],"resources":{"limits":{"cpu":"1","memory":"256Mi"}},"ports":[{"name":"http1","containerPort":8080}],"startupProbe":{"timeoutSeconds":240,"periodSeconds":240,"failureThreshold":1,"tcpSocket":{"port":8080}}}],"runtimeClassName":"run.googleapis.com/linux-base-image-update"}},"traffic":[{"revisionName":"ssrmitalentoia-00001-bux","tag":"fh-5c468502f828a35e"},{"revisionName":"ssrmitalentoia-00004-dad","tag":"fh-60bfd6f386154f7b"},{"revisionName":"ssrmitalentoia-00006-giw","tag":"fh-6ee3ff26672c8bc2"},{"revisionName":"ssrmitalentoia-00008-zis","tag":"fh-621838c0f05d5c77"},{"revisionName":"ssrmitalentoia-00010-vex","tag":"fh-9dedc07e7b7a8508"},{"revisionName":"ssrmitalentoia-00012-rip","tag":"fh-e8f3700b9522a6db"},{"revisionName":"ssrmitalentoia-00014-zer","tag":"fh-927a3af78c02d295"},{"revisionName":"ssrmitalentoia-00016-haj","tag":"fh-24cb62799b84ad64"},{"revisionName":"ssrmitalentoia-00018-soh","tag":"fh-44d55e365f21099c"},{"revisionName":"ssrmitalentoia-00020-nuf","tag":"fh-8efa5f3a8d23620e"},{"revisionName":"ssrmitalentoia-00022-noj","tag":"fh-92301fc7de88a5c6"},{"revisionName":"ssrmitalentoia-00024-xos","tag":"fh-29bce5c6fee1a50a"},{"revisionName":"ssrmitalentoia-00026-quj","tag":"fh-3c008776a707dced"},{"revisionName":"ssrmitalentoia-00028-lov","tag":"fh-5bc35cf304cb68f0"},{"revisionName":"ssrmitalentoia-00030-mex","tag":"fh-a763da7db935c0d8"},{"revisionName":"ssrmitalentoia-00033-keq","tag":"fh-8591746bc6a79e64"},{"revisionName":"ssrmitalentoia-00035-guv","tag":"fh-4edfe18c85550692"},{"revisionName":"ssrmitalentoia-00037-ses","tag":"fh-8b526cbe9998aef3"},{"revisionName":"ssrmitalentoia-00039-yol","tag":"fh-c512e607bb0c5824"},{"revisionName":"ssrmitalentoia-00041-cey","tag":"fh-be9c015dc1af7a65"},{"revisionName":"ssrmitalentoia-00043-gex","tag":"fh-7898f9fc308b0c5c"},{"revisionName":"ssrmitalentoia-00045-pig","tag":"fh-9650a67677180eb5"},{"revisionName":"ssrmitalentoia-00047-qog","tag":"fh-486ccf2b19e0dad5"},{"revisionName":"ssrmitalentoia-00049-saf","tag":"fh-01b2f99a9200522d"},{"revisionName":"ssrmitalentoia-00051-jiq","tag":"fh-7ada29a045d712d6"},{"revisionName":"ssrmitalentoia-00053-yag","tag":"fh-856c33ba9dc8ecc6"},{"revisionName":"ssrmitalentoia-00055-fuv","tag":"fh-f739c2c209abdcbc"},{"revisionName":"ssrmitalentoia-00057-tox","tag":"fh-017881a299d8b432"},{"revisionName":"ssrmitalentoia-00059-zix","tag":"fh-bd9b78c416017cb3"},{"revisionName":"ssrmitalentoia-00061-jem","tag":"fh-3812ee0aaa99d3b2"},{"revisionName":"ssrmitalentoia-00063-yes","tag":"fh-48958a429d276302"},{"revisionName":"ssrmitalentoia-00066-xak","tag":"fh-2ee790bc786624e1"},{"revisionName":"ssrmitalentoia-00068-tod","tag":"fh-a3f91350fce49481"},{"revisionName":"ssrmitalentoia-00070-liy","tag":"fh-775de2ae462e69e8"},{"revisionName":"ssrmitalentoia-00072-ruw","tag":"fh-b3845c8639844011"},{"revisionName":"ssrmitalentoia-00074-kob","tag":"fh-919df9e160fe916f"},{"revisionName":"ssrmitalentoia-00076-faf","tag":"fh-cda36970ce7d2f57"},{"revisionName":"ssrmitalentoia-00078-riz","tag":"fh-2e6624ce790292b6"},{"revisionName":"ssrmitalentoia-00080-zet","tag":"fh-1843c14cd567f780"},{"revisionName":"ssrmitalentoia-00082-del","tag":"fh-380a8f3e737de2a5"},{"revisionName":"ssrmitalentoia-00084-yez","tag":"fh-858703da22aaf7b6"},{"revisionName":"ssrmitalentoia-00086-jug","tag":"fh-7fbbf8be9db02de9"},{"revisionName":"ssrmitalentoia-00088-pac","tag":"fh-b95a35609190327b"},{"revisionName":"ssrmitalentoia-00090-naz","tag":"fh-614cb37206c3bfb9"},{"revisionName":"ssrmitalentoia-00092-maw","tag":"fh-93e5ab963c671835"},{"revisionName":"ssrmitalentoia-00094-luf","tag":"fh-337c9273b00672d0"},{"revisionName":"ssrmitalentoia-00096-jum","tag":"fh-b2cb08867b5b076a"},{"revisionName":"ssrmitalentoia-00098-laz","tag":"fh-37c49cc5215a91a3"},{"revisionName":"ssrmitalentoia-00100-peg","tag":"fh-7e0a45a3b0ac3260"},{"revisionName":"ssrmitalentoia-00102-top","tag":"fh-7b13992ae4844291"},{"revisionName":"ssrmitalentoia-00104-mil","tag":"fh-660234533f6eb832"},{"revisionName":"ssrmitalentoia-00106-jok","tag":"fh-203981feffa2d3bf"},{"revisionName":"ssrmitalentoia-00108-rig","tag":"fh-5dbbb32580be9f64"},{"revisionName":"ssrmitalentoia-00110-rex","tag":"fh-0d1f2311e5923690"},{"revisionName":"ssrmitalentoia-00112-fij","tag":"fh-8815f1b3ef0e55a2"},{"revisionName":"ssrmitalentoia-00114-yar","tag":"fh-29b24162b4fe2532"},{"revisionName":"ssrmitalentoia-00116-mub","tag":"fh-deea984e8c8c4945"},{"revisionName":"ssrmitalentoia-00118-geq","tag":"fh-69c91010846af0f4"},{"revisionName":"ssrmitalentoia-00121-lis","tag":"fh-546460af269d1187"},{"revisionName":"ssrmitalentoia-00123-nuk","tag":"fh-a4fccd9dd3f4cff9"},{"revisionName":"ssrmitalentoia-00125-yah","tag":"fh-18337a5014e0c6a5"},{"percent":100,"latestRevision":true},{"revisionName":"ssrmitalentoia-00127-sim","tag":"fh-1ea379f9d622feb4"}]},"status":{"observedGeneration":128,"conditions":[{"type":"Ready","status":"Unknown","reason":"AssigningTraffic","message":"Assigning traffic to latest specified targets.","lastTransitionTime":"2026-03-13T23:06:27.011086Z"},{"type":"BaseImageValidated","status":"True","severity":"Info"},{"type":"ConfigurationsReady","status":"True","lastTransitionTime":"2026-03-13T23:05:51.826732Z"},{"type":"RoutesReady","status":"Unknown","reason":"AssigningTraffic","message":"Assigning traffic to latest specified targets.","lastTransitionTime":"2026-03-13T23:06:27.011086Z"}],"latestReadyRevisionName":"ssrmitalentoia-00127-sim","latestCreatedRevisionName":"ssrmitalentoia-00127-sim","traffic":[{"revisionName":"ssrmitalentoia-00001-bux","tag":"fh-5c468502f828a35e","url":"https://fh-5c468502f828a35e---ssrmitalentoia-awexrf4v2q-uc.a.run.app"},{"revisionName":"ssrmitalentoia-00004-dad","tag":"fh-60bfd6f386154f7b","url":"https://fh-60bfd6f386154f7b---ssrmitalentoia-awexrf4v2q-uc.a.run.app"},{"revisionName":"ssrmitalentoia-00006-giw","tag":"fh-6ee3ff26672c8bc2","url":"https://fh-6ee3ff26672c8bc2---ssrmitalentoia-awexrf4v2q-uc.a.run.app"},{"revisionName":"ssrmitalentoia-00008-zis","tag":"fh-621838c0f05d5c77","url":"https://fh-621838c0f05d5c77---ssrmitalentoia-awexrf4v2q-uc.a.run.app"},{"revisionName":"ssrmitalentoia-00010-vex","tag":"fh-9dedc07e7b7a8508","url":"https://fh-9dedc07e7b7a8508---ssrmitalentoia-awexrf4v2q-uc.a.run.app"},{"revisionName":"ssrmitalentoia-00012-rip","tag":"fh-e8f3700b9522a6db","url":"https://fh-e8f3700b9522a6db---ssrmitalentoia-awexrf4v2q-uc.a.run.app"},{"revisionName":"ssrmitalentoia-00014-zer","tag":"fh-927a3af78c02d295","url":"https://fh-927a3af78c02d295---ssrmitalentoia-awexrf4v2q-uc.a.run.app"},{"revisionName":"ssrmitalentoia-00016-haj","tag":"fh-24cb62799b84ad64","url":"https://fh-24cb62799b84ad64---ssrmitalentoia-awexrf4v2q-uc.a.run.app"},{"revisionName":"ssrmitalentoia-00018-soh","tag":"fh-44d55e365f21099c","url":"https://fh-44d55e365f21099c---ssrmitalentoia-awexrf4v2q-uc.a.run.app"},{"revisionName":"ssrmitalentoia-00020-nuf","tag":"fh-8efa5f3a8d23620e","url":"https://fh-8efa5f3a8d23620e---ssrmitalentoia-awexrf4v2q-uc.a.run.app"},{"revisionName":"ssrmitalentoia-00022-noj","tag":"fh-92301fc7de88a5c6","url":"https://fh-92301fc7de88a5c6---ssrmitalentoia-awexrf4v2q-uc.a.run.app"},{"revisionName":"ssrmitalentoia-00024-xos","tag":"fh-29bce5c6fee1a50a","url":"https://fh-29bce5c6fee1a50a---ssrmitalentoia-awexrf4v2q-uc.a.run.app"},{"revisionName":"ssrmitalentoia-00026-quj","tag":"fh-3c008776a707dced","url":"https://fh-3c008776a707dced---ssrmitalentoia-awexrf4v2q-uc.a.run.app"},{"revisionName":"ssrmitalentoia-00028-lov","tag":"fh-5bc35cf304cb68f0","url":"https://fh-5bc35cf304cb68f0---ssrmitalentoia-awexrf4v2q-uc.a.run.app"},{"revisionName":"ssrmitalentoia-00030-mex","tag":"fh-a763da7db935c0d8","url":"https://fh-a763da7db935c0d8---ssrmitalentoia-awexrf4v2q-uc.a.run.app"},{"revisionName":"ssrmitalentoia-00033-keq","tag":"fh-8591746bc6a79e64","url":"https://fh-8591746bc6a79e64---ssrmitalentoia-awexrf4v2q-uc.a.run.app"},{"revisionName":"ssrmitalentoia-00035-guv","tag":"fh-4edfe18c85550692","url":"https://fh-4edfe18c85550692---ssrmitalentoia-awexrf4v2q-uc.a.run.app"},{"revisionName":"ssrmitalentoia-00037-ses","tag":"fh-8b526cbe9998aef3","url":"https://fh-8b526cbe9998aef3---ssrmitalentoia-awexrf4v2q-uc.a.run.app"},{"revisionName":"ssrmitalentoia-00039-yol","tag":"fh-c512e607bb0c5824","url":"https://fh-c512e607bb0c5824---ssrmitalentoia-awexrf4v2q-uc.a.run.app"},{"revisionName":"ssrmitalentoia-00041-cey","tag":"fh-be9c015dc1af7a65","url":"https://fh-be9c015dc1af7a65---ssrmitalentoia-awexrf4v2q-uc.a.run.app"},{"revisionName":"ssrmitalentoia-00043-gex","tag":"fh-7898f9fc308b0c5c","url":"https://fh-7898f9fc308b0c5c---ssrmitalentoia-awexrf4v2q-uc.a.run.app"},{"revisionName":"ssrmitalentoia-00045-pig","tag":"fh-9650a67677180eb5","url":"https://fh-9650a67677180eb5---ssrmitalentoia-awexrf4v2q-uc.a.run.app"},{"revisionName":"ssrmitalentoia-00047-qog","tag":"fh-486ccf2b19e0dad5","url":"https://fh-486ccf2b19e0dad5---ssrmitalentoia-awexrf4v2q-uc.a.run.app"},{"revisionName":"ssrmitalentoia-00049-saf","tag":"fh-01b2f99a9200522d","url":"https://fh-01b2f99a9200522d---ssrmitalentoia-awexrf4v2q-uc.a.run.app"},{"revisionName":"ssrmitalentoia-00051-jiq","tag":"fh-7ada29a045d712d6","url":"https://fh-7ada29a045d712d6---ssrmitalentoia-awexrf4v2q-uc.a.run.app"},{"revisionName":"ssrmitalentoia-00053-yag","tag":"fh-856c33ba9dc8ecc6","url":"https://fh-856c33ba9dc8ecc6---ssrmitalentoia-awexrf4v2q-uc.a.run.app"},{"revisionName":"ssrmitalentoia-00055-fuv","tag":"fh-f739c2c209abdcbc","url":"https://fh-f739c2c209abdcbc---ssrmitalentoia-awexrf4v2q-uc.a.run.app"},{"revisionName":"ssrmitalentoia-00057-tox","tag":"fh-017881a299d8b432","url":"https://fh-017881a299d8b432---ssrmitalentoia-awexrf4v2q-uc.a.run.app"},{"revisionName":"ssrmitalentoia-00059-zix","tag":"fh-bd9b78c416017cb3","url":"https://fh-bd9b78c416017cb3---ssrmitalentoia-awexrf4v2q-uc.a.run.app"},{"revisionName":"ssrmitalentoia-00061-jem","tag":"fh-3812ee0aaa99d3b2","url":"https://fh-3812ee0aaa99d3b2---ssrmitalentoia-awexrf4v2q-uc.a.run.app"},{"revisionName":"ssrmitalentoia-00063-yes","tag":"fh-48958a429d276302","url":"https://fh-48958a429d276302---ssrmitalentoia-awexrf4v2q-uc.a.run.app"},{"revisionName":"ssrmitalentoia-00066-xak","tag":"fh-2ee790bc786624e1","url":"https://fh-2ee790bc786624e1---ssrmitalentoia-awexrf4v2q-uc.a.run.app"},{"revisionName":"ssrmitalentoia-00068-tod","tag":"fh-a3f91350fce49481","url":"https://fh-a3f91350fce49481---ssrmitalentoia-awexrf4v2q-uc.a.run.app"},{"revisionName":"ssrmitalentoia-00070-liy","tag":"fh-775de2ae462e69e8","url":"https://fh-775de2ae462e69e8---ssrmitalentoia-awexrf4v2q-uc.a.run.app"},{"revisionName":"ssrmitalentoia-00072-ruw","tag":"fh-b3845c8639844011","url":"https://fh-b3845c8639844011---ssrmitalentoia-awexrf4v2q-uc.a.run.app"},{"revisionName":"ssrmitalentoia-00074-kob","tag":"fh-919df9e160fe916f","url":"https://fh-919df9e160fe916f---ssrmitalentoia-awexrf4v2q-uc.a.run.app"},{"revisionName":"ssrmitalentoia-00076-faf","tag":"fh-cda36970ce7d2f57","url":"https://fh-cda36970ce7d2f57---ssrmitalentoia-awexrf4v2q-uc.a.run.app"},{"revisionName":"ssrmitalentoia-00078-riz","tag":"fh-2e6624ce790292b6","url":"https://fh-2e6624ce790292b6---ssrmitalentoia-awexrf4v2q-uc.a.run.app"},{"revisionName":"ssrmitalentoia-00080-zet","tag":"fh-1843c14cd567f780","url":"https://fh-1843c14cd567f780---ssrmitalentoia-awexrf4v2q-uc.a.run.app"},{"revisionName":"ssrmitalentoia-00082-del","tag":"fh-380a8f3e737de2a5","url":"https://fh-380a8f3e737de2a5---ssrmitalentoia-awexrf4v2q-uc.a.run.app"},{"revisionName":"ssrmitalentoia-00084-yez","tag":"fh-858703da22aaf7b6","url":"https://fh-858703da22aaf7b6---ssrmitalentoia-awexrf4v2q-uc.a.run.app"},{"revisionName":"ssrmitalentoia-00086-jug","tag":"fh-7fbbf8be9db02de9","url":"https://fh-7fbbf8be9db02de9---ssrmitalentoia-awexrf4v2q-uc.a.run.app"},{"revisionName":"ssrmitalentoia-00088-pac","tag":"fh-b95a35609190327b","url":"https://fh-b95a35609190327b---ssrmitalentoia-awexrf4v2q-uc.a.run.app"},{"revisionName":"ssrmitalentoia-00090-naz","tag":"fh-614cb37206c3bfb9","url":"https://fh-614cb37206c3bfb9---ssrmitalentoia-awexrf4v2q-uc.a.run.app"},{"revisionName":"ssrmitalentoia-00092-maw","tag":"fh-93e5ab963c671835","url":"https://fh-93e5ab963c671835---ssrmitalentoia-awexrf4v2q-uc.a.run.app"},{"revisionName":"ssrmitalentoia-00094-luf","tag":"fh-337c9273b00672d0","url":"https://fh-337c9273b00672d0---ssrmitalentoia-awexrf4v2q-uc.a.run.app"},{"revisionName":"ssrmitalentoia-00096-jum","tag":"fh-b2cb08867b5b076a","url":"https://fh-b2cb08867b5b076a---ssrmitalentoia-awexrf4v2q-uc.a.run.app"},{"revisionName":"ssrmitalentoia-00098-laz","tag":"fh-37c49cc5215a91a3","url":"https://fh-37c49cc5215a91a3---ssrmitalentoia-awexrf4v2q-uc.a.run.app"},{"revisionName":"ssrmitalentoia-00100-peg","tag":"fh-7e0a45a3b0ac3260","url":"https://fh-7e0a45a3b0ac3260---ssrmitalentoia-awexrf4v2q-uc.a.run.app"},{"revisionName":"ssrmitalentoia-00102-top","tag":"fh-7b13992ae4844291","url":"https://fh-7b13992ae4844291---ssrmitalentoia-awexrf4v2q-uc.a.run.app"},{"revisionName":"ssrmitalentoia-00104-mil","tag":"fh-660234533f6eb832","url":"https://fh-660234533f6eb832---ssrmitalentoia-awexrf4v2q-uc.a.run.app"},{"revisionName":"ssrmitalentoia-00106-jok","tag":"fh-203981feffa2d3bf","url":"https://fh-203981feffa2d3bf---ssrmitalentoia-awexrf4v2q-uc.a.run.app"},{"revisionName":"ssrmitalentoia-00108-rig","tag":"fh-5dbbb32580be9f64","url":"https://fh-5dbbb32580be9f64---ssrmitalentoia-awexrf4v2q-uc.a.run.app"},{"revisionName":"ssrmitalentoia-00110-rex","tag":"fh-0d1f2311e5923690","url":"https://fh-0d1f2311e5923690---ssrmitalentoia-awexrf4v2q-uc.a.run.app"},{"revisionName":"ssrmitalentoia-00112-fij","tag":"fh-8815f1b3ef0e55a2","url":"https://fh-8815f1b3ef0e55a2---ssrmitalentoia-awexrf4v2q-uc.a.run.app"},{"revisionName":"ssrmitalentoia-00114-yar","tag":"fh-29b24162b4fe2532","url":"https://fh-29b24162b4fe2532---ssrmitalentoia-awexrf4v2q-uc.a.run.app"},{"revisionName":"ssrmitalentoia-00116-mub","tag":"fh-deea984e8c8c4945","url":"https://fh-deea984e8c8c4945---ssrmitalentoia-awexrf4v2q-uc.a.run.app"},{"revisionName":"ssrmitalentoia-00118-geq","tag":"fh-69c91010846af0f4","url":"https://fh-69c91010846af0f4---ssrmitalentoia-awexrf4v2q-uc.a.run.app"},{"revisionName":"ssrmitalentoia-00121-lis","tag":"fh-546460af269d1187","url":"https://fh-546460af269d1187---ssrmitalentoia-awexrf4v2q-uc.a.run.app"},{"revisionName":"ssrmitalentoia-00123-nuk","tag":"fh-a4fccd9dd3f4cff9","url":"https://fh-a4fccd9dd3f4cff9---ssrmitalentoia-awexrf4v2q-uc.a.run.app"},{"revisionName":"ssrmitalentoia-00125-yah","tag":"fh-18337a5014e0c6a5","url":"https://fh-18337a5014e0c6a5---ssrmitalentoia-awexrf4v2q-uc.a.run.app"},{"revisionName":"ssrmitalentoia-00127-sim","percent":100,"tag":"fh-1ea379f9d622feb4","latestRevision":true,"url":"https://fh-1ea379f9d622feb4---ssrmitalentoia-awexrf4v2q-uc.a.run.app"}],"url":"https://ssrmitalentoia-awexrf4v2q-uc.a.run.app","address":{"url":"https://ssrmitalentoia-awexrf4v2q-uc.a.run.app"}}}
[2026-03-13T23:06:28.115Z] Waiting for service ssrmitalentoia to be ready. Status is [{"type":"Ready","status":"Unknown","reason":"AssigningTraffic","message":"Assigning traffic to latest specified targets.","lastTransitionTime":"2026-03-13T23:06:27.011086Z"},{"type":"BaseImageValidated","status":"True","severity":"Info"},{"type":"ConfigurationsReady","status":"True","lastTransitionTime":"2026-03-13T23:05:51.826732Z"},{"type":"RoutesReady","status":"Unknown","reason":"AssigningTraffic","message":"Assigning traffic to latest specified targets.","lastTransitionTime":"2026-03-13T23:06:27.011086Z"}]
[2026-03-13T23:06:28.135Z] Checked if tokens are valid: true, expires at: 1773446187973
[2026-03-13T23:06:28.135Z] Checked if tokens are valid: true, expires at: 1773446187973
[2026-03-13T23:06:28.135Z] >>> [apiv2][query] GET https://run.googleapis.com/v1/projects/836679235433/locations/us-central1/services/ssrmitalentoia [none]
[2026-03-13T23:06:28.648Z] <<< [apiv2][status] GET https://run.googleapis.com/v1/projects/836679235433/locations/us-central1/services/ssrmitalentoia 200
[2026-03-13T23:06:28.649Z] <<< [apiv2][body] GET https://run.googleapis.com/v1/projects/836679235433/locations/us-central1/services/ssrmitalentoia {"apiVersion":"serving.knative.dev/v1","kind":"Service","metadata":{"name":"ssrmitalentoia","namespace":"836679235433","selfLink":"/apis/serving.knative.dev/v1/namespaces/836679235433/services/ssrmitalentoia","uid":"c5ff5ed0-88f1-4ea4-ae31-cbcf0302e60c","resourceVersion":"AAZM7+tDsM4","generation":128,"labels":{"goog-managed-by":"cloudfunctions","goog-cloudfunctions-runtime":"nodejs22","cloud.googleapis.com/location":"us-central1","goog-drz-cloudfunctions-location":"us-central1","firebase-functions-hash":"0f53685feb3474a313e94f3c7b39967d5e9218a4","goog-drz-cloudfunctions-id":"ssrmitalentoia","firebase-functions-codebase":"firebase-frameworks-mitalento-ia"},"annotations":{"serving.knative.dev/creator":"service-836679235433@gcf-admin-robot.iam.gserviceaccount.com","serving.knative.dev/lastModifier":"ccastro.fuxion@gmail.com","cloudfunctions.googleapis.com/function-id":"ssrmitalentoia","run.googleapis.com/client-name":"gcloud","run.googleapis.com/client-version":"557.0.0","run.googleapis.com/custom-audiences":"[\"https://us-central1-mitalento-ia.cloudfunctions.net/ssrmitalentoia\"]","run.googleapis.com/build-source-location":"gs://gcf-v2-sources-836679235433-us-central1/ssrmitalentoia/function-source.zip#1773442923599855","run.googleapis.com/build-environment-variables":"{\"GOOGLE_NODE_RUN_SCRIPTS\":\"\"}","run.googleapis.com/build-function-target":"ssrmitalentoia","run.googleapis.com/build-service-account":"projects/mitalento-ia/serviceAccounts/836679235433-compute@developer.gserviceaccount.com","run.googleapis.com/build-enable-automatic-updates":"true","run.googleapis.com/build-base-image":"us-central1-docker.pkg.dev/serverless-runtimes/google-22-full/runtimes/nodejs22","run.googleapis.com/build-image-uri":"us-central1-docker.pkg.dev/mitalento-ia/gcf-artifacts/mitalento--ia__us--central1__ssrmitalentoia:version_1","run.googleapis.com/build-name":"projects/836679235433/locations/us-central1/builds/0ada40f8-f728-469e-b824-14ed1ef473b1","run.googleapis.com/operation-id":"931e6100-0a39-4a5c-a28b-dd2a21207daa","run.googleapis.com/ingress":"all","run.googleapis.com/ingress-status":"all","run.googleapis.com/maxScale":"20","run.googleapis.com/urls":"[\"https://ssrmitalentoia-836679235433.us-central1.run.app\",\"https://us-central1-mitalento-ia.cloudfunctions.net/ssrmitalentoia\",\"https://ssrmitalentoia-awexrf4v2q-uc.a.run.app\"]"},"creationTimestamp":"2026-03-02T20:33:43.761415Z"},"spec":{"template":{"metadata":{"name":"ssrmitalentoia-00127-sim","labels":{"goog-drz-cloudfunctions-location":"us-central1","firebase-functions-hash":"0f53685feb3474a313e94f3c7b39967d5e9218a4","goog-drz-cloudfunctions-id":"ssrmitalentoia","firebase-functions-codebase":"firebase-frameworks-mitalento-ia","run.googleapis.com/startupProbeType":"Default"},"annotations":{"cloudfunctions.googleapis.com/trigger-type":"HTTP_TRIGGER","run.googleapis.com/client-name":"gcloud","run.googleapis.com/client-version":"557.0.0","autoscaling.knative.dev/maxScale":"20","run.googleapis.com/base-images":"{\"worker\":\"us-central1-docker.pkg.dev/serverless-runtimes/google-22-full/runtimes/nodejs22\"}","run.googleapis.com/startup-cpu-boost":"true"}},"spec":{"containerConcurrency":80,"timeoutSeconds":60,"serviceAccountName":"836679235433-compute@developer.gserviceaccount.com","containers":[{"name":"worker","image":"us-central1-docker.pkg.dev/mitalento-ia/gcf-artifacts/mitalento--ia__us--central1__ssrmitalentoia:version_1","env":[{"name":"NEXT_PUBLIC_FIREBASE_API_KEY","value":"AIzaSyC3tQNcQKcx2Yx_KcXlM78tteHuk7B0kAM"},{"name":"NEXT_PUBLIC_FIREBASE_AUTH_DOMAIN","value":"mitalento-ia.web.app"},{"name":"NEXT_PUBLIC_FIREBASE_PROJECT_ID","value":"mitalento-ia"},{"name":"NEXT_PUBLIC_FIREBASE_STORAGE_BUCKET","value":"mitalento-ia.firebasestorage.app"},{"name":"NEXT_PUBLIC_FIREBASE_MESSAGING_SENDER_ID","value":"836679235433"},{"name":"NEXT_PUBLIC_FIREBASE_APP_ID","value":"1:836679235433:web:c96b5cf37ca43b4a6beff8"},{"name":"NEXT_PUBLIC_FIREBASE_MEASUREMENT_ID","value":"G-TVKZ25XF6P"},{"name":"GEMINI_API_KEY","value":"AIzaSyAs66KRjVfJ12ciHnSmBS6Y8Xrarq26He8"},{"name":"ADMIN_CLIENT_EMAIL","value":"firebase-adminsdk-fbsvc@mitalento-ia.iam.gserviceaccount.com"},{"name":"ADMIN_PRIVATE_KEY","value":"-----BEGIN PRIVATE KEY-----\nMIIEvAIBADANBgkqhkiG9w0BAQEFAASCBKYwggSiAgEAAoIBAQCseVmNK9kRIG9P\naVQn+36c2H8ApV8K56ppo2QHOTIcpDOqM2igzT9Kg305t955MkWvJUJdIziEP0ur\nZNj9TVa3goW4CyQUZ4B1DFWOj8e+cPk97EINBvHNkaHOGANlaVqxa7JJPZkhaQN5\nFoiLoVvPGlIipqO8WeaenJKBKqxGjuJyDFCW67DGWvgoqUT5h+6QJTupz/AekGBA\nf65vhNCauWjts1hKGeVbduCWN39hX+JTQnrW8hiFaCHMJFKxQR+y8pwDUJSq+/+R\nmQCC0o9niOc3RMh2Bxuq1favfAvri75Hh9HjtHGk4h5pCgIqFdk2T2JkHQZOD8+d\nqVmCGzmTAgMBAAECggEACo2aRyMJsxyS8v704UVoJ9yvWLDFsfse2DvhIPgE8u+x\nIZbnrf8hAkQtY1y2xh+nV+Ilv2EqUh01WhVfmZAj4DKiT/KOkJkMqRzKF2EAzcxH\n09wi5n0oSnXAusWJX6kknXqDfCvCtOKiDcStMi37Wh64K9qaZinyDH50EGc2B1MZ\nCb8mNW6CUb/2JUqL1o08+GpCPMwvdK0+12mLTkCLJAauWqzRnt3VAHOxZeosff+q\nvTkIkjmrCdyDO5cFQDRb+dEaeSWxEfIy4OQV0mSty1IQHEJui2fsxtJzO0P8WG1w\nV2xIXAass7MKv9qVwJa1LWdfArJjVvhgSXHTPT9DgQKBgQDi243ati30Z88jprBp\nycE/p3QMGlnUzKaP8/0iIVPq48odjxW8fLDdzERvFIB0NE9f8coefd3Z9yObx8p+\nT5eUqSxOj4HD6BkMGE0eTVQ6bBP3XfMhq/nRrCzws+5S6NEdesRYWbssipcIqHRX\nMnhnv9sjGK/7SiGehxGLlJEoYQKBgQDCoVW7rqT7TKcpFIFnDf/qLMuS9NAbAnN7\n/NABJXhv9N8N/wkY0my9nTKUpNrEr2qa1rIV6l1TJHLt8U9vDWr3z5xnnGZb1CuM\nfleVspa0/407iwQZEu18ICl3gk6LqFhDyxBaPMnal9HjIizd9vJ+WfI94sQedrvO\nJab0a0XWcwKBgBUlfCKgCsaWiqN7HUSvLtldJZ8fMbJ5ZSlUCAuPacAifauls9P/\nF4mFSffExHiQi7mY00tmVjDELciOphyCFNIhtuSX0fPOBc+v0Dh74tcTTgUn98ry\nufXGg+XoD9Ygp6WE1RqbOqxbOtruwPGD3d9l7epmmbjl3x5k3sjRD3rhAoGANNpl\nEruBd/C/8CruXRLzLR+PBNBQdxU6UTA9OCJ5y0VfEUjxqnjyKKe4pZ8C/ah5NaUZ\n5VOoljxurWj7XjfxlWwemBBjx4odbWCd3jwKKwq+yq2cpkZ6kVuWhyqus8Q6e+Z4\nAVlCo4bY62pLbtdx0JgSbXXYNkGeDIQzC2raIzsCgYBG+Bqx6Ixu42csZvtaboSE\ndM0YVGcvpomeJlRtqI/XB9Aw7XKCI+mZa3KY3yenDrW3H/TFKCwqAwIjlwEmC31/\nodrgZE5UAaW8oAP6LAEFdPGl6htLlmoRQsoLGzgffeM6eF2B+714ZX9hHc6HiROi\nq3vBLwrOZr59XEdujngGkg==\n-----END PRIVATE KEY-----\n"},{"name":"VERCEL_URL","value":"mitalento-ia.web.app"},{"name":"__FIREBASE_FRAMEWORKS_ENTRY__","value":"next.js"},{"name":"__FIREBASE_DEFAULTS__","value":"{\"config\":{\"projectId\":\"mitalento-ia\",\"appId\":\"1:836679235433:web:c96b5cf37ca43b4a6beff8\",\"storageBucket\":\"mitalento-ia.firebasestorage.app\",\"apiKey\":\"AIzaSyC3tQNcQKcx2Yx_KcXlM78tteHuk7B0kAM\",\"authDomain\":\"mitalento-ia.firebaseapp.com\",\"messagingSenderId\":\"836679235433\",\"measurementId\":\"G-TVKZ25XF6P\",\"projectNumber\":\"836679235433\",\"version\":\"2\"},\"_authTokenSyncURL\":\"/__session\"}"},{"name":"FIREBASE_CONFIG","value":"{\"projectId\":\"mitalento-ia\",\"storageBucket\":\"mitalento-ia.firebasestorage.app\"}"},{"name":"GCLOUD_PROJECT","value":"mitalento-ia"},{"name":"EVENTARC_CLOUD_EVENT_SOURCE","value":"projects/mitalento-ia/locations/us-central1/services/ssrmitalentoia"},{"name":"FUNCTION_TARGET","value":"ssrmitalentoia"},{"name":"LOG_EXECUTION_ID","value":"true"}],"resources":{"limits":{"cpu":"1","memory":"256Mi"}},"ports":[{"name":"http1","containerPort":8080}],"startupProbe":{"timeoutSeconds":240,"periodSeconds":240,"failureThreshold":1,"tcpSocket":{"port":8080}}}],"runtimeClassName":"run.googleapis.com/linux-base-image-update"}},"traffic":[{"revisionName":"ssrmitalentoia-00001-bux","tag":"fh-5c468502f828a35e"},{"revisionName":"ssrmitalentoia-00004-dad","tag":"fh-60bfd6f386154f7b"},{"revisionName":"ssrmitalentoia-00006-giw","tag":"fh-6ee3ff26672c8bc2"},{"revisionName":"ssrmitalentoia-00008-zis","tag":"fh-621838c0f05d5c77"},{"revisionName":"ssrmitalentoia-00010-vex","tag":"fh-9dedc07e7b7a8508"},{"revisionName":"ssrmitalentoia-00012-rip","tag":"fh-e8f3700b9522a6db"},{"revisionName":"ssrmitalentoia-00014-zer","tag":"fh-927a3af78c02d295"},{"revisionName":"ssrmitalentoia-00016-haj","tag":"fh-24cb62799b84ad64"},{"revisionName":"ssrmitalentoia-00018-soh","tag":"fh-44d55e365f21099c"},{"revisionName":"ssrmitalentoia-00020-nuf","tag":"fh-8efa5f3a8d23620e"},{"revisionName":"ssrmitalentoia-00022-noj","tag":"fh-92301fc7de88a5c6"},{"revisionName":"ssrmitalentoia-00024-xos","tag":"fh-29bce5c6fee1a50a"},{"revisionName":"ssrmitalentoia-00026-quj","tag":"fh-3c008776a707dced"},{"revisionName":"ssrmitalentoia-00028-lov","tag":"fh-5bc35cf304cb68f0"},{"revisionName":"ssrmitalentoia-00030-mex","tag":"fh-a763da7db935c0d8"},{"revisionName":"ssrmitalentoia-00033-keq","tag":"fh-8591746bc6a79e64"},{"revisionName":"ssrmitalentoia-00035-guv","tag":"fh-4edfe18c85550692"},{"revisionName":"ssrmitalentoia-00037-ses","tag":"fh-8b526cbe9998aef3"},{"revisionName":"ssrmitalentoia-00039-yol","tag":"fh-c512e607bb0c5824"},{"revisionName":"ssrmitalentoia-00041-cey","tag":"fh-be9c015dc1af7a65"},{"revisionName":"ssrmitalentoia-00043-gex","tag":"fh-7898f9fc308b0c5c"},{"revisionName":"ssrmitalentoia-00045-pig","tag":"fh-9650a67677180eb5"},{"revisionName":"ssrmitalentoia-00047-qog","tag":"fh-486ccf2b19e0dad5"},{"revisionName":"ssrmitalentoia-00049-saf","tag":"fh-01b2f99a9200522d"},{"revisionName":"ssrmitalentoia-00051-jiq","tag":"fh-7ada29a045d712d6"},{"revisionName":"ssrmitalentoia-00053-yag","tag":"fh-856c33ba9dc8ecc6"},{"revisionName":"ssrmitalentoia-00055-fuv","tag":"fh-f739c2c209abdcbc"},{"revisionName":"ssrmitalentoia-00057-tox","tag":"fh-017881a299d8b432"},{"revisionName":"ssrmitalentoia-00059-zix","tag":"fh-bd9b78c416017cb3"},{"revisionName":"ssrmitalentoia-00061-jem","tag":"fh-3812ee0aaa99d3b2"},{"revisionName":"ssrmitalentoia-00063-yes","tag":"fh-48958a429d276302"},{"revisionName":"ssrmitalentoia-00066-xak","tag":"fh-2ee790bc786624e1"},{"revisionName":"ssrmitalentoia-00068-tod","tag":"fh-a3f91350fce49481"},{"revisionName":"ssrmitalentoia-00070-liy","tag":"fh-775de2ae462e69e8"},{"revisionName":"ssrmitalentoia-00072-ruw","tag":"fh-b3845c8639844011"},{"revisionName":"ssrmitalentoia-00074-kob","tag":"fh-919df9e160fe916f"},{"revisionName":"ssrmitalentoia-00076-faf","tag":"fh-cda36970ce7d2f57"},{"revisionName":"ssrmitalentoia-00078-riz","tag":"fh-2e6624ce790292b6"},{"revisionName":"ssrmitalentoia-00080-zet","tag":"fh-1843c14cd567f780"},{"revisionName":"ssrmitalentoia-00082-del","tag":"fh-380a8f3e737de2a5"},{"revisionName":"ssrmitalentoia-00084-yez","tag":"fh-858703da22aaf7b6"},{"revisionName":"ssrmitalentoia-00086-jug","tag":"fh-7fbbf8be9db02de9"},{"revisionName":"ssrmitalentoia-00088-pac","tag":"fh-b95a35609190327b"},{"revisionName":"ssrmitalentoia-00090-naz","tag":"fh-614cb37206c3bfb9"},{"revisionName":"ssrmitalentoia-00092-maw","tag":"fh-93e5ab963c671835"},{"revisionName":"ssrmitalentoia-00094-luf","tag":"fh-337c9273b00672d0"},{"revisionName":"ssrmitalentoia-00096-jum","tag":"fh-b2cb08867b5b076a"},{"revisionName":"ssrmitalentoia-00098-laz","tag":"fh-37c49cc5215a91a3"},{"revisionName":"ssrmitalentoia-00100-peg","tag":"fh-7e0a45a3b0ac3260"},{"revisionName":"ssrmitalentoia-00102-top","tag":"fh-7b13992ae4844291"},{"revisionName":"ssrmitalentoia-00104-mil","tag":"fh-660234533f6eb832"},{"revisionName":"ssrmitalentoia-00106-jok","tag":"fh-203981feffa2d3bf"},{"revisionName":"ssrmitalentoia-00108-rig","tag":"fh-5dbbb32580be9f64"},{"revisionName":"ssrmitalentoia-00110-rex","tag":"fh-0d1f2311e5923690"},{"revisionName":"ssrmitalentoia-00112-fij","tag":"fh-8815f1b3ef0e55a2"},{"revisionName":"ssrmitalentoia-00114-yar","tag":"fh-29b24162b4fe2532"},{"revisionName":"ssrmitalentoia-00116-mub","tag":"fh-deea984e8c8c4945"},{"revisionName":"ssrmitalentoia-00118-geq","tag":"fh-69c91010846af0f4"},{"revisionName":"ssrmitalentoia-00121-lis","tag":"fh-546460af269d1187"},{"revisionName":"ssrmitalentoia-00123-nuk","tag":"fh-a4fccd9dd3f4cff9"},{"revisionName":"ssrmitalentoia-00125-yah","tag":"fh-18337a5014e0c6a5"},{"percent":100,"latestRevision":true},{"revisionName":"ssrmitalentoia-00127-sim","tag":"fh-1ea379f9d622feb4"}]},"status":{"observedGeneration":128,"conditions":[{"type":"Ready","status":"True","lastTransitionTime":"2026-03-13T23:06:28.240590Z"},{"type":"BaseImageValidated","status":"True","severity":"Info"},{"type":"ConfigurationsReady","status":"True","lastTransitionTime":"2026-03-13T23:05:51.826732Z"},{"type":"RoutesReady","status":"True","lastTransitionTime":"2026-03-13T23:06:28.203317Z"}],"latestReadyRevisionName":"ssrmitalentoia-00127-sim","latestCreatedRevisionName":"ssrmitalentoia-00127-sim","traffic":[{"revisionName":"ssrmitalentoia-00001-bux","tag":"fh-5c468502f828a35e","url":"https://fh-5c468502f828a35e---ssrmitalentoia-awexrf4v2q-uc.a.run.app"},{"revisionName":"ssrmitalentoia-00004-dad","tag":"fh-60bfd6f386154f7b","url":"https://fh-60bfd6f386154f7b---ssrmitalentoia-awexrf4v2q-uc.a.run.app"},{"revisionName":"ssrmitalentoia-00006-giw","tag":"fh-6ee3ff26672c8bc2","url":"https://fh-6ee3ff26672c8bc2---ssrmitalentoia-awexrf4v2q-uc.a.run.app"},{"revisionName":"ssrmitalentoia-00008-zis","tag":"fh-621838c0f05d5c77","url":"https://fh-621838c0f05d5c77---ssrmitalentoia-awexrf4v2q-uc.a.run.app"},{"revisionName":"ssrmitalentoia-00010-vex","tag":"fh-9dedc07e7b7a8508","url":"https://fh-9dedc07e7b7a8508---ssrmitalentoia-awexrf4v2q-uc.a.run.app"},{"revisionName":"ssrmitalentoia-00012-rip","tag":"fh-e8f3700b9522a6db","url":"https://fh-e8f3700b9522a6db---ssrmitalentoia-awexrf4v2q-uc.a.run.app"},{"revisionName":"ssrmitalentoia-00014-zer","tag":"fh-927a3af78c02d295","url":"https://fh-927a3af78c02d295---ssrmitalentoia-awexrf4v2q-uc.a.run.app"},{"revisionName":"ssrmitalentoia-00016-haj","tag":"fh-24cb62799b84ad64","url":"https://fh-24cb62799b84ad64---ssrmitalentoia-awexrf4v2q-uc.a.run.app"},{"revisionName":"ssrmitalentoia-00018-soh","tag":"fh-44d55e365f21099c","url":"https://fh-44d55e365f21099c---ssrmitalentoia-awexrf4v2q-uc.a.run.app"},{"revisionName":"ssrmitalentoia-00020-nuf","tag":"fh-8efa5f3a8d23620e","url":"https://fh-8efa5f3a8d23620e---ssrmitalentoia-awexrf4v2q-uc.a.run.app"},{"revisionName":"ssrmitalentoia-00022-noj","tag":"fh-92301fc7de88a5c6","url":"https://fh-92301fc7de88a5c6---ssrmitalentoia-awexrf4v2q-uc.a.run.app"},{"revisionName":"ssrmitalentoia-00024-xos","tag":"fh-29bce5c6fee1a50a","url":"https://fh-29bce5c6fee1a50a---ssrmitalentoia-awexrf4v2q-uc.a.run.app"},{"revisionName":"ssrmitalentoia-00026-quj","tag":"fh-3c008776a707dced","url":"https://fh-3c008776a707dced---ssrmitalentoia-awexrf4v2q-uc.a.run.app"},{"revisionName":"ssrmitalentoia-00028-lov","tag":"fh-5bc35cf304cb68f0","url":"https://fh-5bc35cf304cb68f0---ssrmitalentoia-awexrf4v2q-uc.a.run.app"},{"revisionName":"ssrmitalentoia-00030-mex","tag":"fh-a763da7db935c0d8","url":"https://fh-a763da7db935c0d8---ssrmitalentoia-awexrf4v2q-uc.a.run.app"},{"revisionName":"ssrmitalentoia-00033-keq","tag":"fh-8591746bc6a79e64","url":"https://fh-8591746bc6a79e64---ssrmitalentoia-awexrf4v2q-uc.a.run.app"},{"revisionName":"ssrmitalentoia-00035-guv","tag":"fh-4edfe18c85550692","url":"https://fh-4edfe18c85550692---ssrmitalentoia-awexrf4v2q-uc.a.run.app"},{"revisionName":"ssrmitalentoia-00037-ses","tag":"fh-8b526cbe9998aef3","url":"https://fh-8b526cbe9998aef3---ssrmitalentoia-awexrf4v2q-uc.a.run.app"},{"revisionName":"ssrmitalentoia-00039-yol","tag":"fh-c512e607bb0c5824","url":"https://fh-c512e607bb0c5824---ssrmitalentoia-awexrf4v2q-uc.a.run.app"},{"revisionName":"ssrmitalentoia-00041-cey","tag":"fh-be9c015dc1af7a65","url":"https://fh-be9c015dc1af7a65---ssrmitalentoia-awexrf4v2q-uc.a.run.app"},{"revisionName":"ssrmitalentoia-00043-gex","tag":"fh-7898f9fc308b0c5c","url":"https://fh-7898f9fc308b0c5c---ssrmitalentoia-awexrf4v2q-uc.a.run.app"},{"revisionName":"ssrmitalentoia-00045-pig","tag":"fh-9650a67677180eb5","url":"https://fh-9650a67677180eb5---ssrmitalentoia-awexrf4v2q-uc.a.run.app"},{"revisionName":"ssrmitalentoia-00047-qog","tag":"fh-486ccf2b19e0dad5","url":"https://fh-486ccf2b19e0dad5---ssrmitalentoia-awexrf4v2q-uc.a.run.app"},{"revisionName":"ssrmitalentoia-00049-saf","tag":"fh-01b2f99a9200522d","url":"https://fh-01b2f99a9200522d---ssrmitalentoia-awexrf4v2q-uc.a.run.app"},{"revisionName":"ssrmitalentoia-00051-jiq","tag":"fh-7ada29a045d712d6","url":"https://fh-7ada29a045d712d6---ssrmitalentoia-awexrf4v2q-uc.a.run.app"},{"revisionName":"ssrmitalentoia-00053-yag","tag":"fh-856c33ba9dc8ecc6","url":"https://fh-856c33ba9dc8ecc6---ssrmitalentoia-awexrf4v2q-uc.a.run.app"},{"revisionName":"ssrmitalentoia-00055-fuv","tag":"fh-f739c2c209abdcbc","url":"https://fh-f739c2c209abdcbc---ssrmitalentoia-awexrf4v2q-uc.a.run.app"},{"revisionName":"ssrmitalentoia-00057-tox","tag":"fh-017881a299d8b432","url":"https://fh-017881a299d8b432---ssrmitalentoia-awexrf4v2q-uc.a.run.app"},{"revisionName":"ssrmitalentoia-00059-zix","tag":"fh-bd9b78c416017cb3","url":"https://fh-bd9b78c416017cb3---ssrmitalentoia-awexrf4v2q-uc.a.run.app"},{"revisionName":"ssrmitalentoia-00061-jem","tag":"fh-3812ee0aaa99d3b2","url":"https://fh-3812ee0aaa99d3b2---ssrmitalentoia-awexrf4v2q-uc.a.run.app"},{"revisionName":"ssrmitalentoia-00063-yes","tag":"fh-48958a429d276302","url":"https://fh-48958a429d276302---ssrmitalentoia-awexrf4v2q-uc.a.run.app"},{"revisionName":"ssrmitalentoia-00066-xak","tag":"fh-2ee790bc786624e1","url":"https://fh-2ee790bc786624e1---ssrmitalentoia-awexrf4v2q-uc.a.run.app"},{"revisionName":"ssrmitalentoia-00068-tod","tag":"fh-a3f91350fce49481","url":"https://fh-a3f91350fce49481---ssrmitalentoia-awexrf4v2q-uc.a.run.app"},{"revisionName":"ssrmitalentoia-00070-liy","tag":"fh-775de2ae462e69e8","url":"https://fh-775de2ae462e69e8---ssrmitalentoia-awexrf4v2q-uc.a.run.app"},{"revisionName":"ssrmitalentoia-00072-ruw","tag":"fh-b3845c8639844011","url":"https://fh-b3845c8639844011---ssrmitalentoia-awexrf4v2q-uc.a.run.app"},{"revisionName":"ssrmitalentoia-00074-kob","tag":"fh-919df9e160fe916f","url":"https://fh-919df9e160fe916f---ssrmitalentoia-awexrf4v2q-uc.a.run.app"},{"revisionName":"ssrmitalentoia-00076-faf","tag":"fh-cda36970ce7d2f57","url":"https://fh-cda36970ce7d2f57---ssrmitalentoia-awexrf4v2q-uc.a.run.app"},{"revisionName":"ssrmitalentoia-00078-riz","tag":"fh-2e6624ce790292b6","url":"https://fh-2e6624ce790292b6---ssrmitalentoia-awexrf4v2q-uc.a.run.app"},{"revisionName":"ssrmitalentoia-00080-zet","tag":"fh-1843c14cd567f780","url":"https://fh-1843c14cd567f780---ssrmitalentoia-awexrf4v2q-uc.a.run.app"},{"revisionName":"ssrmitalentoia-00082-del","tag":"fh-380a8f3e737de2a5","url":"https://fh-380a8f3e737de2a5---ssrmitalentoia-awexrf4v2q-uc.a.run.app"},{"revisionName":"ssrmitalentoia-00084-yez","tag":"fh-858703da22aaf7b6","url":"https://fh-858703da22aaf7b6---ssrmitalentoia-awexrf4v2q-uc.a.run.app"},{"revisionName":"ssrmitalentoia-00086-jug","tag":"fh-7fbbf8be9db02de9","url":"https://fh-7fbbf8be9db02de9---ssrmitalentoia-awexrf4v2q-uc.a.run.app"},{"revisionName":"ssrmitalentoia-00088-pac","tag":"fh-b95a35609190327b","url":"https://fh-b95a35609190327b---ssrmitalentoia-awexrf4v2q-uc.a.run.app"},{"revisionName":"ssrmitalentoia-00090-naz","tag":"fh-614cb37206c3bfb9","url":"https://fh-614cb37206c3bfb9---ssrmitalentoia-awexrf4v2q-uc.a.run.app"},{"revisionName":"ssrmitalentoia-00092-maw","tag":"fh-93e5ab963c671835","url":"https://fh-93e5ab963c671835---ssrmitalentoia-awexrf4v2q-uc.a.run.app"},{"revisionName":"ssrmitalentoia-00094-luf","tag":"fh-337c9273b00672d0","url":"https://fh-337c9273b00672d0---ssrmitalentoia-awexrf4v2q-uc.a.run.app"},{"revisionName":"ssrmitalentoia-00096-jum","tag":"fh-b2cb08867b5b076a","url":"https://fh-b2cb08867b5b076a---ssrmitalentoia-awexrf4v2q-uc.a.run.app"},{"revisionName":"ssrmitalentoia-00098-laz","tag":"fh-37c49cc5215a91a3","url":"https://fh-37c49cc5215a91a3---ssrmitalentoia-awexrf4v2q-uc.a.run.app"},{"revisionName":"ssrmitalentoia-00100-peg","tag":"fh-7e0a45a3b0ac3260","url":"https://fh-7e0a45a3b0ac3260---ssrmitalentoia-awexrf4v2q-uc.a.run.app"},{"revisionName":"ssrmitalentoia-00102-top","tag":"fh-7b13992ae4844291","url":"https://fh-7b13992ae4844291---ssrmitalentoia-awexrf4v2q-uc.a.run.app"},{"revisionName":"ssrmitalentoia-00104-mil","tag":"fh-660234533f6eb832","url":"https://fh-660234533f6eb832---ssrmitalentoia-awexrf4v2q-uc.a.run.app"},{"revisionName":"ssrmitalentoia-00106-jok","tag":"fh-203981feffa2d3bf","url":"https://fh-203981feffa2d3bf---ssrmitalentoia-awexrf4v2q-uc.a.run.app"},{"revisionName":"ssrmitalentoia-00108-rig","tag":"fh-5dbbb32580be9f64","url":"https://fh-5dbbb32580be9f64---ssrmitalentoia-awexrf4v2q-uc.a.run.app"},{"revisionName":"ssrmitalentoia-00110-rex","tag":"fh-0d1f2311e5923690","url":"https://fh-0d1f2311e5923690---ssrmitalentoia-awexrf4v2q-uc.a.run.app"},{"revisionName":"ssrmitalentoia-00112-fij","tag":"fh-8815f1b3ef0e55a2","url":"https://fh-8815f1b3ef0e55a2---ssrmitalentoia-awexrf4v2q-uc.a.run.app"},{"revisionName":"ssrmitalentoia-00114-yar","tag":"fh-29b24162b4fe2532","url":"https://fh-29b24162b4fe2532---ssrmitalentoia-awexrf4v2q-uc.a.run.app"},{"revisionName":"ssrmitalentoia-00116-mub","tag":"fh-deea984e8c8c4945","url":"https://fh-deea984e8c8c4945---ssrmitalentoia-awexrf4v2q-uc.a.run.app"},{"revisionName":"ssrmitalentoia-00118-geq","tag":"fh-69c91010846af0f4","url":"https://fh-69c91010846af0f4---ssrmitalentoia-awexrf4v2q-uc.a.run.app"},{"revisionName":"ssrmitalentoia-00121-lis","tag":"fh-546460af269d1187","url":"https://fh-546460af269d1187---ssrmitalentoia-awexrf4v2q-uc.a.run.app"},{"revisionName":"ssrmitalentoia-00123-nuk","tag":"fh-a4fccd9dd3f4cff9","url":"https://fh-a4fccd9dd3f4cff9---ssrmitalentoia-awexrf4v2q-uc.a.run.app"},{"revisionName":"ssrmitalentoia-00125-yah","tag":"fh-18337a5014e0c6a5","url":"https://fh-18337a5014e0c6a5---ssrmitalentoia-awexrf4v2q-uc.a.run.app"},{"revisionName":"ssrmitalentoia-00127-sim","percent":100,"tag":"fh-1ea379f9d622feb4","latestRevision":true,"url":"https://fh-1ea379f9d622feb4---ssrmitalentoia-awexrf4v2q-uc.a.run.app"}],"url":"https://ssrmitalentoia-awexrf4v2q-uc.a.run.app","address":{"url":"https://ssrmitalentoia-awexrf4v2q-uc.a.run.app"}}}
[2026-03-13T23:06:28.650Z] Checked if tokens are valid: true, expires at: 1773446187973
[2026-03-13T23:06:28.650Z] Checked if tokens are valid: true, expires at: 1773446187973
[2026-03-13T23:06:28.651Z] >>> [apiv2][query] PATCH https://firebasehosting.googleapis.com/v1beta1/projects/-/sites/mitalento-ia/versions/1ea379f9d622feb4 updateMask=status%2Cconfig
[2026-03-13T23:06:28.651Z] >>> [apiv2][body] PATCH https://firebasehosting.googleapis.com/v1beta1/projects/-/sites/mitalento-ia/versions/1ea379f9d622feb4 {"status":"FINALIZED","config":{"rewrites":[{"glob":"/**","run":{"serviceId":"ssrmitalentoia","region":"us-central1","tag":"fh-1ea379f9d622feb4"}}],"redirects":[],"headers":[{"glob":"/sw.js","headers":{"Cache-Control":"public, max-age=0, must-revalidate","Service-Worker-Allowed":"/"}},{"glob":"/(.*)","headers":{"X-Content-Type-Options":"nosniff","X-Frame-Options":"DENY","Referrer-Policy":"strict-origin-when-cross-origin","Permissions-Policy":"camera=(), microphone=(), geolocation=()","Content-Security-Policy":"default-src 'self'; script-src 'self' 'unsafe-inline' 'unsafe-eval'; style-src 'self' 'unsafe-inline'; img-src 'self' https: data: blob:; font-src 'self' data:; connect-src 'self' https://*.googleapis.com https://*.google.com https://*.firebaseio.com wss://*.firebaseio.com https://*.firebasestorage.app https://*.firebaseapp.com; media-src 'self' https: blob:; frame-src https://mitalento-ia.firebaseapp.com; frame-ancestors 'none'; object-src 'none'; base-uri 'self'"}},{"glob":"/certificacion","headers":{"x-nextjs-stale-time":"300","x-nextjs-prerender":"1","x-next-cache-tags":"_N_T_/layout,_N_T_/certificacion/layout,_N_T_/certificacion/page,_N_T_/certificacion"}},{"glob":"/_not-found","headers":{"x-nextjs-stale-time":"300","x-nextjs-prerender":"1","x-next-cache-tags":"_N_T_/layout,_N_T_/_not-found/layout,_N_T_/_not-found/page,_N_T_/_not-found"}},{"glob":"/compromiso","headers":{"x-nextjs-stale-time":"300","x-nextjs-prerender":"1","x-next-cache-tags":"_N_T_/layout,_N_T_/compromiso/layout,_N_T_/compromiso/page,_N_T_/compromiso"}},{"glob":"/favicon.ico","headers":{"cache-control":"public, max-age=0, must-revalidate","content-type":"image/x-icon","x-next-cache-tags":"_N_T_/layout,_N_T_/favicon.ico/layout,_N_T_/favicon.ico/route,_N_T_/favicon.ico"}},{"glob":"/progress","headers":{"x-nextjs-stale-time":"300","x-nextjs-prerender":"1","x-next-cache-tags":"_N_T_/layout,_N_T_/progress/layout,_N_T_/progress/page,_N_T_/progress"}},{"glob":"/certificate","headers":{"x-nextjs-stale-time":"300","x-nextjs-prerender":"1","x-next-cache-tags":"_N_T_/layout,_N_T_/certificate/layout,_N_T_/certificate/page,_N_T_/certificate"}},{"glob":"/leaderboard","headers":{"x-nextjs-stale-time":"300","x-nextjs-prerender":"1","x-next-cache-tags":"_N_T_/layout,_N_T_/leaderboard/layout,_N_T_/leaderboard/page,_N_T_/leaderboard"}},{"glob":"/modules","headers":{"x-nextjs-stale-time":"300","x-nextjs-prerender":"1","x-next-cache-tags":"_N_T_/layout,_N_T_/modules/layout,_N_T_/modules/page,_N_T_/modules"}},{"glob":"/sofia","headers":{"x-nextjs-stale-time":"300","x-nextjs-prerender":"1","x-next-cache-tags":"_N_T_/layout,_N_T_/sofia/layout,_N_T_/sofia/page,_N_T_/sofia"}},{"glob":"/_global-error","headers":{"x-nextjs-stale-time":"300","x-nextjs-prerender":"1","x-next-cache-tags":"_N_T_/layout,_N_T_/_global-error/layout,_N_T_/_global-error/page,_N_T_/_global-error"}},{"glob":"/profile","headers":{"x-nextjs-stale-time":"300","x-nextjs-prerender":"1","x-next-cache-tags":"_N_T_/layout,_N_T_/profile/layout,_N_T_/profile/page,_N_T_/profile"}},{"glob":"/**/*.[jt]s","headers":{"Set-Cookie":"__FIREBASE_DEFAULTS__=eyJjb25maWciOnsicHJvamVjdElkIjoibWl0YWxlbnRvLWlhIiwiYXBwSWQiOiIxOjgzNjY3OTIzNTQzMzp3ZWI6Yzk2YjVjZjM3Y2E0M2I0YTZiZWZmOCIsInN0b3JhZ2VCdWNrZXQiOiJtaXRhbGVudG8taWEuZmlyZWJhc2VzdG9yYWdlLmFwcCIsImFwaUtleSI6IkFJemFTeUMzdFFOY1FLY3gyWXhfS2NYbE03OHR0ZUh1azdCMGtBTSIsImF1dGhEb21haW4iOiJtaXRhbGVudG8taWEuZmlyZWJhc2VhcHAuY29tIiwibWVzc2FnaW5nU2VuZGVySWQiOiI4MzY2NzkyMzU0MzMiLCJtZWFzdXJlbWVudElkIjoiRy1UVktaMjVYRjZQIiwicHJvamVjdE51bWJlciI6IjgzNjY3OTIzNTQzMyIsInZlcnNpb24iOiIyIn0sIl9hdXRoVG9rZW5TeW5jVVJMIjoiL19fc2Vzc2lvbiJ9; SameSite=Strict; Expires=2028-02-06T09:37:46.907Z; Path=/;"}}],"cleanUrls":true,"trailingSlashBehavior":"REMOVE"}}
[2026-03-13T23:06:30.452Z] <<< [apiv2][status] PATCH https://firebasehosting.googleapis.com/v1beta1/projects/-/sites/mitalento-ia/versions/1ea379f9d622feb4 200
[2026-03-13T23:06:30.453Z] <<< [apiv2][body] PATCH https://firebasehosting.googleapis.com/v1beta1/projects/-/sites/mitalento-ia/versions/1ea379f9d622feb4 {"name":"projects/836679235433/sites/mitalento-ia/versions/1ea379f9d622feb4","status":"FINALIZED","config":{"headers":[{"headers":{"Cache-Control":"public, max-age=0, must-revalidate","Service-Worker-Allowed":"/"},"glob":"/sw.js"},{"headers":{"X-Content-Type-Options":"nosniff","X-Frame-Options":"DENY","Referrer-Policy":"strict-origin-when-cross-origin","Permissions-Policy":"camera=(), microphone=(), geolocation=()","Content-Security-Policy":"default-src 'self'; script-src 'self' 'unsafe-inline' 'unsafe-eval'; style-src 'self' 'unsafe-inline'; img-src 'self' https: data: blob:; font-src 'self' data:; connect-src 'self' https://*.googleapis.com https://*.google.com https://*.firebaseio.com wss://*.firebaseio.com https://*.firebasestorage.app https://*.firebaseapp.com; media-src 'self' https: blob:; frame-src https://mitalento-ia.firebaseapp.com; frame-ancestors 'none'; object-src 'none'; base-uri 'self'"},"glob":"/(.*)"},{"headers":{"x-nextjs-stale-time":"300","x-nextjs-prerender":"1","x-next-cache-tags":"_N_T_/layout,_N_T_/certificacion/layout,_N_T_/certificacion/page,_N_T_/certificacion"},"glob":"/certificacion"},{"headers":{"x-next-cache-tags":"_N_T_/layout,_N_T_/_not-found/layout,_N_T_/_not-found/page,_N_T_/_not-found","x-nextjs-stale-time":"300","x-nextjs-prerender":"1"},"glob":"/_not-found"},{"headers":{"x-nextjs-prerender":"1","x-next-cache-tags":"_N_T_/layout,_N_T_/compromiso/layout,_N_T_/compromiso/page,_N_T_/compromiso","x-nextjs-stale-time":"300"},"glob":"/compromiso"},{"headers":{"cache-control":"public, max-age=0, must-revalidate","content-type":"image/x-icon","x-next-cache-tags":"_N_T_/layout,_N_T_/favicon.ico/layout,_N_T_/favicon.ico/route,_N_T_/favicon.ico"},"glob":"/favicon.ico"},{"headers":{"x-nextjs-stale-time":"300","x-nextjs-prerender":"1","x-next-cache-tags":"_N_T_/layout,_N_T_/progress/layout,_N_T_/progress/page,_N_T_/progress"},"glob":"/progress"},{"headers":{"x-nextjs-stale-time":"300","x-nextjs-prerender":"1","x-next-cache-tags":"_N_T_/layout,_N_T_/certificate/layout,_N_T_/certificate/page,_N_T_/certificate"},"glob":"/certificate"},{"headers":{"x-nextjs-prerender":"1","x-next-cache-tags":"_N_T_/layout,_N_T_/leaderboard/layout,_N_T_/leaderboard/page,_N_T_/leaderboard","x-nextjs-stale-time":"300"},"glob":"/leaderboard"},{"headers":{"x-next-cache-tags":"_N_T_/layout,_N_T_/modules/layout,_N_T_/modules/page,_N_T_/modules","x-nextjs-stale-time":"300","x-nextjs-prerender":"1"},"glob":"/modules"},{"headers":{"x-nextjs-stale-time":"300","x-nextjs-prerender":"1","x-next-cache-tags":"_N_T_/layout,_N_T_/sofia/layout,_N_T_/sofia/page,_N_T_/sofia"},"glob":"/sofia"},{"headers":{"x-next-cache-tags":"_N_T_/layout,_N_T_/_global-error/layout,_N_T_/_global-error/page,_N_T_/_global-error","x-nextjs-stale-time":"300","x-nextjs-prerender":"1"},"glob":"/_global-error"},{"headers":{"x-nextjs-stale-time":"300","x-nextjs-prerender":"1","x-next-cache-tags":"_N_T_/layout,_N_T_/profile/layout,_N_T_/profile/page,_N_T_/profile"},"glob":"/profile"},{"headers":{"Set-Cookie":"__FIREBASE_DEFAULTS__=eyJjb25maWciOnsicHJvamVjdElkIjoibWl0YWxlbnRvLWlhIiwiYXBwSWQiOiIxOjgzNjY3OTIzNTQzMzp3ZWI6Yzk2YjVjZjM3Y2E0M2I0YTZiZWZmOCIsInN0b3JhZ2VCdWNrZXQiOiJtaXRhbGVudG8taWEuZmlyZWJhc2VzdG9yYWdlLmFwcCIsImFwaUtleSI6IkFJemFTeUMzdFFOY1FLY3gyWXhfS2NYbE03OHR0ZUh1azdCMGtBTSIsImF1dGhEb21haW4iOiJtaXRhbGVudG8taWEuZmlyZWJhc2VhcHAuY29tIiwibWVzc2FnaW5nU2VuZGVySWQiOiI4MzY2NzkyMzU0MzMiLCJtZWFzdXJlbWVudElkIjoiRy1UVktaMjVYRjZQIiwicHJvamVjdE51bWJlciI6IjgzNjY3OTIzNTQzMyIsInZlcnNpb24iOiIyIn0sIl9hdXRoVG9rZW5TeW5jVVJMIjoiL19fc2Vzc2lvbiJ9; SameSite=Strict; Expires=2028-02-06T09:37:46.907Z; Path=/;"},"glob":"/**/*.[jt]s"}],"rewrites":[{"glob":"/**","run":{"serviceId":"ssrmitalentoia","region":"us-central1","tag":"fh-1ea379f9d622feb4"}}],"cleanUrls":true,"trailingSlashBehavior":"REMOVE"},"labels":{"deployment-tool":"cli-firebase","firebase-web-framework":"next_ssr"},"createTime":"2026-03-13T22:59:05.597802Z","createUser":{"email":"ccastro.fuxion@gmail.com"},"finalizeTime":"2026-03-13T23:06:30.505432Z","finalizeUser":{"email":"ccastro.fuxion@gmail.com"}}
[2026-03-13T23:06:30.453Z] [hosting] finalized version for mitalento-ia:[object Object]
+  hosting[mitalento-ia]: version finalized 
i  hosting[mitalento-ia]: releasing new version... 
[2026-03-13T23:06:30.453Z] Checked if tokens are valid: true, expires at: 1773446187973
[2026-03-13T23:06:30.453Z] Checked if tokens are valid: true, expires at: 1773446187973
[2026-03-13T23:06:30.453Z] >>> [apiv2][query] POST https://firebasehosting.googleapis.com/v1beta1/projects/-/sites/mitalento-ia/channels/live/releases versionName=projects%2F836679235433%2Fsites%2Fmitalento-ia%2Fversions%2F1ea379f9d622feb4
[2026-03-13T23:06:30.453Z] >>> [apiv2][body] POST https://firebasehosting.googleapis.com/v1beta1/projects/-/sites/mitalento-ia/channels/live/releases {}
[2026-03-13T23:06:31.583Z] <<< [apiv2][status] POST https://firebasehosting.googleapis.com/v1beta1/projects/-/sites/mitalento-ia/channels/live/releases 200
[2026-03-13T23:06:31.583Z] <<< [apiv2][body] POST https://firebasehosting.googleapis.com/v1beta1/projects/-/sites/mitalento-ia/channels/live/releases {"name":"projects/836679235433/sites/mitalento-ia/channels/live/releases/1773443190887000","version":{"name":"projects/836679235433/sites/mitalento-ia/versions/1ea379f9d622feb4","status":"FINALIZED","config":{"headers":[{"headers":{"Service-Worker-Allowed":"/","Cache-Control":"public, max-age=0, must-revalidate"},"glob":"/sw.js"},{"headers":{"X-Content-Type-Options":"nosniff","X-Frame-Options":"DENY","Referrer-Policy":"strict-origin-when-cross-origin","Permissions-Policy":"camera=(), microphone=(), geolocation=()","Content-Security-Policy":"default-src 'self'; script-src 'self' 'unsafe-inline' 'unsafe-eval'; style-src 'self' 'unsafe-inline'; img-src 'self' https: data: blob:; font-src 'self' data:; connect-src 'self' https://*.googleapis.com https://*.google.com https://*.firebaseio.com wss://*.firebaseio.com https://*.firebasestorage.app https://*.firebaseapp.com; media-src 'self' https: blob:; frame-src https://mitalento-ia.firebaseapp.com; frame-ancestors 'none'; object-src 'none'; base-uri 'self'"},"glob":"/(.*)"},{"headers":{"x-nextjs-stale-time":"300","x-nextjs-prerender":"1","x-next-cache-tags":"_N_T_/layout,_N_T_/certificacion/layout,_N_T_/certificacion/page,_N_T_/certificacion"},"glob":"/certificacion"},{"headers":{"x-nextjs-stale-time":"300","x-nextjs-prerender":"1","x-next-cache-tags":"_N_T_/layout,_N_T_/_not-found/layout,_N_T_/_not-found/page,_N_T_/_not-found"},"glob":"/_not-found"},{"headers":{"x-nextjs-prerender":"1","x-next-cache-tags":"_N_T_/layout,_N_T_/compromiso/layout,_N_T_/compromiso/page,_N_T_/compromiso","x-nextjs-stale-time":"300"},"glob":"/compromiso"},{"headers":{"cache-control":"public, max-age=0, must-revalidate","content-type":"image/x-icon","x-next-cache-tags":"_N_T_/layout,_N_T_/favicon.ico/layout,_N_T_/favicon.ico/route,_N_T_/favicon.ico"},"glob":"/favicon.ico"},{"headers":{"x-nextjs-prerender":"1","x-next-cache-tags":"_N_T_/layout,_N_T_/progress/layout,_N_T_/progress/page,_N_T_/progress","x-nextjs-stale-time":"300"},"glob":"/progress"},{"headers":{"x-nextjs-stale-time":"300","x-nextjs-prerender":"1","x-next-cache-tags":"_N_T_/layout,_N_T_/certificate/layout,_N_T_/certificate/page,_N_T_/certificate"},"glob":"/certificate"},{"headers":{"x-nextjs-prerender":"1","x-next-cache-tags":"_N_T_/layout,_N_T_/leaderboard/layout,_N_T_/leaderboard/page,_N_T_/leaderboard","x-nextjs-stale-time":"300"},"glob":"/leaderboard"},{"headers":{"x-nextjs-prerender":"1","x-next-cache-tags":"_N_T_/layout,_N_T_/modules/layout,_N_T_/modules/page,_N_T_/modules","x-nextjs-stale-time":"300"},"glob":"/modules"},{"headers":{"x-nextjs-prerender":"1","x-next-cache-tags":"_N_T_/layout,_N_T_/sofia/layout,_N_T_/sofia/page,_N_T_/sofia","x-nextjs-stale-time":"300"},"glob":"/sofia"},{"headers":{"x-nextjs-prerender":"1","x-next-cache-tags":"_N_T_/layout,_N_T_/_global-error/layout,_N_T_/_global-error/page,_N_T_/_global-error","x-nextjs-stale-time":"300"},"glob":"/_global-error"},{"headers":{"x-nextjs-stale-time":"300","x-nextjs-prerender":"1","x-next-cache-tags":"_N_T_/layout,_N_T_/profile/layout,_N_T_/profile/page,_N_T_/profile"},"glob":"/profile"},{"headers":{"Set-Cookie":"__FIREBASE_DEFAULTS__=eyJjb25maWciOnsicHJvamVjdElkIjoibWl0YWxlbnRvLWlhIiwiYXBwSWQiOiIxOjgzNjY3OTIzNTQzMzp3ZWI6Yzk2YjVjZjM3Y2E0M2I0YTZiZWZmOCIsInN0b3JhZ2VCdWNrZXQiOiJtaXRhbGVudG8taWEuZmlyZWJhc2VzdG9yYWdlLmFwcCIsImFwaUtleSI6IkFJemFTeUMzdFFOY1FLY3gyWXhfS2NYbE03OHR0ZUh1azdCMGtBTSIsImF1dGhEb21haW4iOiJtaXRhbGVudG8taWEuZmlyZWJhc2VhcHAuY29tIiwibWVzc2FnaW5nU2VuZGVySWQiOiI4MzY2NzkyMzU0MzMiLCJtZWFzdXJlbWVudElkIjoiRy1UVktaMjVYRjZQIiwicHJvamVjdE51bWJlciI6IjgzNjY3OTIzNTQzMyIsInZlcnNpb24iOiIyIn0sIl9hdXRoVG9rZW5TeW5jVVJMIjoiL19fc2Vzc2lvbiJ9; SameSite=Strict; Expires=2028-02-06T09:37:46.907Z; Path=/;"},"glob":"/**/*.[jt]s"}],"rewrites":[{"glob":"/**","run":{"serviceId":"ssrmitalentoia","region":"us-central1","tag":"fh-1ea379f9d622feb4"}}],"cleanUrls":true,"trailingSlashBehavior":"REMOVE"},"labels":{"deployment-tool":"cli-firebase","firebase-web-framework":"next_ssr"},"createTime":"2026-03-13T22:59:05.597802Z","createUser":{"email":"ccastro.fuxion@gmail.com","imageUrl":"https://lh3.googleusercontent.com/a/ACg8ocIBWBUi9PQiiJ5iPf9Wy8ZKTzb6iulijQ6T4Bq7hwOVf-TnZgDmcw"},"finalizeTime":"2026-03-13T23:06:30.505432Z","finalizeUser":{"email":"ccastro.fuxion@gmail.com","imageUrl":"https://lh3.googleusercontent.com/a/ACg8ocIBWBUi9PQiiJ5iPf9Wy8ZKTzb6iulijQ6T4Bq7hwOVf-TnZgDmcw"}},"type":"DEPLOY","releaseTime":"2026-03-13T23:06:30.887Z","releaseUser":{"email":"ccastro.fuxion@gmail.com","imageUrl":"https://lh3.googleusercontent.com/a/ACg8ocIBWBUi9PQiiJ5iPf9Wy8ZKTzb6iulijQ6T4Bq7hwOVf-TnZgDmcw"}}
[2026-03-13T23:06:31.584Z] [hosting] release: {"name":"projects/836679235433/sites/mitalento-ia/channels/live/releases/1773443190887000","version":{"name":"projects/836679235433/sites/mitalento-ia/versions/1ea379f9d622feb4","status":"FINALIZED","config":{"headers":[{"headers":{"Service-Worker-Allowed":"/","Cache-Control":"public, max-age=0, must-revalidate"},"glob":"/sw.js"},{"headers":{"X-Content-Type-Options":"nosniff","X-Frame-Options":"DENY","Referrer-Policy":"strict-origin-when-cross-origin","Permissions-Policy":"camera=(), microphone=(), geolocation=()","Content-Security-Policy":"default-src 'self'; script-src 'self' 'unsafe-inline' 'unsafe-eval'; style-src 'self' 'unsafe-inline'; img-src 'self' https: data: blob:; font-src 'self' data:; connect-src 'self' https://*.googleapis.com https://*.google.com https://*.firebaseio.com wss://*.firebaseio.com https://*.firebasestorage.app https://*.firebaseapp.com; media-src 'self' https: blob:; frame-src https://mitalento-ia.firebaseapp.com; frame-ancestors 'none'; object-src 'none'; base-uri 'self'"},"glob":"/(.*)"},{"headers":{"x-nextjs-stale-time":"300","x-nextjs-prerender":"1","x-next-cache-tags":"_N_T_/layout,_N_T_/certificacion/layout,_N_T_/certificacion/page,_N_T_/certificacion"},"glob":"/certificacion"},{"headers":{"x-nextjs-stale-time":"300","x-nextjs-prerender":"1","x-next-cache-tags":"_N_T_/layout,_N_T_/_not-found/layout,_N_T_/_not-found/page,_N_T_/_not-found"},"glob":"/_not-found"},{"headers":{"x-nextjs-prerender":"1","x-next-cache-tags":"_N_T_/layout,_N_T_/compromiso/layout,_N_T_/compromiso/page,_N_T_/compromiso","x-nextjs-stale-time":"300"},"glob":"/compromiso"},{"headers":{"cache-control":"public, max-age=0, must-revalidate","content-type":"image/x-icon","x-next-cache-tags":"_N_T_/layout,_N_T_/favicon.ico/layout,_N_T_/favicon.ico/route,_N_T_/favicon.ico"},"glob":"/favicon.ico"},{"headers":{"x-nextjs-prerender":"1","x-next-cache-tags":"_N_T_/layout,_N_T_/progress/layout,_N_T_/progress/page,_N_T_/progress","x-nextjs-stale-time":"300"},"glob":"/progress"},{"headers":{"x-nextjs-stale-time":"300","x-nextjs-prerender":"1","x-next-cache-tags":"_N_T_/layout,_N_T_/certificate/layout,_N_T_/certificate/page,_N_T_/certificate"},"glob":"/certificate"},{"headers":{"x-nextjs-prerender":"1","x-next-cache-tags":"_N_T_/layout,_N_T_/leaderboard/layout,_N_T_/leaderboard/page,_N_T_/leaderboard","x-nextjs-stale-time":"300"},"glob":"/leaderboard"},{"headers":{"x-nextjs-prerender":"1","x-next-cache-tags":"_N_T_/layout,_N_T_/modules/layout,_N_T_/modules/page,_N_T_/modules","x-nextjs-stale-time":"300"},"glob":"/modules"},{"headers":{"x-nextjs-prerender":"1","x-next-cache-tags":"_N_T_/layout,_N_T_/sofia/layout,_N_T_/sofia/page,_N_T_/sofia","x-nextjs-stale-time":"300"},"glob":"/sofia"},{"headers":{"x-nextjs-prerender":"1","x-next-cache-tags":"_N_T_/layout,_N_T_/_global-error/layout,_N_T_/_global-error/page,_N_T_/_global-error","x-nextjs-stale-time":"300"},"glob":"/_global-error"},{"headers":{"x-nextjs-stale-time":"300","x-nextjs-prerender":"1","x-next-cache-tags":"_N_T_/layout,_N_T_/profile/layout,_N_T_/profile/page,_N_T_/profile"},"glob":"/profile"},{"headers":{"Set-Cookie":"__FIREBASE_DEFAULTS__=eyJjb25maWciOnsicHJvamVjdElkIjoibWl0YWxlbnRvLWlhIiwiYXBwSWQiOiIxOjgzNjY3OTIzNTQzMzp3ZWI6Yzk2YjVjZjM3Y2E0M2I0YTZiZWZmOCIsInN0b3JhZ2VCdWNrZXQiOiJtaXRhbGVudG8taWEuZmlyZWJhc2VzdG9yYWdlLmFwcCIsImFwaUtleSI6IkFJemFTeUMzdFFOY1FLY3gyWXhfS2NYbE03OHR0ZUh1azdCMGtBTSIsImF1dGhEb21haW4iOiJtaXRhbGVudG8taWEuZmlyZWJhc2VhcHAuY29tIiwibWVzc2FnaW5nU2VuZGVySWQiOiI4MzY2NzkyMzU0MzMiLCJtZWFzdXJlbWVudElkIjoiRy1UVktaMjVYRjZQIiwicHJvamVjdE51bWJlciI6IjgzNjY3OTIzNTQzMyIsInZlcnNpb24iOiIyIn0sIl9hdXRoVG9rZW5TeW5jVVJMIjoiL19fc2Vzc2lvbiJ9; SameSite=Strict; Expires=2028-02-06T09:37:46.907Z; Path=/;"},"glob":"/**/*.[jt]s"}],"rewrites":[{"glob":"/**","run":{"serviceId":"ssrmitalentoia","region":"us-central1","tag":"fh-1ea379f9d622feb4"}}],"cleanUrls":true,"trailingSlashBehavior":"REMOVE"},"labels":{"deployment-tool":"cli-firebase","firebase-web-framework":"next_ssr"},"createTime":"2026-03-13T22:59:05.597802Z","createUser":{"email":"ccastro.fuxion@gmail.com","imageUrl":"https://lh3.googleusercontent.com/a/ACg8ocIBWBUi9PQiiJ5iPf9Wy8ZKTzb6iulijQ6T4Bq7hwOVf-TnZgDmcw"},"finalizeTime":"2026-03-13T23:06:30.505432Z","finalizeUser":{"email":"ccastro.fuxion@gmail.com","imageUrl":"https://lh3.googleusercontent.com/a/ACg8ocIBWBUi9PQiiJ5iPf9Wy8ZKTzb6iulijQ6T4Bq7hwOVf-TnZgDmcw"}},"type":"DEPLOY","releaseTime":"2026-03-13T23:06:30.887Z","releaseUser":{"email":"ccastro.fuxion@gmail.com","imageUrl":"https://lh3.googleusercontent.com/a/ACg8ocIBWBUi9PQiiJ5iPf9Wy8ZKTzb6iulijQ6T4Bq7hwOVf-TnZgDmcw"}}
+  hosting[mitalento-ia]: release complete 

+  Deploy complete! 

Project Console: https://console.firebase.google.com/project/mitalento-ia/overview
Hosting URL: https://mitalento-ia.web.app
